platform,url,title_raw,title_clean,cleaned_text,full_description,tokens,token_count,budget_extracted,budget_currency,budget_type,skills_clean,category_clean,posted_date
Freelancer.com,https://www.freelancer.com/projects/adobe-photoshop/branded-outdoor-image-overlays,Branded Outdoor Image Overlays,branded outdoor image overlays four high-resolution photos commercial buildings need one enhanced realistic overlays bra,branded outdoor image overlays four high-resolution photos commercial buildings need one enhanced realistic overlays branding feels physically installed site two elements must appear every frame logo featured product shot overlays respect existing perspective lighting shadows surface textures final visuals headline upcoming marketing campaign receive four original building images raw jpg vector logo files product renders brand colour references usage guidelines need back four fully composited images ready print digital cmyk srgb 300 dpi png jpg layered psd ai files non-destructive edits team tweak copy swap assets later perspective-matched mock-ups look indistinguishable real signage product placement acceptance criteria logo product appear sharp correctly lit perfectly aligned building surfaces visible edges warping mismatched colour casts file meets 300 dpi print standard delivered within agreed timeline preferred tools photoshop compositing masking smart objects illustrator vector touch-ups open long results flawless portfolio similar architectural branding integrations please share link bid adobe photoshop adobe photoshop adobe illustrator 3d rendering 3d visualization photoshop graphic design animation illustrator unknown,"I have four high-resolution photos of commercial buildings and need each one enhanced with realistic overlays so the branding feels as if it were physically installed on site. Two elements must appear in every frame: our logo and a featured product shot. The overlays have to respect the existing perspective, lighting, shadows, and surface textures, because the final visuals will headline our upcoming marketing campaign.

You will receive:
• The four original building images (RAW and JPG)
• Vector logo files and product renders
• Brand colour references and usage guidelines

What I need back:
• Four fully composited images ready for print and digital (CMYK & sRGB, 300 dpi, PNG/JPG)
• Layered PSD or AI files with non-destructive edits so my team can tweak copy or swap assets later
• Perspective-matched mock-ups that look indistinguishable from real signage or product placement

Acceptance criteria:
• Logo and product appear sharp, correctly lit, and perfectly aligned to building surfaces
• No visible edges, warping, or mismatched colour casts
• Each file meets 300 dpi print standard and is delivered within agreed timeline

Preferred tools are Photoshop (for compositing, masking, smart objects) and Illustrator (for any vector touch-ups), but I’m open as long as the results are flawless. If you have a portfolio of similar architectural branding integrations, please share a link when you bid.",branded | outdoor | image | overlays | four | high-resolution | photos | commercial | buildings | need | one | enhanced | realistic | overlays | branding | feels | physically | installed | site | two | elements | must | appear | every | frame | logo | featured | product | shot | overlays | respect | existing | perspective | lighting | shadows | surface | textures | final | visuals | headline | upcoming | marketing | campaign | receive | four | original | building | images | raw | jpg | vector | logo | files | product | renders | brand | colour | references | usage | guidelines | need | back | four | fully | composited | images | ready | print | digital | cmyk | srgb | 300 | dpi | png | jpg | layered | psd | ai | files | non-destructive | edits | team | tweak | copy | swap | assets | later | perspective-matched | mock-ups | look | indistinguishable | real | signage | product | placement | acceptance | criteria | logo | product | appear | sharp | correctly | lit | perfectly | aligned | building | surfaces | visible | edges | warping | mismatched | colour | casts | file | meets | 300 | dpi | print | standard | delivered | within | agreed | timeline | preferred | tools | photoshop | compositing | masking | smart | objects | illustrator | vector | touch-ups | open | long | results | flawless | portfolio | similar | architectural | branding | integrations | please | share | link | bid | adobe | photoshop | adobe | photoshop | adobe | illustrator | 3d | rendering | 3d | visualization | photoshop | graphic | design | animation | illustrator | unknown,162,15.0,GBP,fixed,adobe photoshop | adobe photoshop | adobe illustrator | 3d rendering | 3d visualization | photoshop | graphic design | animation | illustrator,unknown,Unknown
Freelancer.com,https://www.freelancer.com/projects/translation/liberia-based-litigation-researcher,Liberia-Based Litigation Researcher,liberia-based litigation researcher conduct research project following requirements must local liberia please find job d,liberia-based litigation researcher conduct research project following requirements must local liberia please find job descriptions requirements targeted party subject company individuals please find job descriptions requirements conduct research provided individual party litigation sources native language english conduct research provided individual party bankruptcy insolvency sources native language english conduct research provided individual party local national news medias social media native language english example worthy relevant news court legal actions either plaintiff defendant bankruptcy insolvency announcement court judgments significant news individual party well related family members skillsets experienced internet research related local law experienced pre-employment background checks legal check hr plus strong local english language proficiency delivery elements relevant document news reported native language must translated english social media handle targets weblink news together source link news date summary news information note milestone released following week monday job completion give us time organize report contact need additional clarification translation translation data collection data analysis english translation legal legal research research legal writing internet research litigation unknown,"CONDUCT A RESEARCH PROJECT WITH THE FOLLOWING REQUIREMENTS: 

YOU MUST BE A LOCAL OF LIBERIA PLEASE FIND THE JOB DESCRIPTIONS & REQUIREMENTS BELOW: 

Targeted party(s): 1 Subject Company, 6 Individuals 

PLEASE FIND THE JOB DESCRIPTIONS & REQUIREMENTS BELOW: 
- Conduct research the provided [individual(s) or Party(s)] in all litigation sources in both native language and English; 
- Conduct research the provided [individual(s) or Party(s)] in all bankruptcy and insolvency sources in both native language and English; 
- Conduct research the provided [individual(s) or Party(s)] in all local and national news medias and social media in both native language and English. 
- Example of worthy and relevant news: 
Court (legal) actions (either as plaintiff and/or defendant) 
Bankruptcy/Insolvency announcement/court judgments 
Significant news on the individual(s) or Party(s) as well as related family members (if any) 

SKILLSETS: 
Experienced in internet research, related to the local law; 
Experienced in Pre-employment background checks, legal check or HR is a plus 
Strong in both local and English language proficiency 

DELIVERY ELEMENTS: 
All relevant document and news, if reported in native language must be translated into English Social media handle of the targets 
Weblink of the news, together with Source link, News date, and Summary of the news/information 

Note: Milestone will be released the following week (Monday) after the job completion to give us time to organize the report and contact you if we need additional clarification.",liberia-based | litigation | researcher | conduct | research | project | following | requirements | must | local | liberia | please | find | job | descriptions | requirements | targeted | party | subject | company | individuals | please | find | job | descriptions | requirements | conduct | research | provided | individual | party | litigation | sources | native | language | english | conduct | research | provided | individual | party | bankruptcy | insolvency | sources | native | language | english | conduct | research | provided | individual | party | local | national | news | medias | social | media | native | language | english | example | worthy | relevant | news | court | legal | actions | either | plaintiff | defendant | bankruptcy | insolvency | announcement | court | judgments | significant | news | individual | party | well | related | family | members | skillsets | experienced | internet | research | related | local | law | experienced | pre-employment | background | checks | legal | check | hr | plus | strong | local | english | language | proficiency | delivery | elements | relevant | document | news | reported | native | language | must | translated | english | social | media | handle | targets | weblink | news | together | source | link | news | date | summary | news | information | note | milestone | released | following | week | monday | job | completion | give | us | time | organize | report | contact | need | additional | clarification | translation | translation | data | collection | data | analysis | english | translation | legal | legal | research | research | legal | writing | internet | research | litigation | unknown,164,17.5,USD,fixed,translation | translation | data collection | data analysis | english translation | legal | legal research | research | legal writing | internet research | litigation,unknown,Unknown
Freelancer.com,https://www.freelancer.com/projects/desktop-application/python-tkinter-crud-desktop-app,Python Tkinter CRUD Desktop App,python tkinter crud desktop app building small budget-conscious desktop application need python developer comfortable tk,python tkinter crud desktop app building small budget-conscious desktop application need python developer comfortable tkinter mysql job straightforward craft clean responsive interface lets users add view update delete records held mysql database ui feel intuitive simple forms clearly labeled buttons sensible feedback messages non-technical users move workflow without confusion hood code needs handle usual connection tasks open close commit rollback gracefully keep logic neatly separated presentation layer easy maintenance deliverables full well-commented python source code py files mysql schema script create required tables concise readme describing setup steps external libraries used working executable instructions packaging run app machine without hassle value clear communication realistic milestone suggestions on-time delivery meet needs within agreed timeline keep solution cost-effective let move forward desktop application desktop application database management software development agile development python software architecture mysql php unknown,"I’m building a small, budget-conscious desktop application and need a Python developer who is comfortable with Tkinter and MySQL. The job is straightforward: craft a clean, responsive interface that lets users add, view, update and delete records held in a MySQL database. 

The UI should feel intuitive—simple forms, clearly labeled buttons and sensible feedback messages—so that non-technical users can move through the workflow without confusion. Under the hood, your code needs to handle the usual connection tasks (open, close, commit, rollback) gracefully and keep the logic neatly separated from the presentation layer for easy maintenance.

Deliverables 
• Full, well-commented Python source code (.py files) 
• MySQL schema or script to create the required tables 
• A concise README describing setup steps and any external libraries used (if any) 
• Working executable or instructions for packaging so I can run the app on my machine without hassle 

I value clear communication, realistic milestone suggestions and on-time delivery. If you can meet these needs within an agreed timeline and keep the solution cost-effective, let’s move forward.",python | tkinter | crud | desktop | app | building | small | budget-conscious | desktop | application | need | python | developer | comfortable | tkinter | mysql | job | straightforward | craft | clean | responsive | interface | lets | users | add | view | update | delete | records | held | mysql | database | ui | feel | intuitive | simple | forms | clearly | labeled | buttons | sensible | feedback | messages | non-technical | users | move | workflow | without | confusion | hood | code | needs | handle | usual | connection | tasks | open | close | commit | rollback | gracefully | keep | logic | neatly | separated | presentation | layer | easy | maintenance | deliverables | full | well-commented | python | source | code | py | files | mysql | schema | script | create | required | tables | concise | readme | describing | setup | steps | external | libraries | used | working | executable | instructions | packaging | run | app | machine | without | hassle | value | clear | communication | realistic | milestone | suggestions | on-time | delivery | meet | needs | within | agreed | timeline | keep | solution | cost-effective | let | move | forward | desktop | application | desktop | application | database | management | software | development | agile | development | python | software | architecture | mysql | php | unknown,135,1050.0,INR,fixed,desktop application | desktop application | database management | software development | agile development | python | software architecture | mysql | php,unknown,Unknown
Freelancer.com,https://www.freelancer.com/projects/flutter/consumer-travel-platform-mvp-development,Consumer Travel Platform MVP Development,consumer travel platform mvp development travel app mvp development project brief company building consumer travel platf,consumer travel platform mvp development travel app mvp development project brief company building consumer travel platform helps people discover destinations make travel decisions faster build personalised travel plans get value limited time current stage pre-launch product specifications user flows completed mvp build commencing small founder-led team project scope initial mvp covers complete consumer travel experience built around discovery planning personalisation high level includes standard user authentication profile management core destination discovery planning flows maps integration basic notifications detailed feature specification full user flows shared shortlisted candidates nda preferred technology current preference flutter mobile firebase supabase modern backend architecture open recommendations experienced candidates looking experience building consumer mobile applications experience taking products idea launch startup experience preferred strong communication ownership ability work independently travel experience bonus requirement application requirements please include links mobile apps personally built exact role projects tech stack used estimated timeline estimated cost whether individual developer team important applications without app links description personal contributions considered looking template-based app builders generic agencies intellectual property ownership source code repositories designs documentation assets intellectual property created part project exclusive property company upon payment applicants comfortable working standard nda ip assignment agreement flutter flutter backend development app design app development iphone mobile app development website design php api development user experience research unknown,"Travel App – MVP Development Project Brief

About the Company
We are building a consumer travel platform that helps people discover destinations, make travel
decisions faster, build personalised travel plans and get more value from their limited time.

Current Stage
• Pre-launch
• Product specifications and user flows completed
• MVP build commencing
• Small founder-led team

Project Scope
The initial MVP covers a complete consumer travel experience built around discovery, planning,
and personalisation. At a high level it includes:
• Standard user authentication and profile management
• Core destination discovery and planning flows
• Maps integration
• Basic notifications
A detailed feature specification and full user flows will be shared with shortlisted candidates under
NDA.

Preferred Technology
Current preference:
• Flutter (mobile)
• Firebase or Supabase
• Modern backend architecture
Open to recommendations from experienced candidates.

Who We Are Looking For
• Experience building consumer mobile applications
• Experience taking products from idea to launch
• Startup experience preferred
• Strong communication and ownership
• Ability to work independently
• Travel experience is a bonus, not a requirement

Application Requirements
Please include:
• Links to 3 mobile apps you personally built
• Your exact role in those projects
• Tech stack used
• Estimated timeline
• Estimated cost
• Whether you are an individual developer or a team
Important
• Applications without app links and a description of personal contributions will not be considered.
• We are not looking for template-based app builders or generic agencies.

Intellectual Property & Ownership
All source code, repositories, designs, documentation, assets and intellectual property created as
part of this project will be the exclusive property of the Company upon payment.
Applicants should be comfortable working under a standard NDA and IP assignment agreement.",consumer | travel | platform | mvp | development | travel | app | mvp | development | project | brief | company | building | consumer | travel | platform | helps | people | discover | destinations | make | travel | decisions | faster | build | personalised | travel | plans | get | value | limited | time | current | stage | pre-launch | product | specifications | user | flows | completed | mvp | build | commencing | small | founder-led | team | project | scope | initial | mvp | covers | complete | consumer | travel | experience | built | around | discovery | planning | personalisation | high | level | includes | standard | user | authentication | profile | management | core | destination | discovery | planning | flows | maps | integration | basic | notifications | detailed | feature | specification | full | user | flows | shared | shortlisted | candidates | nda | preferred | technology | current | preference | flutter | mobile | firebase | supabase | modern | backend | architecture | open | recommendations | experienced | candidates | looking | experience | building | consumer | mobile | applications | experience | taking | products | idea | launch | startup | experience | preferred | strong | communication | ownership | ability | work | independently | travel | experience | bonus | requirement | application | requirements | please | include | links | mobile | apps | personally | built | exact | role | projects | tech | stack | used | estimated | timeline | estimated | cost | whether | individual | developer | team | important | applications | without | app | links | description | personal | contributions | considered | looking | template-based | app | builders | generic | agencies | intellectual | property | ownership | source | code | repositories | designs | documentation | assets | intellectual | property | created | part | project | exclusive | property | company | upon | payment | applicants | comfortable | working | standard | nda | ip | assignment | agreement | flutter | flutter | backend | development | app | design | app | development | iphone | mobile | app | development | website | design | php | api | development | user | experience | research | unknown,212,25000.0,INR,fixed,flutter | flutter | backend development | app design | app development | iphone | mobile app development | website design | php | api development | user experience research,unknown,Unknown
Freelancer.com,https://www.freelancer.com/projects/instagram-marketing/professional-instagram-image-design,Professional Instagram Image Design,professional instagram image design need professional sleek image announce new service instagram requirements target pla,professional instagram image design need professional sleek image announce new service instagram requirements target platform instagram style professional sleek message new service launch ideal skills graphic design expertise experience instagram content ability create engaging professional images service create flyer look ai generated logo tees hoodies trucker caps custom logo printing black white colour australia wide shipping custom designs available race team event business needs 4-6 week turnaround competitive pricing email dm info instagram marketing instagram marketing content creation adobe photoshop adobe illustrator graphic design logo design photoshop photoshop design social media management visual design unknown,"I need a professional and sleek image to announce our new service on Instagram. 

Requirements:
- Target Platform: Instagram
- Style: Professional and sleek
- Message: New service launch

Ideal Skills:
- Graphic design expertise
- Experience with Instagram content
- Ability to create engaging, professional images

Service
 Create a flyer that does not look AI generated. With my logo on it. 

Tees
Hoodies
Trucker caps 
 Custom Logo Printing black/white or colour 
Australia Wide Shipping
Custom Designs Available

For your race team, event, business needs. 

4-6 week turnaround 

Competitive pricing 
Email or DM for further info",professional | instagram | image | design | need | professional | sleek | image | announce | new | service | instagram | requirements | target | platform | instagram | style | professional | sleek | message | new | service | launch | ideal | skills | graphic | design | expertise | experience | instagram | content | ability | create | engaging | professional | images | service | create | flyer | look | ai | generated | logo | tees | hoodies | trucker | caps | custom | logo | printing | black | white | colour | australia | wide | shipping | custom | designs | available | race | team | event | business | needs | 4-6 | week | turnaround | competitive | pricing | email | dm | info | instagram | marketing | instagram | marketing | content | creation | adobe | photoshop | adobe | illustrator | graphic | design | logo | design | photoshop | photoshop | design | social | media | management | visual | design | unknown,95,20.0,USD,fixed,instagram marketing | instagram marketing | content creation | adobe photoshop | adobe illustrator | graphic design | logo design | photoshop | photoshop design | social media management | visual design,unknown,Unknown
Freelancer.com,https://www.freelancer.com/projects/infographic-and-powerpoint-slide-designing/infographic-content-marketing-flyer,Infographic Content Marketing Flyer,infographic content marketing flyer need visually appealing social media flyer promote content creation services specifi,infographic content marketing flyer need visually appealing social media flyer promote content creation services specifically infographics flyer effectively communicate value infographic services attract potential clients ideal skills experience graphic design expertise experience creating engaging infographics knowledge social media marketing ability convey information succinctly attractively create flyer look ai generated logo tees hoodies trucker caps custom logo printing black white colour australia wide shipping custom designs available race team event business needs 4-6 week turnaround competitive pricing infographic powerpoint slide designing infographic powerpoint slide designing social media marketing content marketing adobe creative cloud graphic design infographics flyer design photoshop adobe illustrator adobe photoshop unknown,"I need a visually appealing social media flyer to promote my content creation services, specifically infographics. The flyer should effectively communicate the value of my infographic services and attract potential clients. 

Ideal skills and experience:
- Graphic design expertise
- Experience creating engaging infographics
- Knowledge of social media marketing
- Ability to convey information succinctly and attractively
Create me a flyer that does not look AI generated. With my logo on it. 

Tees
 Hoodies
Trucker caps 
 Custom Logo Printing black/white or colour Australia Wide Shipping
Custom Designs Available

For your race team, event, business needs. 

4-6 week turnaround 

Competitive pricing",infographic | content | marketing | flyer | need | visually | appealing | social | media | flyer | promote | content | creation | services | specifically | infographics | flyer | effectively | communicate | value | infographic | services | attract | potential | clients | ideal | skills | experience | graphic | design | expertise | experience | creating | engaging | infographics | knowledge | social | media | marketing | ability | convey | information | succinctly | attractively | create | flyer | look | ai | generated | logo | tees | hoodies | trucker | caps | custom | logo | printing | black | white | colour | australia | wide | shipping | custom | designs | available | race | team | event | business | needs | 4-6 | week | turnaround | competitive | pricing | infographic | powerpoint | slide | designing | infographic | powerpoint | slide | designing | social | media | marketing | content | marketing | adobe | creative | cloud | graphic | design | infographics | flyer | design | photoshop | adobe | illustrator | adobe | photoshop | unknown,103,20.0,USD,fixed,infographic powerpoint slide designing | infographic powerpoint slide designing | social media marketing | content marketing | adobe creative cloud | graphic design | infographics | flyer design | photoshop | adobe illustrator | adobe photoshop,unknown,Unknown
Freelancer.com,https://www.freelancer.com/projects/api/hotel-ota-booking-inventory-setup,Hotel OTA Booking Inventory Setup,hotel ota booking inventory setup need streamlined booking system lets manage hotel-room inventory across major otas sin,hotel ota booking inventory setup need streamlined booking system lets manage hotel-room inventory across major otas single dashboard core job configure build booking engine looking full crm extensive maintenance module right priorities accurate real-time inventory management every room type offer seamless availability rate synchronisation channels like login view url expedia airbnb direct website clean back-office interface add block rooms apply promotions pull occupancy reports open whether customise existing cloud pms develop lightweight proprietary tool long reliably prevents double-booking easy front-desk staff learn experience api connections e.g ota channel managers ical xml rest please highlight feel free suggest integrations future-proof workflow deliverables review acceptance live booking engine staging url showing synced hotel-room inventory written steps adding new room pushing updates least two otas short video call-through demonstrating successful test reservation immediate reflection across channels handover document credentials api keys used recommended next-step improvements please let know tools platforms propose estimated timeline milestone api api web development cloud computing database management php mysql software architecture html unknown,"I need a streamlined booking system that lets me manage hotel-room inventory across the major OTAs from a single dashboard. The core of the job is to configure or build the booking engine itself; I am not looking for a full CRM or extensive maintenance module right now.

My priorities are:

• Accurate, real-time inventory management for every room type I offer 
• Seamless availability and rate synchronisation with channels like [login to view URL], Expedia, Airbnb and my direct website 
• A clean back-office interface where I can add or block rooms, apply promotions, and pull occupancy reports 

I am open to whether you customise an existing cloud PMS or develop a lightweight proprietary tool, as long as it reliably prevents double-booking and is easy for front-desk staff to learn. If you have experience with API connections (e.g., OTA channel managers, iCal, XML, REST) please highlight it, and feel free to suggest any integrations that will future-proof the workflow.

Deliverables I will review for acceptance:
1. Live booking engine (staging URL) showing synced hotel-room inventory
2. Written steps for adding a new room and pushing updates to at least two OTAs
3. Short video or call-through demonstrating a successful test reservation and its immediate reflection across channels
4. Handover document with credentials, API keys used, and recommended next-step improvements

Please let me know the tools or platforms you propose and an estimated timeline for each milestone.",hotel | ota | booking | inventory | setup | need | streamlined | booking | system | lets | manage | hotel-room | inventory | across | major | otas | single | dashboard | core | job | configure | build | booking | engine | looking | full | crm | extensive | maintenance | module | right | priorities | accurate | real-time | inventory | management | every | room | type | offer | seamless | availability | rate | synchronisation | channels | like | login | view | url | expedia | airbnb | direct | website | clean | back-office | interface | add | block | rooms | apply | promotions | pull | occupancy | reports | open | whether | customise | existing | cloud | pms | develop | lightweight | proprietary | tool | long | reliably | prevents | double-booking | easy | front-desk | staff | learn | experience | api | connections | e.g | ota | channel | managers | ical | xml | rest | please | highlight | feel | free | suggest | integrations | future-proof | workflow | deliverables | review | acceptance | live | booking | engine | staging | url | showing | synced | hotel-room | inventory | written | steps | adding | new | room | pushing | updates | least | two | otas | short | video | call-through | demonstrating | successful | test | reservation | immediate | reflection | across | channels | handover | document | credentials | api | keys | used | recommended | next-step | improvements | please | let | know | tools | platforms | propose | estimated | timeline | milestone | api | api | web | development | cloud | computing | database | management | php | mysql | software | architecture | html | unknown,165,1000.0,INR,fixed,api | api | web development | cloud computing | database management | php | mysql | software architecture | html,unknown,Unknown
Freelancer.com,https://www.freelancer.com/projects/physics-tutoring/cambridge-physics-mock-interview-mentor,Cambridge Engineering Undergraduate Mock Interview Mentor,cambridge engineering undergraduate mock interview mentor booking one-hour cambridge-style mock admissions interview hig,cambridge engineering undergraduate mock interview mentor booking one-hour cambridge-style mock admissions interview high-school applicant 16 june want led someone actually studied engineering cambridge focus technical knowledge physics mathematics scope 60-minute video call 16 june exact time confirm prepare deliver questions follow-ups hints test depth understanding logical reasoning session complete brief feedback template covering strengths weaknesses advice improvement ideal background cambridge engineering alumnus alumna current senior student interview experience able give constructive actionable feedback respond please confirm cambridge affiliation availability specified date physics tutoring physics tutoring engineering unknown,"I’m booking a one-hour, Cambridge-style mock admissions interview for a high-school applicant on 16 June and want it led by someone who has actually studied Engineering at Cambridge. The focus is technical knowledge in Physics and Mathematics

Scope 
• 60-minute video call on 16 June (exact time to confirm). 
• You prepare and deliver questions, follow-ups, and hints that test depth of understanding and logical reasoning. 
• After the session, complete my brief feedback template covering strengths, weaknesses, and advice for improvement.

Ideal background 
• Cambridge Engineering alumnus/alumna (or current senior student with interview experience). 
• Able to give constructive, actionable feedback.

When you respond, please confirm your Cambridge affiliation and availability on the specified date.",cambridge | engineering | undergraduate | mock | interview | mentor | booking | one-hour | cambridge-style | mock | admissions | interview | high-school | applicant | 16 | june | want | led | someone | actually | studied | engineering | cambridge | focus | technical | knowledge | physics | mathematics | scope | 60-minute | video | call | 16 | june | exact | time | confirm | prepare | deliver | questions | follow-ups | hints | test | depth | understanding | logical | reasoning | session | complete | brief | feedback | template | covering | strengths | weaknesses | advice | improvement | ideal | background | cambridge | engineering | alumnus | alumna | current | senior | student | interview | experience | able | give | constructive | actionable | feedback | respond | please | confirm | cambridge | affiliation | availability | specified | date | physics | tutoring | physics | tutoring | engineering | unknown,87,135.0,GBP,fixed,physics tutoring | physics tutoring | engineering,unknown,Unknown
Freelancer.com,https://www.freelancer.com/projects/creative-design/resume-design-using-existing-content,Resume design using existing content requirement,resume design using existing content requirement looking resume designer template reproduction designed resumes previous,resume design using existing content requirement looking resume designer template reproduction designed resumes previously experience interested hearing looking previous work already content created need someone design custom template looking use standard template designing executive resume please reply going use template must custom design creative design creative design adobe illustrator adobe indesign adobe photoshop graphic design brochure design resumes unknown,"Looking for resume designer not a template reproduction:

If you have designed resumes previously and have experience doing so I'm interested in hearing from you and looking at your previous work. I already have the content created just need someone to design a custom template. I 'am not looking to use a standard template as we are designing a executive resume.

PLEASE DO NOT REPLY IF YOU ARE GOING TO USE A TEMPLATE must be custom design.",resume | design | using | existing | content | requirement | looking | resume | designer | template | reproduction | designed | resumes | previously | experience | interested | hearing | looking | previous | work | already | content | created | need | someone | design | custom | template | looking | use | standard | template | designing | executive | resume | please | reply | going | use | template | must | custom | design | creative | design | creative | design | adobe | illustrator | adobe | indesign | adobe | photoshop | graphic | design | brochure | design | resumes | unknown,59,140.0,USD,fixed,creative design | creative design | adobe illustrator | adobe indesign | adobe photoshop | graphic design | brochure design | resumes,unknown,Unknown
Freelancer.com,https://www.freelancer.com/projects/tax-compliance/federal-missouri-church-tax-exemptions,Federal & Missouri Church Tax Exemptions,federal missouri church tax exemptions run brand-new online ministry need seasoned specialist shepherd us idea full tax-,federal missouri church tax exemptions run brand-new online ministry need seasoned specialist shepherd us idea full tax-exempt status federal level missouri paperwork ein prior filings everything must built ground need 501 recognition church religious institution missouri sales-tax property-tax exemptions plus confidence meet every missouri compliance requirement clear proactive communication milestone always understand process comes next deliverables complete submission-ready irs package form 1023 1023-ez narrative schedules cover letter confirmation ein properly drafted organizing documents filed approved missouri sales-tax exemption application filed approved missouri property-tax exemption application compliance checklist specific missouri churches highlighting ongoing filing reporting duties copies filings receipts determination letters delivered pdf format acceptance criteria irs determination letter granting 501 status state letters certificates confirming exemptions guidance documentation written plain english small team maintain compliance without confusion proven track record securing church exemptions keep updated straightforward language ready begin right away tax compliance tax compliance accounting business consulting tax preparation tax law compliance documentation project management unknown,"I run a brand-new online ministry and need a seasoned specialist to shepherd us from “idea” to full tax-exempt status at both the federal level and here in Missouri.

What I have now 
• No paperwork, no EIN, no prior filings—everything must be built from the ground up.

What I need 
• 501(c)(3) recognition for a Church or Religious Institution. 
• Missouri sales-tax and property-tax exemptions, plus confidence that we meet every Missouri compliance requirement. 
• Clear, proactive communication at each milestone so I always understand where we are in the process and what comes next.

Deliverables 
1. Complete, submission-ready IRS package (Form 1023 or 1023-EZ, narrative, schedules, cover letter). 
2. Confirmation of EIN and properly drafted organizing documents. 
3. Filed and approved Missouri sales-tax exemption application. 
4. Filed and approved Missouri property-tax exemption application. 
5. Compliance checklist specific to Missouri churches, highlighting any ongoing filing or reporting duties. 
6. Copies of all filings, receipts, and determination letters delivered in PDF format.

Acceptance criteria 
• IRS determination letter granting 501(c)(3) status. 
• State letters or certificates confirming both exemptions. 
• All guidance and documentation written in plain English so our small team can maintain compliance without confusion.

If you have a proven track record securing church exemptions and can keep me updated in straightforward language, I’m ready to begin right away.",federal | missouri | church | tax | exemptions | run | brand-new | online | ministry | need | seasoned | specialist | shepherd | us | idea | full | tax-exempt | status | federal | level | missouri | paperwork | ein | prior | filings | everything | must | built | ground | need | 501 | recognition | church | religious | institution | missouri | sales-tax | property-tax | exemptions | plus | confidence | meet | every | missouri | compliance | requirement | clear | proactive | communication | milestone | always | understand | process | comes | next | deliverables | complete | submission-ready | irs | package | form | 1023 | 1023-ez | narrative | schedules | cover | letter | confirmation | ein | properly | drafted | organizing | documents | filed | approved | missouri | sales-tax | exemption | application | filed | approved | missouri | property-tax | exemption | application | compliance | checklist | specific | missouri | churches | highlighting | ongoing | filing | reporting | duties | copies | filings | receipts | determination | letters | delivered | pdf | format | acceptance | criteria | irs | determination | letter | granting | 501 | status | state | letters | certificates | confirming | exemptions | guidance | documentation | written | plain | english | small | team | maintain | compliance | without | confusion | proven | track | record | securing | church | exemptions | keep | updated | straightforward | language | ready | begin | right | away | tax | compliance | tax | compliance | accounting | business | consulting | tax | preparation | tax | law | compliance | documentation | project | management | unknown,157,140.0,USD,fixed,tax compliance | tax compliance | accounting | business consulting | tax preparation | tax law | compliance | documentation | project management,unknown,Unknown
Freelancer.com,https://www.freelancer.com/projects/video-services/smooth-set-video-edit,Smooth DJ Set Multi-Cam Video Edit,smooth dj set multi-cam video edit hours multi cam raw footage recent dj set needs shaped clean watch-through-friendly o,smooth dj set multi-cam video edit hours multi cam raw footage recent dj set needs shaped clean watch-through-friendly one hour youtube video vision simple focus music flow rooftop atmosphere keep pace relaxed rely minimal editing smooth transitions camera angles tracks need trim dead air crowd shots camera bumps preserving full 60-minute set length apply tasteful color grading lighting feels vivid yet natural throughout venue level audio every transition songs sits consistent loudness free sudden jumps export final 1080p higher source allows file ready direct upload youtube along small thumbnail frame grab provide multi-cam footage reference track list branding graphics please let know platform prefer cut premiere pro final cut davinci resolve etc roughly long delivery take files hands previous club dj edits portfolio include link quickly gauge style draft approved single revision round enough polish small timing grading tweaks looking forward seeing bring set life video services video services effects final cut pro video production video editing adobe premiere pro video processing davinci resolve audio editing color grading unknown,"I have 3 hours of multi cam raw footage from a recent DJ set that needs to be shaped into a clean, watch-through-friendly one hour YouTube video. The vision is simple: focus on the music flow and rooftop atmosphere, keep the pace relaxed, and rely on minimal editing with smooth transitions between camera angles and tracks. 

Here is what I need from you: 
• Trim dead air, crowd shots, or camera bumps while preserving the full 60-minute set length. 
• Apply tasteful color grading so the lighting feels vivid yet natural throughout the venue. 
• Level the audio so every transition between songs sits at a consistent loudness, free of sudden jumps. 
• Export a final 1080p (or higher if source allows) file ready for direct upload to YouTube, along with a small thumbnail frame grab. 

I’ll provide the multi-cam footage, reference track list, and any branding graphics. Please let me know which platform you prefer to cut on (Premiere Pro, Final Cut, DaVinci Resolve, etc.) and roughly how long delivery will take once the files are in your hands. If you have previous club or DJ edits in your portfolio, include a link so I can quickly gauge your style. 

Once the draft is approved, a single revision round should be enough to polish any small timing or grading tweaks. Looking forward to seeing how you bring this set to life.",smooth | dj | set | multi-cam | video | edit | hours | multi | cam | raw | footage | recent | dj | set | needs | shaped | clean | watch-through-friendly | one | hour | youtube | video | vision | simple | focus | music | flow | rooftop | atmosphere | keep | pace | relaxed | rely | minimal | editing | smooth | transitions | camera | angles | tracks | need | trim | dead | air | crowd | shots | camera | bumps | preserving | full | 60-minute | set | length | apply | tasteful | color | grading | lighting | feels | vivid | yet | natural | throughout | venue | level | audio | every | transition | songs | sits | consistent | loudness | free | sudden | jumps | export | final | 1080p | higher | source | allows | file | ready | direct | upload | youtube | along | small | thumbnail | frame | grab | provide | multi-cam | footage | reference | track | list | branding | graphics | please | let | know | platform | prefer | cut | premiere | pro | final | cut | davinci | resolve | etc | roughly | long | delivery | take | files | hands | previous | club | dj | edits | portfolio | include | link | quickly | gauge | style | draft | approved | single | revision | round | enough | polish | small | timing | grading | tweaks | looking | forward | seeing | bring | set | life | video | services | video | services | effects | final | cut | pro | video | production | video | editing | adobe | premiere | pro | video | processing | davinci | resolve | audio | editing | color | grading | unknown,169,7000.0,INR,fixed,video services | video services | effects | final cut pro | video production | video editing | adobe premiere pro | video processing | davinci resolve | audio editing | color grading,unknown,Unknown
Freelancer.com,https://www.freelancer.com/projects/2d-animation/doodle-animation-for-story,Doodle Animation for IG Story,doodle animation ig story image edited doodles want animate doodles post capcut ig story reference login view url login ,doodle animation ig story image edited doodles want animate doodles post capcut ig story reference login view url login view url 2d animation 2d animation capcut instagram video editing animation graphic design illustration unknown,"I have an Image edited with doodles. I want to animate the doodles and post it on CapCut and IG story. 

Reference.
[login to view URL]
[login to view URL]",doodle | animation | ig | story | image | edited | doodles | want | animate | doodles | post | capcut | ig | story | reference | login | view | url | login | view | url | 2d | animation | 2d | animation | capcut | instagram | video | editing | animation | graphic | design | illustration | unknown,34,20.0,USD,fixed,2d animation | 2d animation | capcut | instagram | video editing | animation | graphic design | illustration,unknown,Unknown
Freelancer.com,https://www.freelancer.com/projects/shopify-development/shopify-app-development-erp-integration,Shopify App Development & ERP Integration,shopify app development erp integration seeking shopify app developer experienced agentic coding using claude code also ,shopify app development erp integration seeking shopify app developer experienced agentic coding using claude code also experience erp integration architect level shopify developers welcome starting task based expand full time soon compensation around 2k mo shopify development shopify development erp claude code app development api api integration cloud development vercel unknown,"We are seeking a Shopify App developer experienced with agentic coding using Claude Code. They should also have experience with ERP Integration. Architect level Shopify developers are more than welcome. Starting with task based, but will expand to full time soon. Compensation is around $2k/mo.",shopify | app | development | erp | integration | seeking | shopify | app | developer | experienced | agentic | coding | using | claude | code | also | experience | erp | integration | architect | level | shopify | developers | welcome | starting | task | based | expand | full | time | soon | compensation | around | 2k | mo | shopify | development | shopify | development | erp | claude | code | app | development | api | api | integration | cloud | development | vercel | unknown,51,11.5,USD,fixed,shopify development | shopify development | erp | claude code | app development | api | api integration | cloud development | vercel,unknown,Unknown
Freelancer.com,https://www.freelancer.com/projects/photography/georgetown-parcel-pickup-forwarding,Georgetown Parcel Pickup & Forwarding,georgetown parcel pickup forwarding single small parcel shipped georgetown texas address arrives simply re-pack necessar,georgetown parcel pickup forwarding single small parcel shipped georgetown texas address arrives simply re-pack necessary forward final address provide using reputable trackable service usps ups fedex work deliverables secure u.s mailing address georgetown tx shared shipping prompt notification photo label parcel arrives forwarding unopened contents within two business days along tracking number long-term storage local delivery needed one-time receive-and-forward task photography photography shipping unknown,"A single small parcel will be shipped to your Georgetown, Texas address. Once it arrives, simply re-pack if necessary and forward it to the final address I provide, using any reputable trackable service (USPS, UPS, or FedEx all work).

Deliverables 
• A secure U.S. mailing address in Georgetown, TX shared with me before shipping 
• Prompt notification (with a photo of the label) when the parcel arrives 
• Forwarding of the unopened contents within two business days, along with the tracking number 

No long-term storage or local delivery is needed—just this one-time receive-and-forward task.",georgetown | parcel | pickup | forwarding | single | small | parcel | shipped | georgetown | texas | address | arrives | simply | re-pack | necessary | forward | final | address | provide | using | reputable | trackable | service | usps | ups | fedex | work | deliverables | secure | u.s | mailing | address | georgetown | tx | shared | shipping | prompt | notification | photo | label | parcel | arrives | forwarding | unopened | contents | within | two | business | days | along | tracking | number | long-term | storage | local | delivery | needed | one-time | receive-and-forward | task | photography | photography | shipping | unknown,64,140.0,USD,fixed,photography | photography | shipping,unknown,Unknown
Freelancer.com,https://www.freelancer.com/projects/animation/engagement-focused-social-media-manager,Engagement-Focused Social Media Manager,engagement-focused social media manager looking social media specialist take full control facebook instagram tiktok acco,engagement-focused social media manager looking social media specialist take full control facebook instagram tiktok accounts one clear objective boost genuine engagement already consistent visual identity need someone turn look feel lively conversations shares comments saves ideate create publish balanced mix punchy text updates eye-catching images short-form videos feel native platform canva adobe creative suite visuals tools meta business suite later hootsuite scheduling totally fine use whatever efficient long final feed looks seamless deliverables expect monthly content calendar detailing post topics formats scheduled dates posts per week per platform focusing political content related campaign daily monitoring timely responses comments mentions dms keep conversation flowing fortnightly performance report highlighting engagement metrics likes comments shares saves average watch time next-step recommendations goals gain 700 followers per month next months increasing likes views target audience includes voters aged 40 democrats npas within district ready turn attention interaction let talk strategy get started first month calendar animation animation canva content creation facebook marketing graphic design instagram marketing social media management social media marketing unknown,"I’m looking for a social media specialist to take full control of my Facebook, Instagram, and TikTok accounts with one clear objective: boost genuine engagement. I already have a consistent visual identity; what I need is someone who can turn that look and feel into lively conversations, shares, comments, and saves.

You’ll ideate, create, and publish a balanced mix of punchy text updates, eye-catching images, and short-form videos that feel native to each platform. Canva or Adobe Creative Suite for visuals and tools such as Meta Business Suite, Later, or Hootsuite for scheduling are totally fine—use whatever you’re most efficient with as long as the final feed looks seamless.

Deliverables I expect: 
• A monthly content calendar detailing post topics, formats, and scheduled dates 
• 3–5 posts per week per platform focusing on political content related to my campaign 
• Daily monitoring and timely responses to comments, mentions, and DMs to keep the conversation flowing 
• A fortnightly performance report highlighting engagement metrics (likes, comments, shares, saves, average watch time) and your next-step recommendations 

Goals: Gain 700 followers per month for the next 5 months while increasing likes and views. Target audience includes voters aged 40+ (Democrats and NPAs) within my district.

If you’re ready to turn attention into interaction, let’s talk strategy and get started on the first month’s calendar.",engagement-focused | social | media | manager | looking | social | media | specialist | take | full | control | facebook | instagram | tiktok | accounts | one | clear | objective | boost | genuine | engagement | already | consistent | visual | identity | need | someone | turn | look | feel | lively | conversations | shares | comments | saves | ideate | create | publish | balanced | mix | punchy | text | updates | eye-catching | images | short-form | videos | feel | native | platform | canva | adobe | creative | suite | visuals | tools | meta | business | suite | later | hootsuite | scheduling | totally | fine | use | whatever | efficient | long | final | feed | looks | seamless | deliverables | expect | monthly | content | calendar | detailing | post | topics | formats | scheduled | dates | posts | per | week | per | platform | focusing | political | content | related | campaign | daily | monitoring | timely | responses | comments | mentions | dms | keep | conversation | flowing | fortnightly | performance | report | highlighting | engagement | metrics | likes | comments | shares | saves | average | watch | time | next-step | recommendations | goals | gain | 700 | followers | per | month | next | months | increasing | likes | views | target | audience | includes | voters | aged | 40 | democrats | npas | within | district | ready | turn | attention | interaction | let | talk | strategy | get | started | first | month | calendar | animation | animation | canva | content | creation | facebook | marketing | graphic | design | instagram | marketing | social | media | management | social | media | marketing | unknown,169,500.0,USD,fixed,animation | animation | canva | content creation | facebook marketing | graphic design | instagram marketing | social media management | social media marketing,unknown,Unknown
Freelancer.com,https://www.freelancer.com/projects/web-design/hvac-service-website,HVac service website,hvac service website looking reliable hvac service come right place team experienced technicians dedicated providing top,hvac service website looking reliable hvac service come right place team experienced technicians dedicated providing top-notch heating ventilation air conditioning solutions tailored needs whether need routine maintenance emergency repairs complete system installation got covered pride prompt service transparent pricing commitment customer satisfaction offer installation expert installation hvac systems ensure optimal performance efficiency maintenance regular check-ups keep system running smoothly extend lifespan repairs fast reliable repairs types hvac systems ensuring comfort year-round energy efficiency solutions improve system efficiency helping save energy bills contact us today schedule service experience difference web design web design web development hvac website management website design php html graphic design unknown,"Looking for reliable HVAC service? You've come to the right place! Our team of experienced technicians is dedicated to providing top-notch heating, ventilation, and air conditioning solutions tailored to your needs. 
Whether you need routine maintenance, emergency repairs, or a complete system installation, we’ve got you covered. We pride ourselves on our prompt service, transparent pricing, and commitment to customer satisfaction.
Here’s what we offer:

Installation: Expert installation of HVAC systems to ensure optimal performance and efficiency.

Maintenance: Regular check-ups to keep your system running smoothly and extend its lifespan.

Repairs: Fast and reliable repairs for all types of HVAC systems, ensuring your comfort year-round.

Energy Efficiency: Solutions to improve your system's efficiency, helping you save on energy bills.


Contact us today to schedule your service and experience the difference!",hvac | service | website | looking | reliable | hvac | service | come | right | place | team | experienced | technicians | dedicated | providing | top-notch | heating | ventilation | air | conditioning | solutions | tailored | needs | whether | need | routine | maintenance | emergency | repairs | complete | system | installation | got | covered | pride | prompt | service | transparent | pricing | commitment | customer | satisfaction | offer | installation | expert | installation | hvac | systems | ensure | optimal | performance | efficiency | maintenance | regular | check-ups | keep | system | running | smoothly | extend | lifespan | repairs | fast | reliable | repairs | types | hvac | systems | ensuring | comfort | year-round | energy | efficiency | solutions | improve | system | efficiency | helping | save | energy | bills | contact | us | today | schedule | service | experience | difference | web | design | web | design | web | development | hvac | website | management | website | design | php | html | graphic | design | unknown,104,140.0,USD,fixed,web design | web design | web development | hvac | website management | website design | php | html | graphic design,unknown,Unknown
Freelancer.com,https://www.freelancer.com/projects/network-administration/senior-network-talent-sourcing,Senior Network Talent Sourcing,senior network talent sourcing hand spreadsheet detailing several technical openings job title full description compensa,senior network talent sourcing hand spreadsheet detailing several technical openings job title full description compensation range every role sits squarely network-management space calls senior-level expertise task turn information shortlist hire-ready professionals need candidates demonstrable depth areas routing switching security appliances large-scale infrastructure design along leadership experience expected senior tier please source screen verify prospect résumé certifications recent project achievements every opening deliver least three qualified profiles match stated pay band willing interview within next two weeks include notes person fits current availability contact details successful completion confirmed hiring manager approves shortlist schedules first-round interviews network administration network administration network engineering network security telecommunications engineering excel data entry research web search unknown,"I will hand over a spreadsheet detailing several technical openings—each with a job title, full description, and compensation range. Every role sits squarely in the network-management space and calls for senior-level expertise. 

Your task is to turn that information into a shortlist of hire-ready professionals. I need candidates who have demonstrable depth in areas such as routing, switching, security appliances, and large-scale infrastructure design, along with the leadership experience expected at a senior tier. 

Please source, screen, and verify each prospect’s résumé, certifications, and recent project achievements. For every opening, deliver at least three qualified profiles that match the stated pay band and are willing to interview within the next two weeks. Include your notes on why each person fits, their current availability, and contact details. 

Successful completion will be confirmed once the hiring manager approves the shortlist and schedules first-round interviews.",senior | network | talent | sourcing | hand | spreadsheet | detailing | several | technical | openings | job | title | full | description | compensation | range | every | role | sits | squarely | network-management | space | calls | senior-level | expertise | task | turn | information | shortlist | hire-ready | professionals | need | candidates | demonstrable | depth | areas | routing | switching | security | appliances | large-scale | infrastructure | design | along | leadership | experience | expected | senior | tier | please | source | screen | verify | prospect | résumé | certifications | recent | project | achievements | every | opening | deliver | least | three | qualified | profiles | match | stated | pay | band | willing | interview | within | next | two | weeks | include | notes | person | fits | current | availability | contact | details | successful | completion | confirmed | hiring | manager | approves | shortlist | schedules | first-round | interviews | network | administration | network | administration | network | engineering | network | security | telecommunications | engineering | excel | data | entry | research | web | search | unknown,111,140.0,USD,fixed,network administration | network administration | network engineering | network security | telecommunications engineering | excel | data entry | research | web search,unknown,Unknown
Freelancer.com,https://www.freelancer.com/projects/revit/scaled-plan-amendments-mep,Scaled Plan Amendments & MEP,scaled plan amendments mep already architect floor-plan pdfs since came cad package changed layout desigb need tightenin,scaled plan amendments mep already architect floor-plan pdfs since came cad package changed layout desigb need tightening true scale please update every room dimension adjust wall placements shown red-line comments make sure window door locations match latest brief architectural layer corrected also need clean overlay shows complete electrical plumbing including drainage hvac runs keep layers clearly separated contractor toggle printing peovide seperate pdfs print different versions one time also elevation drawings building also section drawings based give accurate dimentions preferred workflow autocad revit similar anything lets return crisp vector-based pdf correct line-weights work dwg fine hand-off need final combined pdf set deliverables amended architectural floor plan scale separate aligned electrical plumbing hvac overlays one consolidated print-ready pdf file containing layers supply source pdfs mark-ups manufacturer cut-sheets moment start need sign design access amendments done things change rhe project revit revit 3d cad 3d drafting architectural engineering autocad cad cam building architecture drafting unknown,"I already have the architect’s floor-plan PDFs, but since they came out of the CAD package we have changed our layout desigb and now need tightening up to true scale. Please update every room dimension, adjust wall placements where shown in my red-line comments, and make sure all window and door locations match the latest brief.

Once the architectural layer is corrected, I also need a clean overlay that shows the complete electrical, plumbing (including drainage) and HVAC runs. Keep the layers clearly separated so my contractor can toggle them on or off when printing or peovide seperate PDFs so we can print the different versions one at a time

Also i have some elevation drawings for the same building, can you also do a section drawings based on these if i give you accurate dimentions?

Preferred workflow is AutoCAD, Revit or similar—anything that lets you return a crisp, vector-based PDF with correct line-weights. If you work in DWG, that’s fine, but for this hand-off I only need the final combined PDF set.

Deliverables: 
• Amended architectural floor plan to scale 
• Separate but aligned electrical, plumbing and HVAC overlays 
• One consolidated, print-ready PDF file containing all layers 

I’ll supply the source PDFs, mark-ups and any manufacturer cut-sheets the moment we start. 
Will need to sign off design and have access to further amendments when done as things change during rhe project",scaled | plan | amendments | mep | already | architect | floor-plan | pdfs | since | came | cad | package | changed | layout | desigb | need | tightening | true | scale | please | update | every | room | dimension | adjust | wall | placements | shown | red-line | comments | make | sure | window | door | locations | match | latest | brief | architectural | layer | corrected | also | need | clean | overlay | shows | complete | electrical | plumbing | including | drainage | hvac | runs | keep | layers | clearly | separated | contractor | toggle | printing | peovide | seperate | pdfs | print | different | versions | one | time | also | elevation | drawings | building | also | section | drawings | based | give | accurate | dimentions | preferred | workflow | autocad | revit | similar | anything | lets | return | crisp | vector-based | pdf | correct | line-weights | work | dwg | fine | hand-off | need | final | combined | pdf | set | deliverables | amended | architectural | floor | plan | scale | separate | aligned | electrical | plumbing | hvac | overlays | one | consolidated | print-ready | pdf | file | containing | layers | supply | source | pdfs | mark-ups | manufacturer | cut-sheets | moment | start | need | sign | design | access | amendments | done | things | change | rhe | project | revit | revit | 3d | cad | 3d | drafting | architectural | engineering | autocad | cad | cam | building | architecture | drafting | unknown,153,135.0,GBP,fixed,revit | revit | 3d cad | 3d drafting | architectural engineering | autocad | cad cam | building architecture | drafting,unknown,Unknown
Freelancer.com,https://www.freelancer.com/projects/open-source-infrastructure-deployment,Open Source Infrastructure Deployment,open source infrastructure deployment ready replace every paid saas use fully self-hosted open-source stack need experie,open source infrastructure deployment ready replace every paid saas use fully self-hosted open-source stack need experienced engineer guide execute transition start finish core project run linux though happy follow advice another os layer adds stability performance mandatory components include samba ad mode providing file sharing print authentication services hardened hypervisor vdi estate still weighing kvm xen virtualbox welcome input fleetdm device visibility across windows macos endpoints keepassxc rolled per user tailored permissions beyond installation need migration dropbox new samba file server setting precise share acl rules every team member lands access need shell bash scripts disable password saving major browsers company-wide group policy style management equivalent macos standardise settings automate onboarding keep domains clean network-level hardening firewall rules fail2ban -equivalent ddos safeguards plus additional open-source tooling recommend clear documentation short hand-over sessions internal maintain everything done everything used must genuinely open source freemium tiers locked features deep experience knitting tools together securely work collaboratively documenting go let talk details milestones open source open source network security bash documentation linux ubuntu shell script network administration unknown,"I’m ready to replace every paid SaaS we use with a fully self-hosted, open-source stack and I need an experienced engineer to guide and execute the transition from start to finish.

The core of the project will run on Linux, though I’m happy to follow your advice if another OS layer adds stability or performance. The mandatory components include: Samba in AD mode providing file sharing, print and authentication services; a hardened Hypervisor for our VDI estate (I’m still weighing KVM, Xen or VirtualBox and welcome your input); FleetDM for device visibility across our Windows and macOS endpoints; and KeePassXC rolled out per user with tailored permissions.

Beyond installation I’ll need:

• Migration out of Dropbox to the new Samba file server, setting precise share and ACL rules so every team member lands with just the access they need. 
• Shell/Bash scripts that disable password saving in all major browsers company-wide. 
• Group Policy–style management (or equivalent for macOS) to standardise settings, automate onboarding and keep the domains clean. 
• Network-level hardening: firewall rules, fail2ban/-equivalent, DDoS safeguards, plus any additional open-source tooling you recommend. 
• Clear documentation and short hand-over sessions so my internal IT can maintain everything once you’re done.

Everything used must be genuinely open source—no freemium tiers or locked features.

If you have deep experience knitting these tools together securely and can work collaboratively while documenting as you go, let’s talk details and milestones.",open | source | infrastructure | deployment | ready | replace | every | paid | saas | use | fully | self-hosted | open-source | stack | need | experienced | engineer | guide | execute | transition | start | finish | core | project | run | linux | though | happy | follow | advice | another | os | layer | adds | stability | performance | mandatory | components | include | samba | ad | mode | providing | file | sharing | print | authentication | services | hardened | hypervisor | vdi | estate | still | weighing | kvm | xen | virtualbox | welcome | input | fleetdm | device | visibility | across | windows | macos | endpoints | keepassxc | rolled | per | user | tailored | permissions | beyond | installation | need | migration | dropbox | new | samba | file | server | setting | precise | share | acl | rules | every | team | member | lands | access | need | shell | bash | scripts | disable | password | saving | major | browsers | company-wide | group | policy | style | management | equivalent | macos | standardise | settings | automate | onboarding | keep | domains | clean | network-level | hardening | firewall | rules | fail2ban | -equivalent | ddos | safeguards | plus | additional | open-source | tooling | recommend | clear | documentation | short | hand-over | sessions | internal | maintain | everything | done | everything | used | must | genuinely | open | source | freemium | tiers | locked | features | deep | experience | knitting | tools | together | securely | work | collaboratively | documenting | go | let | talk | details | milestones | open | source | open | source | network | security | bash | documentation | linux | ubuntu | shell | script | network | administration | unknown,175,37.5,USD,fixed,open source | open source | network security | bash | documentation | linux | ubuntu | shell script | network administration,unknown,Unknown
Freelancer.com,https://www.freelancer.com/projects/translation/litigation-bankruptcy-check-media-news-40515787,"Litigation, Bankruptcy check and media news check in Ethiopia",litigation bankruptcy check media news check ethiopia conduct research project following requirements must local ethiopi,litigation bankruptcy check media news check ethiopia conduct research project following requirements must local ethiopia note hiring part-timer kindly pre-check make sure pt knows sources conduct litigation bankruptcy check ethiopia task fulfillment files also attached give pt better understanding objectives targeted party company individual please find job descriptions requirements conduct research provided individual party litigation sources native language english conduct research provided individual party bankruptcy insolvency sources native language english conduct research provided individual party local national news medias social media native language english example worthy relevant news court legal actions either plaintiff defendant bankruptcy insolvency announcement court judgments significant news individual party well related family members project duration hr maximum skillsets experienced internet research related local law experienced legal check hr plus experienced summarizing legal case strong local english language proficiency delivery elements relevant document news reported native language must translated english social media handle targets weblink news together source link news date summary news information note milestone released following week monday job completion give us time organize report contact need additional clarification translation translation legal research report writing legal research legal writing data collection litigation unknown,"CONDUCT A RESEARCH PROJECT WITH THE FOLLOWING REQUIREMENTS:

YOU MUST BE A LOCAL OF Ethiopia

NOTE: Before hiring the Part-Timer, kindly do a pre-check to make sure if the PT knows the sources to conduct Litigation and Bankruptcy check in Ethiopia.

 

The task fulfillment files are also attached to give the PT a better understanding of the objectives.

 

Targeted party(s): 1 company, 1 individual

 

PLEASE FIND THE JOB DESCRIPTIONS & REQUIREMENTS BELOW:

- Conduct research the provided [individual(s) or Party(s)] in all litigation sources in both native language and English;

- Conduct research the provided [individual(s) or Party(s)] in all bankruptcy and insolvency sources in both native language and English;

- Conduct research the provided [individual(s) or Party(s)] in all local and national news medias and social media in both native language and English.

- Example of worthy and relevant news:

· Court (legal) actions (either as plaintiff and/or defendant) o Bankruptcy/Insolvency announcement/court judgments

· Significant news on the individual(s) or Party(s) as well as related family members (if any)

 

PROJECT DURATION: 1 hr (maximum)

 

SKILLSETS:

· Experienced in internet research, related to the local law;

· Experienced in legal check or HR is a plus

· Experienced in summarizing legal case

· Strong in both local and English language proficiency

 

DELIVERY ELEMENTS:

· All relevant document and news, if reported in native language must be translated into English

· Social media handle of the targets

· Weblink of the news, together with Source link, News date, and Summary of the news/information


Note: Milestone will be released the following week (Monday) after the job completion to give us time to organize the report and contact you if we need additional clarification.",litigation | bankruptcy | check | media | news | check | ethiopia | conduct | research | project | following | requirements | must | local | ethiopia | note | hiring | part-timer | kindly | pre-check | make | sure | pt | knows | sources | conduct | litigation | bankruptcy | check | ethiopia | task | fulfillment | files | also | attached | give | pt | better | understanding | objectives | targeted | party | company | individual | please | find | job | descriptions | requirements | conduct | research | provided | individual | party | litigation | sources | native | language | english | conduct | research | provided | individual | party | bankruptcy | insolvency | sources | native | language | english | conduct | research | provided | individual | party | local | national | news | medias | social | media | native | language | english | example | worthy | relevant | news | court | legal | actions | either | plaintiff | defendant | bankruptcy | insolvency | announcement | court | judgments | significant | news | individual | party | well | related | family | members | project | duration | hr | maximum | skillsets | experienced | internet | research | related | local | law | experienced | legal | check | hr | plus | experienced | summarizing | legal | case | strong | local | english | language | proficiency | delivery | elements | relevant | document | news | reported | native | language | must | translated | english | social | media | handle | targets | weblink | news | together | source | link | news | date | summary | news | information | note | milestone | released | following | week | monday | job | completion | give | us | time | organize | report | contact | need | additional | clarification | translation | translation | legal | research | report | writing | legal | research | legal | writing | data | collection | litigation | unknown,188,15.0,USD,fixed,translation | translation | legal | research | report writing | legal research | legal writing | data collection | litigation,unknown,Unknown
Freelancer.com,https://www.freelancer.com/projects/financial-forecasting/filipino-accountant-for-financial,Filipino Accountant for Financial Forecasting,filipino accountant financial forecasting looking filipino-based accountant step numbers make sense turn everything clea,filipino accountant financial forecasting looking filipino-based accountant step numbers make sense turn everything clear living forecast rest team none accountants follow confidence financial forecasting financial forecasting financial consulting financial accounting financial planning accounting finance bookkeeping financial analysis unknown,"I am looking for a Filipino-based accountant who can step into our numbers, make sense of them, and turn everything into a clear, living forecast that the rest of the team—none of whom are accountants—can follow with confidence.",filipino | accountant | financial | forecasting | looking | filipino-based | accountant | step | numbers | make | sense | turn | everything | clear | living | forecast | rest | team | none | accountants | follow | confidence | financial | forecasting | financial | forecasting | financial | consulting | financial | accounting | financial | planning | accounting | finance | bookkeeping | financial | analysis | unknown,38,11.5,USD,fixed,financial forecasting | financial forecasting | financial consulting | financial accounting | financial planning | accounting | finance | bookkeeping | financial analysis,unknown,Unknown
Freelancer.com,https://www.freelancer.com/contest/floral-logo-vector-rebuild-edt-2753909,Floral Logo Vector Rebuild - 15/06/2026 22:52 EDT,floral logo vector rebuild 15 06 2026 22 52 edt unknown browse jobs adobe creative cloud adobe creative cloud adobe illu,floral logo vector rebuild 15 06 2026 22 52 edt unknown browse jobs adobe creative cloud adobe creative cloud adobe illustrator adobe photoshop graphic design illustrator logo design photoshop vector design view projects unknown,Unknown,floral | logo | vector | rebuild | 15 | 06 | 2026 | 22 | 52 | edt | unknown | browse | jobs | adobe | creative | cloud | adobe | creative | cloud | adobe | illustrator | adobe | photoshop | graphic | design | illustrator | logo | design | photoshop | vector | design | view | projects | unknown,34,,Unknown,unknown,browse jobs | adobe creative cloud | adobe creative cloud | adobe illustrator | adobe photoshop | graphic design | illustrator | logo design | photoshop | vector design | view | projects,unknown,Unknown
Freelancer.com,https://www.freelancer.com/projects/graphic-design/update-website-content-add-new,Update Website Content and Add New Photos,update website content add new photos need assistance updating content photos website tasks include updating wording are,update website content add new photos need assistance updating content photos website tasks include updating wording areas reflect recent changes e.g name update adding new photos painting projects showcase recent work small project like completed soon possible ideal candidates experience website updates attention detail graphic design graphic design html photoshop php website design unknown,"I need assistance updating the content and photos on my website. The tasks include:
- Updating wording in a few areas to reflect recent changes (e.g., name update).
- Adding new photos of my painting projects to showcase recent work.

This is a small project, and I’d like it completed as soon as possible. Ideal candidates should have experience with website updates and attention to detail.",update | website | content | add | new | photos | need | assistance | updating | content | photos | website | tasks | include | updating | wording | areas | reflect | recent | changes | e.g | name | update | adding | new | photos | painting | projects | showcase | recent | work | small | project | like | completed | soon | possible | ideal | candidates | experience | website | updates | attention | detail | graphic | design | graphic | design | html | photoshop | php | website | design | unknown,54,45.0,USD,fixed,graphic design | graphic design | html | photoshop | php | website design,unknown,Unknown
Freelancer.com,https://www.freelancer.com/contest/modern-logo-for-kazlokit-2753906,Modern Logo for KAZLOKIT,modern logo kazlokit unknown browse jobs adobe illustrator adobe illustrator adobe photoshop branding creative design gr,modern logo kazlokit unknown browse jobs adobe illustrator adobe illustrator adobe photoshop branding creative design graphic design illustrator logo design photoshop vector design visual design view projects unknown,Unknown,modern | logo | kazlokit | unknown | browse | jobs | adobe | illustrator | adobe | illustrator | adobe | photoshop | branding | creative | design | graphic | design | illustrator | logo | design | photoshop | vector | design | visual | design | view | projects | unknown,28,,Unknown,unknown,browse jobs | adobe illustrator | adobe illustrator | adobe photoshop | branding | creative design | graphic design | illustrator | logo design | photoshop | vector design | visual design | view | projects,unknown,Unknown
Freelancer.com,https://www.freelancer.com/projects/video-production/hook-driven-gaming-app-ads,Hook-Driven Gaming App Ads,hook-driven gaming app ads four mobile gaming apps want boost download numbers short exciting energetic commercial spots,hook-driven gaming app ads four mobile gaming apps want boost download numbers short exciting energetic commercial spots title need one two polished videos running 15-20 seconds ads must open strong hook tell quick story showcases fun game end clear call-to-download expect advertising team concept development craft tight scenario script captures game unique appeal lines storyboard approval share frames animatics confirm pacing production full production motion graphics gameplay capture catchy sound design voiceover needed professional editing keeps energy high format delivery 1080p landscape 1080 1920 vertical ready app store google play tiktok instagram reels youtube shorts final hand-over source project files plus mastered video exports grouped app total expected output videos single metric matters increased downloads every creative choice drive action portfolio already shows fast-paced game trailers social ads eager review move forward quickly video production video production video editing motion graphics advertising animation commercials audio services video services unknown,"I have four mobile gaming apps and I want to boost their download numbers with short, exciting, and energetic commercial spots. For each title I need one or two polished videos, each running 15-20 seconds. The ads must open with a strong hook, tell a quick story that showcases the fun of the game, and end with a clear call-to-download.

Here is what I expect from the advertising team:

• Concept development: craft a tight scenario and script that captures the game’s unique appeal in only a few lines.
• Storyboard approval: share frames or animatics so I can confirm pacing before production.
• Full production: motion graphics, gameplay capture, catchy sound design, voiceover if needed, and professional editing that keeps energy high.
• Format delivery: 1080p (landscape) and 1080×1920 (vertical) ready for App Store, Google Play, TikTok, Instagram Reels, and YouTube Shorts.
• Final hand-over: source project files plus mastered video exports, grouped by app.

Total expected output: 4–8 videos. The single metric that matters is increased downloads, so every creative choice should drive that action. If your portfolio already shows fast-paced game trailers or social ads, I’m eager to review them and move forward quickly.",hook-driven | gaming | app | ads | four | mobile | gaming | apps | want | boost | download | numbers | short | exciting | energetic | commercial | spots | title | need | one | two | polished | videos | running | 15-20 | seconds | ads | must | open | strong | hook | tell | quick | story | showcases | fun | game | end | clear | call-to-download | expect | advertising | team | concept | development | craft | tight | scenario | script | captures | game | unique | appeal | lines | storyboard | approval | share | frames | animatics | confirm | pacing | production | full | production | motion | graphics | gameplay | capture | catchy | sound | design | voiceover | needed | professional | editing | keeps | energy | high | format | delivery | 1080p | landscape | 1080 | 1920 | vertical | ready | app | store | google | play | tiktok | instagram | reels | youtube | shorts | final | hand-over | source | project | files | plus | mastered | video | exports | grouped | app | total | expected | output | videos | single | metric | matters | increased | downloads | every | creative | choice | drive | action | portfolio | already | shows | fast-paced | game | trailers | social | ads | eager | review | move | forward | quickly | video | production | video | production | video | editing | motion | graphics | advertising | animation | commercials | audio | services | video | services | unknown,149,140.0,USD,fixed,video production | video production | video editing | motion graphics | advertising | animation | commercials | audio services | video services,unknown,Unknown
Freelancer.com,https://www.freelancer.com/projects/adobe-illustrator/playful-pastel-logo-design-needed,Playful Pastel Logo Design Needed,playful pastel logo design needed launching new business first impression want nail logo feels professional modern still,playful pastel logo design needed launching new business first impression want nail logo feels professional modern still radiating playful personality think soft welcoming pastel tones nothing loud yet vibrant enough stand social media packaging future website style mood playful key word design carry sense fun light-heartedness without tipping cartoonish territory pastel palette primary color story introduce subtle accent hues helps balance composition need least three unique logo concepts see range directions refine one unlimited within reason revisions chosen concept perfect final files vector ai eps svg plus high-resolution png jpg full color one-color transparent backgrounds brief style guide color hex codes typography choices usage notes future marketing assets stay consistent tools adobe illustrator comparable vector software preferred logo scales cleanly across print digital timeline like first concepts within five days project start finished package within two weeks let know better schedule mind sounds like kind creative challenge excited see portfolio get started adobe illustrator adobe illustrator branding creative design graphic design illustrator logo design photoshop vector design unknown,"I’m launching a new business and the very first impression I want to nail is a logo that feels professional and modern while still radiating a playful personality. Think soft, welcoming pastel tones—nothing too loud, yet vibrant enough to stand out on social media, packaging, and a future website.

Style & mood 
• Playful is the key word. The design should carry a sense of fun or light-heartedness without tipping into cartoonish territory. 
• The pastel palette should be the primary color story; you can introduce subtle accent hues if it helps balance the composition.

What I need from you 
1. At least three unique logo concepts so I can see a range of directions before we refine one. 
2. Unlimited (within reason) revisions on the chosen concept until it’s perfect. 
3. Final files in vector (AI, EPS, SVG) plus high-resolution PNG and JPG in full color, one-color, and transparent backgrounds. 
4. A brief style guide: color hex codes, typography choices, and usage notes so my future marketing assets stay consistent.

Tools 
Adobe Illustrator (or comparable vector software) is preferred so the logo scales cleanly across print and digital.

Timeline 
I’d like first concepts within five days of project start and the finished package within two weeks, but let me know if you have a better schedule in mind.

If this sounds like your kind of creative challenge, I’m excited to see your portfolio and get started!",playful | pastel | logo | design | needed | launching | new | business | first | impression | want | nail | logo | feels | professional | modern | still | radiating | playful | personality | think | soft | welcoming | pastel | tones | nothing | loud | yet | vibrant | enough | stand | social | media | packaging | future | website | style | mood | playful | key | word | design | carry | sense | fun | light-heartedness | without | tipping | cartoonish | territory | pastel | palette | primary | color | story | introduce | subtle | accent | hues | helps | balance | composition | need | least | three | unique | logo | concepts | see | range | directions | refine | one | unlimited | within | reason | revisions | chosen | concept | perfect | final | files | vector | ai | eps | svg | plus | high-resolution | png | jpg | full | color | one-color | transparent | backgrounds | brief | style | guide | color | hex | codes | typography | choices | usage | notes | future | marketing | assets | stay | consistent | tools | adobe | illustrator | comparable | vector | software | preferred | logo | scales | cleanly | across | print | digital | timeline | like | first | concepts | within | five | days | project | start | finished | package | within | two | weeks | let | know | better | schedule | mind | sounds | like | kind | creative | challenge | excited | see | portfolio | get | started | adobe | illustrator | adobe | illustrator | branding | creative | design | graphic | design | illustrator | logo | design | photoshop | vector | design | unknown,168,112500.0,INR,fixed,adobe illustrator | adobe illustrator | branding | creative design | graphic design | illustrator | logo design | photoshop | vector design,unknown,Unknown
Freelancer.com,https://www.freelancer.com/projects/3d-modelling/sustainable-home-blueprints-development,Sustainable Home Blueprints Development,sustainable home blueprints development looking experienced architect designer transform detailed house plan fully build,sustainable home blueprints development looking experienced architect designer transform detailed house plan fully buildable blueprints focus sustainability energy efficiency specifically incorporating energy-efficient insulation windows prefer combination eco-friendly high-performance synthetic materials elements barndominium concept appealing want home craftsman style motif like ideal exterior walls load bearing want use steel roof trusses wooden floor trusses ideal candidates expertise sustainable architecture knowledge energy-efficient building practices experience creating detailed blueprints ready construction attention detail commitment environmentally friendly designs key let collaborate make plan reality 3d modelling 3d modelling 3d rendering architectural engineering architectural visualization building architecture building design construction management structural engineering unknown,"I'm looking for an experienced architect or designer to transform my detailed house plan into fully buildable blueprints. The focus is on sustainability and energy efficiency, specifically incorporating energy-efficient insulation and windows. I prefer a combination of eco-friendly and high-performance synthetic materials for these elements. The barndominium concept is appealing, but I want the home to be a Craftsman style motif. I like the ideal of exterior walls for all load bearing. I want to use steel roof trusses and wooden floor trusses. 

Ideal candidates should have expertise in sustainable architecture, knowledge of energy-efficient building practices, and experience in creating detailed blueprints ready for construction. Attention to detail and a commitment to environmentally friendly designs are key. Let's collaborate to make this plan a reality!",sustainable | home | blueprints | development | looking | experienced | architect | designer | transform | detailed | house | plan | fully | buildable | blueprints | focus | sustainability | energy | efficiency | specifically | incorporating | energy-efficient | insulation | windows | prefer | combination | eco-friendly | high-performance | synthetic | materials | elements | barndominium | concept | appealing | want | home | craftsman | style | motif | like | ideal | exterior | walls | load | bearing | want | use | steel | roof | trusses | wooden | floor | trusses | ideal | candidates | expertise | sustainable | architecture | knowledge | energy-efficient | building | practices | experience | creating | detailed | blueprints | ready | construction | attention | detail | commitment | environmentally | friendly | designs | key | let | collaborate | make | plan | reality | 3d | modelling | 3d | modelling | 3d | rendering | architectural | engineering | architectural | visualization | building | architecture | building | design | construction | management | structural | engineering | unknown,99,2250.0,USD,fixed,3d modelling | 3d modelling | 3d rendering | architectural engineering | architectural visualization | building architecture | building design | construction management | structural engineering,unknown,Unknown
Freelancer.com,https://www.freelancer.com/projects/data-analysis/urban-rainfall-runoff-simulation,Urban Rainfall-Runoff Simulation,urban rainfall-runoff simulation seeking experienced hydrologist perform rainfall-runoff simulation urban area using hec,urban rainfall-runoff simulation seeking experienced hydrologist perform rainfall-runoff simulation urban area using hec-hms key requirements expertise hec-hms experience urban hydrology ability analyze interpret simulation results ideal skills experience advanced knowledge hydrological processes proficiency data input model calibration hec-hms strong background urban watershed management please provide examples similar work done approach project data analysis data analysis environmental engineering environmental science research writing simulation spss statistics statistical analysis statistics unknown,"I'm seeking an experienced hydrologist to perform a rainfall-runoff simulation for an urban area using HEC-HMS. 

Key Requirements:
- Expertise in HEC-HMS
- Experience with urban hydrology
- Ability to analyze and interpret simulation results

Ideal Skills and Experience:
- Advanced knowledge of hydrological processes
- Proficiency in data input and model calibration in HEC-HMS
- Strong background in urban watershed management

Please provide examples of similar work done and your approach to this project.",urban | rainfall-runoff | simulation | seeking | experienced | hydrologist | perform | rainfall-runoff | simulation | urban | area | using | hec-hms | key | requirements | expertise | hec-hms | experience | urban | hydrology | ability | analyze | interpret | simulation | results | ideal | skills | experience | advanced | knowledge | hydrological | processes | proficiency | data | input | model | calibration | hec-hms | strong | background | urban | watershed | management | please | provide | examples | similar | work | done | approach | project | data | analysis | data | analysis | environmental | engineering | environmental | science | research | writing | simulation | spss | statistics | statistical | analysis | statistics | unknown,68,20.0,USD,fixed,data analysis | data analysis | environmental engineering | environmental science | research writing | simulation | spss statistics | statistical analysis | statistics,unknown,Unknown
Freelancer.com,https://www.freelancer.com/projects/odd-jobs/paris-france-hiring-urine-specimen,"[Paris, France] Hiring urine specimen collector for pre-employment drug testing",paris france hiring urine specimen collector pre-employment drug testing summary part global network providing drug test,paris france hiring urine specimen collector pre-employment drug testing summary part global network providing drug testing services presence multiple countries client requires us conduct drug testing apartement rue de general leclerc elbeuf normandy 76500 france testing part pre-employment background check new hires certified company require prior licenses experience provide comprehensive training necessary supplies tools responsibilities collect samples client residence office arrange rent meeting room session meeting room rental costs covered us perform testing following guidelines send test results us compensate test conducted odd jobs odd jobs local job unknown,"Summary
We are part of a global network providing drug testing services, with a presence in multiple countries.

Our client requires us to conduct drug testing in Apartement, 5 rue de general leclerc, , Elbeuf, Normandy, 76500, France. This testing is part of a pre-employment background check for new hires. As a certified company, we do not require you to have any prior licenses or experience. We will provide comprehensive training, necessary supplies, and tools.

Responsibilities:

- Collect samples from the client's residence or office, or arrange to rent a meeting room for the session. Meeting room rental costs will be covered by us.
- Perform the testing following our guidelines.
- Send the test results to us.

We will compensate you for each test conducted.",paris | france | hiring | urine | specimen | collector | pre-employment | drug | testing | summary | part | global | network | providing | drug | testing | services | presence | multiple | countries | client | requires | us | conduct | drug | testing | apartement | rue | de | general | leclerc | elbeuf | normandy | 76500 | france | testing | part | pre-employment | background | check | new | hires | certified | company | require | prior | licenses | experience | provide | comprehensive | training | necessary | supplies | tools | responsibilities | collect | samples | client | residence | office | arrange | rent | meeting | room | session | meeting | room | rental | costs | covered | us | perform | testing | following | guidelines | send | test | results | us | compensate | test | conducted | odd | jobs | odd | jobs | local | job | unknown,89,90.0,USD,fixed,odd jobs | odd jobs | local job,unknown,Unknown
Freelancer.com,https://www.freelancer.com/contest/share-your-concept-2753903,Share Your Concept,share concept unknown browse jobs ai content creation ai content creation business development concept design content cr,share concept unknown browse jobs ai content creation ai content creation business development concept design content creation content writing creative writing entrepreneurship project management user experience research user interface ia view projects unknown,Unknown,share | concept | unknown | browse | jobs | ai | content | creation | ai | content | creation | business | development | concept | design | content | creation | content | writing | creative | writing | entrepreneurship | project | management | user | experience | research | user | interface | ia | view | projects | unknown,33,,Unknown,unknown,browse jobs | ai content creation | ai content creation | business development | concept design | content creation | content writing | creative writing | entrepreneurship | project management | user experience research | user interface ia | view | projects,unknown,Unknown
Freelancer.com,https://www.freelancer.com/projects/pre-employment-verification-needed,Pre-Employment Verification Needed in Latvia,pre-employment verification needed latvia 1- task visit polyclinic ministry interior latvia physically take least 8-9 ge,pre-employment verification needed latvia 1- task visit polyclinic ministry interior latvia physically take least 8-9 geotagged photos name board institute captured outside building preferably inside download app geotagged pics link android app link login view url iphone app link login view url get app note latitudes longitudes location get simple pictures 2- get verification forms filled signed stamped hr relevant authority locations 3- get details verifier name designation department contact 4- case refusal fill form take written refusal statement stamp signature proof give written ask want record saying reason take details like name designation contact etc neither possible take details like name person met designation contact visiting card 5- location found given address take geotagged photos exact address right left name boards make small seconds video address also get details nearby business name person business name contact tell whether institution existed 6- please ensure name document matches name signboard authority visit different name ask reason discrepancy ask write one-line explanation form provide brc 7- check forms leaving site ensure start date end date designation form certificate 8- check fields properly filled form 9- stay contact visit guide better according situation photography photography data collection documentation customer service android mobile app development iphone data entry gps research unknown,"1- The task is to visit the Polyclinic Ministry of Interior, Latvia, physically and take at least 8-9 geotagged photos of the name board of the institute, captured from outside the building and preferably inside too. Download the app for geotagged pics from the link below:

Android app link: [login to view URL] 
iPhone app link: [login to view URL] 

If you can't get the app, just note down the latitudes and longitudes of the location when you're there and get simple pictures.

2- Get the verification forms filled, signed and stamped by the HR or relevant authority of these locations.

3- Get the details of the verifier that is their name, designation, Department and Contact.

4- In case of refusal to fill the form, take the written refusal statement with a stamp or signature as proof. If they don't give written, ask them that you want to record them saying their reason and take their details like name, designation, contact, etc. If neither is possible, just take their details like the name of the person whom you met, their designation, contact, or their visiting card.

5- If the location is not found on the given address, then take 7 to 8 geotagged photos of the exact address with the right & left name boards and make a small few seconds video of the address. Also get the details of any nearby business (name of person, business name and contact who can tell you whether the institution existed or not)

6- Please ensure that the name on the document matches the name on the signboard of the authority you visit. If there is a different name, ask them for the reason for the discrepancy. Ask them to write a one-line explanation on the form or provide BRC.

7- Check the forms before leaving the site. Ensure that the start date, end date, and designation are the same on both the form and the certificate.

8- Check that all the fields are properly filled on the form.

9- Stay in contact with me during the visit so we can guide you better according to the situation.",pre-employment | verification | needed | latvia | 1- | task | visit | polyclinic | ministry | interior | latvia | physically | take | least | 8-9 | geotagged | photos | name | board | institute | captured | outside | building | preferably | inside | download | app | geotagged | pics | link | android | app | link | login | view | url | iphone | app | link | login | view | url | get | app | note | latitudes | longitudes | location | get | simple | pictures | 2- | get | verification | forms | filled | signed | stamped | hr | relevant | authority | locations | 3- | get | details | verifier | name | designation | department | contact | 4- | case | refusal | fill | form | take | written | refusal | statement | stamp | signature | proof | give | written | ask | want | record | saying | reason | take | details | like | name | designation | contact | etc | neither | possible | take | details | like | name | person | met | designation | contact | visiting | card | 5- | location | found | given | address | take | geotagged | photos | exact | address | right | left | name | boards | make | small | seconds | video | address | also | get | details | nearby | business | name | person | business | name | contact | tell | whether | institution | existed | 6- | please | ensure | name | document | matches | name | signboard | authority | visit | different | name | ask | reason | discrepancy | ask | write | one-line | explanation | form | provide | brc | 7- | check | forms | leaving | site | ensure | start | date | end | date | designation | form | certificate | 8- | check | fields | properly | filled | form | 9- | stay | contact | visit | guide | better | according | situation | photography | photography | data | collection | documentation | customer | service | android | mobile | app | development | iphone | data | entry | gps | research | unknown,207,30.0,USD,fixed,photography | photography | data collection | documentation | customer service | android | mobile app development | iphone | data entry | gps | research,unknown,Unknown
Freelancer.com,https://www.freelancer.com/projects/cnc/engraved-solid-wood-tabletop-slab,Engraved Solid Wood Tabletop Slab,engraved solid wood tabletop slab commissioning single furniture-grade slab serve finished top table primary material li,engraved solid wood tabletop slab commissioning single furniture-grade slab serve finished top table primary material like use birch left natural tone stain needed make white oak open alternative provided apply even stain brings color birch-like tone scope mill flatten solid wood slab final size dimension 27 40 cnc- hand-engrave vector artwork face file ready send svg dxf sand grits seal top-coat durable clear finish water-based preferred birch pack ship arrives unmarred ontario pick timeline need piece completed soon possible absolute latest end week please include estimated turnaround respond portfolio similar engraved slabs access cnc router laser handle full-size panels let know speed decision cnc cnc furniture design carpentry project management time management unknown,"I’m commissioning a single, furniture-grade slab to serve as the finished top of a table. The primary material I’d like you to use is birch, left in its natural tone so no stain will be needed. If you can make it white oak, I’m open to that alternative—provided you can apply an even stain that brings the color to a Birch-like tone.

Scope 
• Mill and flatten a solid wood slab to the final size Dimension: W 27"" x L 40"" x T 1 1/2"". 
• CNC- or hand-engrave my vector artwork on the face; the file is ready to send in SVG or DXF. 
• Sand through the grits, seal, and top-coat with a durable clear finish (water-based preferred for birch). 
• Pack and ship so it arrives unmarred. If in Ontario I can pick it up.

Timeline 
I need the piece completed as soon as possible, absolute latest - end of the week; please include an estimated turnaround when you respond.

If you have a portfolio of similar engraved slabs or access to a CNC router/laser that can handle full-size panels, let me know—this will speed up the decision.",engraved | solid | wood | tabletop | slab | commissioning | single | furniture-grade | slab | serve | finished | top | table | primary | material | like | use | birch | left | natural | tone | stain | needed | make | white | oak | open | alternative | provided | apply | even | stain | brings | color | birch-like | tone | scope | mill | flatten | solid | wood | slab | final | size | dimension | 27 | 40 | cnc- | hand-engrave | vector | artwork | face | file | ready | send | svg | dxf | sand | grits | seal | top-coat | durable | clear | finish | water-based | preferred | birch | pack | ship | arrives | unmarred | ontario | pick | timeline | need | piece | completed | soon | possible | absolute | latest | end | week | please | include | estimated | turnaround | respond | portfolio | similar | engraved | slabs | access | cnc | router | laser | handle | full-size | panels | let | know | speed | decision | cnc | cnc | furniture | design | carpentry | project | management | time | management | unknown,113,500.0,USD,fixed,cnc | cnc | furniture design | carpentry | project management | time management,unknown,Unknown
Freelancer.com,https://www.freelancer.com/projects/documentation/addis-ababa-employment-verification,Addis Ababa Employment Verification,addis ababa employment verification procedure review document check address take 7-8 geotagged site visit pictures ia di,addis ababa employment verification procedure review document check address take 7-8 geotagged site visit pictures ia different angles gate signage ia must visible submit documents relevant person hr admin exam depart hod receptionist owner head manager etc ask verifier provide us verification filling form refuse ask provide us verification official letter head per institute policy note verifier details ask business card fill site visit form written recorded refusal statement case refusal documentation documentation photography data processing data entry database administration word powerpoint photo editing local job data mining unknown,"Procedure:
1 – Review the document and check address.
2 – Take 7-8 Geotagged site visit pictures of the IA with different angles (Gate and Signage of the IA must be visible)
3 – Submit the documents to the relevant person (HR/Admin/Exam depart/HOD/Receptionist/Owner/Head/Manager etc.)
4 – Ask the verifier to provide us verification by filling out the form or if they refuse ask them to provide us verification on official letter head or as per the institute’s policy.
5 – Note down the Verifier Details and ask for business card.
6 – Fill out the Site visit form.
7 - Written/Recorded Refusal statement in case of refusal.",addis | ababa | employment | verification | procedure | review | document | check | address | take | 7-8 | geotagged | site | visit | pictures | ia | different | angles | gate | signage | ia | must | visible | submit | documents | relevant | person | hr | admin | exam | depart | hod | receptionist | owner | head | manager | etc | ask | verifier | provide | us | verification | filling | form | refuse | ask | provide | us | verification | official | letter | head | per | institute | policy | note | verifier | details | ask | business | card | fill | site | visit | form | written | recorded | refusal | statement | case | refusal | documentation | documentation | photography | data | processing | data | entry | database | administration | word | powerpoint | photo | editing | local | job | data | mining | unknown,89,20.0,USD,fixed,documentation | documentation | photography | data processing | data entry | database administration | word | powerpoint | photo editing | local job | data mining,unknown,Unknown
Freelancer.com,https://www.freelancer.com/projects/print-design/html-book-pdf-word-conversion,HTML Book PDF/WORD Conversion,html book pdf word conversion single 600 kb html file contains entire 164-page book need file rendered print-ready pdf t,html book pdf word conversion single 600 kb html file contains entire 164-page book need file rendered print-ready pdf trimmed 152 229 mm existing css backgrounds colours fonts styling must appear exactly browser please keep every font-face style rule intact pdf flow without inserting extra page breaks inside section running headers alternate odd even pages markup already indicates needs appear side page-number placement must follow logic already embedded html please override see issue current numbering scheme flag first otherwise preserve use either wkhtmltopdf prince xml whichever produces cleanest faithful output supply html linked style sheets assets return single press-ready pdf passes quick pre-flight acrobat deliverable one print-ready pdf identical styling source html meeting header footer pagination requirements ready hand files soon begin print design print design adobe acrobat web design web development html css javascript html5 unknown,"I have a single 600 KB HTML file that contains my entire 164-page book. I need this file rendered to a print-ready PDF trimmed to 6 × 9 in (152 × 229 mm). All existing CSS backgrounds, colours, fonts and styling must appear exactly as they do in the browser, so please keep every @font-face and style rule intact.

The PDF has to flow without inserting extra page breaks inside any section. Running headers should alternate on odd and even pages (the markup already indicates what needs to appear on each side), and the page-number placement must follow the logic already embedded in my HTML—please do not override it. If you see an issue with the current numbering scheme, flag it first; otherwise preserve it.

Use either wkhtmltopdf or Prince XML—whichever produces the cleanest, most faithful output. I will supply the HTML, its linked style sheets, and assets; you return a single, press-ready PDF that passes a quick pre-flight in Acrobat.

Deliverable:
• One print-ready PDF at 6 × 9 in, identical in styling to the source HTML and meeting the header, footer, and pagination requirements above.

I am ready to hand over the files as soon as you can begin.",html | book | pdf | word | conversion | single | 600 | kb | html | file | contains | entire | 164-page | book | need | file | rendered | print-ready | pdf | trimmed | 152 | 229 | mm | existing | css | backgrounds | colours | fonts | styling | must | appear | exactly | browser | please | keep | every | font-face | style | rule | intact | pdf | flow | without | inserting | extra | page | breaks | inside | section | running | headers | alternate | odd | even | pages | markup | already | indicates | needs | appear | side | page-number | placement | must | follow | logic | already | embedded | html | please | override | see | issue | current | numbering | scheme | flag | first | otherwise | preserve | use | either | wkhtmltopdf | prince | xml | whichever | produces | cleanest | faithful | output | supply | html | linked | style | sheets | assets | return | single | press-ready | pdf | passes | quick | pre-flight | acrobat | deliverable | one | print-ready | pdf | identical | styling | source | html | meeting | header | footer | pagination | requirements | ready | hand | files | soon | begin | print | design | print | design | adobe | acrobat | web | design | web | development | html | css | javascript | html5 | unknown,137,1050.0,INR,fixed,print design | print design | adobe acrobat | web design | web development | html | css | javascript | html5,unknown,Unknown
Freelancer.com,https://www.freelancer.com/projects/fusion-360/esp-smart-pen-firmware-cad,ESP32 Smart-Pen Firmware & CAD,esp32 smart-pen firmware cad advancing connected-pen prototype built around esp32 compact lcd 9-axis imu rough arduino-i,esp32 smart-pen firmware cad advancing connected-pen prototype built around esp32 compact lcd 9-axis imu rough arduino-ide sketch runs needs clean documented code solid debugging three boards talk flawlessly key tasks include writing optimising firmware reads imu data i²c spi cleaner processes orientation updates lcd real time without flicker adding power-saving routines ota update support esp32 tracing curing intermittent reset bug seeing screen backlight spikes mechanical side pen housing partly modelled fusion 360 like help tightening design generating reliable three-axis toolpaths small grbl-based router mill shells acrylic aluminium deliverables well-commented arduino-ide project compiles cleanly esp32 streams imu data lcd survives 24-hour runtime test step fcstd f3d files final enclosure plus post-processed g-code ready ¼-inch mm end mills short write-up inline comments explaining hardware changes recommend know way around esp-idf prefer platformio open arduino compatibility remain let make pen behave like product-ready device fusion 360 fusion 360 g-code embedded systems debugging arduino electronics microcontroller electrical engineering unknown,"I’m advancing a connected-pen prototype built around an ESP32, a compact LCD, and a 9-axis IMU. My rough Arduino-IDE sketch runs, but it needs clean, documented code and solid debugging so the three boards talk flawlessly. Key tasks include: 

• Writing/optimising firmware that reads IMU data over I²C (or SPI if cleaner), processes orientation, then updates the LCD in real time without flicker. 
• Adding power-saving routines and OTA update support for the ESP32. 
• Tracing and curing the intermittent reset bug I’m seeing when the screen backlight spikes. 

On the mechanical side, the pen’s housing is partly modelled in Fusion 360. I’d like help tightening the design and then generating reliable three-axis toolpaths for my small GRBL-based router so I can mill the shells in acrylic and aluminium. 

Deliverables 
1. Well-commented Arduino-IDE project that compiles cleanly for ESP32, streams IMU data to the LCD, and survives a 24-hour runtime test. 
2. Step/FCStd/F3D files of the final enclosure, plus post-processed G-code ready for my ¼-inch and 1 mm end mills. 
3. Short write-up (or inline comments) explaining any hardware changes you recommend. 

If you know your way around ESP-IDF or prefer PlatformIO, I’m open, but Arduino compatibility has to remain. Let’s make this pen behave like a product-ready device.",esp32 | smart-pen | firmware | cad | advancing | connected-pen | prototype | built | around | esp32 | compact | lcd | 9-axis | imu | rough | arduino-ide | sketch | runs | needs | clean | documented | code | solid | debugging | three | boards | talk | flawlessly | key | tasks | include | writing | optimising | firmware | reads | imu | data | i²c | spi | cleaner | processes | orientation | updates | lcd | real | time | without | flicker | adding | power-saving | routines | ota | update | support | esp32 | tracing | curing | intermittent | reset | bug | seeing | screen | backlight | spikes | mechanical | side | pen | housing | partly | modelled | fusion | 360 | like | help | tightening | design | generating | reliable | three-axis | toolpaths | small | grbl-based | router | mill | shells | acrylic | aluminium | deliverables | well-commented | arduino-ide | project | compiles | cleanly | esp32 | streams | imu | data | lcd | survives | 24-hour | runtime | test | step | fcstd | f3d | files | final | enclosure | plus | post-processed | g-code | ready | ¼-inch | mm | end | mills | short | write-up | inline | comments | explaining | hardware | changes | recommend | know | way | around | esp-idf | prefer | platformio | open | arduino | compatibility | remain | let | make | pen | behave | like | product-ready | device | fusion | 360 | fusion | 360 | g-code | embedded | systems | debugging | arduino | electronics | microcontroller | electrical | engineering | unknown,155,20.0,USD,fixed,fusion 360 | fusion 360 | g-code | embedded systems | debugging | arduino | electronics | microcontroller | electrical engineering,unknown,Unknown
Freelancer.com,https://www.freelancer.com/projects/manufacturing/fractional-company-president-coo,"Fractional Company President / COO — Manufacturing, Supply Chain & Growth",fractional company president coo manufacturing supply chain growth fractional president coo danken industries luxury fur,fractional company president coo manufacturing supply chain growth fractional president coo danken industries luxury furniture golf carts wheels rims manufacturing supply chain growth execution location remote global focus regions united states dominican republic china type fractional ongoing milestone-based compensation limited startup base incentives performance bonuses danken industries danken industries early-stage product manufacturing startup focused building cross-border sourcing manufacturing u.s distribution model primary focus luxury furniture smart furniture mechanized furniture including beds smart beds sofas sectionals electric recliners mattresses smart bedroom sets home theater seating commercial hospitality furniture furniture features may include electric recline bluetooth speakers usb type-c charging wireless charging led lighting touch controls fireplaces tv lifts adjustable mechanisms power motion smart components also evaluating secondary product categories including custom 4-seat 6-seat electric golf carts golf cart parts accessories wheels rims tires related aftermarket private-label opportunities furniture remains main priority secondary categories part long-term operating platform intended model may include china global sourcing components mechanisms electronics golf cart parts wheels rims tires raw materials dominican republic toll manufacturing assembly fabrication support possible final production u.s sales distribution compliance customer delivery market expansion role overview seeking hands-on fractional president coo help build structure execute danken industries startup stage scalable operations passive advisory role need founder right-hand operating partner help turn product ideas sourcing opportunities supplier relationships manufacturing plans sales channels execution priorities structured operating business right candidate comfortable wearing multiple hats across operations sourcing supply chain logistics product development coordination toll manufacturing cost control sales development project management workflows dashboards sops reporting accountability key responsibilities selected candidate may help building company structure departments roles reporting systems execution roadmap creating practical launch plan furniture smart furniture golf carts wheels rims tires coordinating designers engineers sourcing reps vendors factories logistics contacts future team members supporting luxury smart furniture development including beds sofas recliners mattresses sectionals furniture electrical electronic mechanized features supporting sourcing smart components recline systems actuators adjustable bases bluetooth led lighting usb type-c charging wireless charging fireplaces tv lifts control panels wiring harnesses power supplies supporting golf cart wheels rims tires sourcing development needed structuring china global sourcing rfqs quote comparisons factory vetting supplier scorecards backup suppliers negotiation strategy helping develop dominican republic toll manufacturing assembly pilot production qc planning production-readiness workflows building logistics strategy across china dominican republic united states supporting dealer distributor wholesale retail hospitality commercial b2b online direct sales channel development building cost models unit economics bom review target cost tracking margin protection cost-reduction plans helping identify onboard future specialists vendors contractors sourcing support qc support production managers initial phase objective danken industries still early startup planning development stage yet finalized execution plan place purpose role help us build plan ground selected candidate help turn current business vision product categories sourcing ideas manufacturing concepts sales goals clear execution roadmap initial phase may include reviewing business concept product categories startup goals developing first real execution roadmap identifying key gaps risks assumptions missing pieces defining sourcing manufacturing logistics sales-development strategy determining best path toward samples supplier validation production readiness recommending needed specialists vendors engineers sourcing agents logistics support contractors organizing workflows reporting project tracking accountability looking someone simply follow prebuilt plan need someone help build plan validate strategy organize execution prepare business samples initial production ideal candidate strong preference someone experience several following fractional president coo general manager operating partner similar leadership role startup early-stage company building furniture smart furniture motion furniture electric recliners adjustable beds mattresses sofas sectionals home furnishings golf carts low-speed electric vehicles wheels rims tires automotive accessories mechanical electrical products oem private-label product development china sourcing rfqs supplier vetting factory coordination dominican republic caribbean latin america global manufacturing operations toll manufacturing contract manufacturing logistics import export landed-cost analysis dealer distributor b2b retail hospitality commercial wholesale sales channel development cost reduction bom review unit economics dashboards sops workflows accountability systems compensation new startup role virtual remote-based starting initial base compensation limited beginning however open building fair structure rewards execution results looking someone understands early-stage startup realities open structure balances limited starting compensation bonus upsides apply please include relevant experience examples businesses operations helped build scale experience furniture smart furniture golf carts wheels rims tires sourcing manufacturing logistics product-based businesses experience electrical mechanized technology-integrated products would approach creating first-phase execution plan would help us get organized supplier validation samples early production proposed deliverables preferred compensation structure looking someone practical hands-on execution-focused capable helping build danken industries idea structure sourcing samples production sales scale best regards daniel danken industries manufacturing manufacturing operations management project management product development startup consulting supply chain manufacturing strategy logistics unknown,"Fractional President / COO — DanKen Industries

Luxury Furniture, Golf Carts, Wheels/Rims, Manufacturing, Supply Chain & Growth Execution

Location: Remote / Global
Focus Regions: United States + Dominican Republic + China
Type: Fractional / Ongoing / Milestone-Based
Compensation: Limited Startup Base + Incentives / Performance Bonuses

About DanKen Industries

DanKen Industries is an early-stage product manufacturing startup focused on building a cross-border sourcing, manufacturing, and U.S. distribution model.

Our primary focus is luxury furniture, smart furniture, and mechanized furniture, including beds, smart beds, sofas, sectionals, electric recliners, mattresses, smart bedroom sets, home theater seating, and commercial/hospitality furniture.

Furniture features may include electric recline, Bluetooth speakers, USB/Type-C charging, wireless charging, LED lighting, touch controls, fireplaces, TV lifts, adjustable mechanisms, power motion, and other smart components.

We are also evaluating secondary product categories, including custom 4-seat and 6-seat electric golf carts, golf cart parts/accessories, wheels, rims, tires, and related aftermarket or private-label opportunities. Furniture remains the main priority, but these secondary categories are part of the long-term operating platform.

Our intended model may include:

- China/global sourcing for components, mechanisms, electronics, golf cart parts, wheels, rims, tires, and raw materials
- Dominican Republic toll manufacturing, assembly, fabrication support, and possible final production
- U.S. sales, distribution, compliance, customer delivery, and market expansion

Role Overview

We are seeking a hands-on Fractional President / COO to help build, structure, and execute DanKen Industries from the startup stage into scalable operations.

This is not a passive advisory role. We need a founder’s right-hand operating partner who can help turn product ideas, sourcing opportunities, supplier relationships, manufacturing plans, sales channels, and execution priorities into a structured operating business.

The right candidate should be comfortable wearing multiple hats across operations, sourcing, supply chain, logistics, product development coordination, toll manufacturing, cost control, sales development, project management, workflows, dashboards, SOPs, reporting, and accountability.

Key Responsibilities

The selected candidate may help with:

- Building the company structure, departments, roles, reporting systems, and execution roadmap
- Creating a practical launch plan for furniture, smart furniture, golf carts, wheels, rims, and tires
- Coordinating designers, engineers, sourcing reps, vendors, factories, logistics contacts, and future team members
- Supporting luxury/smart furniture development, including beds, sofas, recliners, mattresses, sectionals, and furniture with electrical/electronic/mechanized features
- Supporting sourcing for smart components such as recline systems, actuators, adjustable bases, Bluetooth, LED lighting, USB/Type-C charging, wireless charging, fireplaces, TV lifts, control panels, wiring harnesses, and power supplies
- Supporting golf cart, wheels/rims/tires sourcing and development where needed
- Structuring China/global sourcing, RFQs, quote comparisons, factory vetting, supplier scorecards, backup suppliers, and negotiation strategy
- Helping develop Dominican Republic toll manufacturing, assembly, pilot production, QC planning, and production-readiness workflows
- Building logistics strategy across China → Dominican Republic → United States
- Supporting dealer, distributor, wholesale, retail, hospitality, commercial, B2B, online, and direct sales channel development
- Building cost models, unit economics, BOM review, target cost tracking, margin protection, and cost-reduction plans
- Helping identify and onboard future specialists, vendors, contractors, sourcing support, QC support, and production managers

Initial Phase Objective

DanKen Industries is still in the early startup planning and development stage. We do not yet have a finalized execution plan in place.

The purpose of this role is to help us build that plan from the ground up.

The selected candidate should help turn our current business vision, product categories, sourcing ideas, manufacturing concepts, and sales goals into a clear execution roadmap.

The initial phase may include:

- Reviewing the business concept, product categories, and startup goals
- Developing the first real execution roadmap
- Identifying key gaps, risks, assumptions, and missing pieces
- Defining sourcing, manufacturing, logistics, and sales-development strategy
- Determining the best path toward samples, supplier validation, and production readiness
- Recommending needed specialists, vendors, engineers, sourcing agents, logistics support, and contractors
- Organizing workflows, reporting, project tracking, and accountability

We are not looking for someone to simply follow a prebuilt plan. We need someone who can help build the plan, validate the strategy, organize execution, and prepare the business for samples and initial production.

Ideal Candidate

Strong preference for someone with experience in several of the following:

- Fractional President, COO, General Manager, Operating Partner, or similar leadership role
- Startup or early-stage company building
- Furniture, smart furniture, motion furniture, electric recliners, adjustable beds, mattresses, sofas, sectionals, or home furnishings
- Golf carts, low-speed electric vehicles, wheels, rims, tires, automotive accessories, or mechanical/electrical products
- OEM/private-label product development
- China sourcing, RFQs, supplier vetting, and factory coordination
- Dominican Republic, Caribbean, Latin America, or global manufacturing operations
- Toll manufacturing, contract manufacturing, logistics, import/export, and landed-cost analysis
- Dealer, distributor, B2B, retail, hospitality, commercial, wholesale, or sales channel development
- Cost reduction, BOM review, unit economics, dashboards, SOPs, workflows, and accountability systems

Compensation

This is a new startup and the role will be virtual/remote-based starting out, so initial base compensation will be limited in the beginning. However, we are open to building a fair structure that rewards execution and results.

We are looking for someone who understands early-stage startup realities and is open to a structure that balances limited starting compensation with bonus upsides.

To Apply

Please include:

- Relevant experience and examples of businesses or operations you helped build or scale
- Experience with furniture, smart furniture, golf carts, wheels/rims/tires, sourcing, manufacturing, logistics, or product-based businesses
- Experience with electrical, mechanized, or technology-integrated products
- How you would approach creating the first-phase execution plan
- How you would help us get organized for supplier validation, samples, and early production
- Proposed deliverables
- Preferred compensation structure

We are looking for someone practical, hands-on, execution-focused, and capable of helping build DanKen Industries from idea → structure → sourcing → samples → production → sales → scale.

Best regards,
Daniel
DanKen Industries",fractional | company | president | coo | manufacturing | supply | chain | growth | fractional | president | coo | danken | industries | luxury | furniture | golf | carts | wheels | rims | manufacturing | supply | chain | growth | execution | location | remote | global | focus | regions | united | states | dominican | republic | china | type | fractional | ongoing | milestone-based | compensation | limited | startup | base | incentives | performance | bonuses | danken | industries | danken | industries | early-stage | product | manufacturing | startup | focused | building | cross-border | sourcing | manufacturing | u.s | distribution | model | primary | focus | luxury | furniture | smart | furniture | mechanized | furniture | including | beds | smart | beds | sofas | sectionals | electric | recliners | mattresses | smart | bedroom | sets | home | theater | seating | commercial | hospitality | furniture | furniture | features | may | include | electric | recline | bluetooth | speakers | usb | type-c | charging | wireless | charging | led | lighting | touch | controls | fireplaces | tv | lifts | adjustable | mechanisms | power | motion | smart | components | also | evaluating | secondary | product | categories | including | custom | 4-seat | 6-seat | electric | golf | carts | golf | cart | parts | accessories | wheels | rims | tires | related | aftermarket | private-label | opportunities | furniture | remains | main | priority | secondary | categories | part | long-term | operating | platform | intended | model | may | include | china | global | sourcing | components | mechanisms | electronics | golf | cart | parts | wheels | rims | tires | raw | materials | dominican | republic | toll | manufacturing | assembly | fabrication | support | possible | final | production | u.s | sales | distribution | compliance | customer | delivery | market | expansion | role | overview | seeking | hands-on | fractional | president | coo | help | build | structure | execute | danken | industries | startup | stage | scalable | operations | passive | advisory | role | need | founder | right-hand | operating | partner | help | turn | product | ideas | sourcing | opportunities | supplier | relationships | manufacturing | plans | sales | channels | execution | priorities | structured | operating | business | right | candidate | comfortable | wearing | multiple | hats | across | operations | sourcing | supply | chain | logistics | product | development | coordination | toll | manufacturing | cost | control | sales | development | project | management | workflows | dashboards | sops | reporting | accountability | key | responsibilities | selected | candidate | may | help | building | company | structure | departments | roles | reporting | systems | execution | roadmap | creating | practical | launch | plan | furniture | smart | furniture | golf | carts | wheels | rims | tires | coordinating | designers | engineers | sourcing | reps | vendors | factories | logistics | contacts | future | team | members | supporting | luxury | smart | furniture | development | including | beds | sofas | recliners | mattresses | sectionals | furniture | electrical | electronic | mechanized | features | supporting | sourcing | smart | components | recline | systems | actuators | adjustable | bases | bluetooth | led | lighting | usb | type-c | charging | wireless | charging | fireplaces | tv | lifts | control | panels | wiring | harnesses | power | supplies | supporting | golf | cart | wheels | rims | tires | sourcing | development | needed | structuring | china | global | sourcing | rfqs | quote | comparisons | factory | vetting | supplier | scorecards | backup | suppliers | negotiation | strategy | helping | develop | dominican | republic | toll | manufacturing | assembly | pilot | production | qc | planning | production-readiness | workflows | building | logistics | strategy | across | china | dominican | republic | united | states | supporting | dealer | distributor | wholesale | retail | hospitality | commercial | b2b | online | direct | sales | channel | development | building | cost | models | unit | economics | bom | review | target | cost | tracking | margin | protection | cost-reduction | plans | helping | identify | onboard | future | specialists | vendors | contractors | sourcing | support | qc | support | production | managers | initial | phase | objective | danken | industries | still | early | startup | planning | development | stage | yet | finalized | execution | plan | place | purpose | role | help | us | build | plan | ground | selected | candidate | help | turn | current | business | vision | product | categories | sourcing | ideas | manufacturing | concepts | sales | goals | clear | execution | roadmap | initial | phase | may | include | reviewing | business | concept | product | categories | startup | goals | developing | first | real | execution | roadmap | identifying | key | gaps | risks | assumptions | missing | pieces | defining | sourcing | manufacturing | logistics | sales-development | strategy | determining | best | path | toward | samples | supplier | validation | production | readiness | recommending | needed | specialists | vendors | engineers | sourcing | agents | logistics | support | contractors | organizing | workflows | reporting | project | tracking | accountability | looking | someone | simply | follow | prebuilt | plan | need | someone | help | build | plan | validate | strategy | organize | execution | prepare | business | samples | initial | production | ideal | candidate | strong | preference | someone | experience | several | following | fractional | president | coo | general | manager | operating | partner | similar | leadership | role | startup | early-stage | company | building | furniture | smart | furniture | motion | furniture | electric | recliners | adjustable | beds | mattresses | sofas | sectionals | home | furnishings | golf | carts | low-speed | electric | vehicles | wheels | rims | tires | automotive | accessories | mechanical | electrical | products | oem | private-label | product | development | china | sourcing | rfqs | supplier | vetting | factory | coordination | dominican | republic | caribbean | latin | america | global | manufacturing | operations | toll | manufacturing | contract | manufacturing | logistics | import | export | landed-cost | analysis | dealer | distributor | b2b | retail | hospitality | commercial | wholesale | sales | channel | development | cost | reduction | bom | review | unit | economics | dashboards | sops | workflows | accountability | systems | compensation | new | startup | role | virtual | remote-based | starting | initial | base | compensation | limited | beginning | however | open | building | fair | structure | rewards | execution | results | looking | someone | understands | early-stage | startup | realities | open | structure | balances | limited | starting | compensation | bonus | upsides | apply | please | include | relevant | experience | examples | businesses | operations | helped | build | scale | experience | furniture | smart | furniture | golf | carts | wheels | rims | tires | sourcing | manufacturing | logistics | product-based | businesses | experience | electrical | mechanized | technology-integrated | products | would | approach | creating | first-phase | execution | plan | would | help | us | get | organized | supplier | validation | samples | early | production | proposed | deliverables | preferred | compensation | structure | looking | someone | practical | hands-on | execution-focused | capable | helping | build | danken | industries | idea | structure | sourcing | samples | production | sales | scale | best | regards | daniel | danken | industries | manufacturing | manufacturing | operations | management | project | management | product | development | startup | consulting | supply | chain | manufacturing | strategy | logistics | unknown,755,140.0,USD,fixed,manufacturing | manufacturing | operations management | project management | product development | startup consulting | supply chain | manufacturing strategy | logistics,unknown,Unknown
Freelancer.com,https://www.freelancer.com/projects/adobe-illustrator/vintage-informational-brochure-design,Vintage Informational Brochure Design Needed,vintage informational brochure design needed want turn collection text images polished informational brochure feels unmi,vintage informational brochure design needed want turn collection text images polished informational brochure feels unmistakably vintage think muted palettes classic typography subtle textures instead heavy retro gimmicks goal clarity first style second readers quickly grasp information enjoying elegant old-world aesthetic stands apart standard corporate collateral move project forward layout artwork created adobe indesign illustrator make future edits print-ready pdf cmyk 300 dpi bleeds plus packaged source files consistent vintage look across every page balancing text blocks imagery nothing feels crowded final size fold format decided together first concept draft copy logos several hi-res photos ready refine arrangements choose complementary fonts add period-inspired graphic flourishes necessary hit timeless feel two revision rounds initial concept enough flexible need touch polish vintage styling wheelhouse comfortable shaping succinct informative layouts love see samples past brochures similar print pieces handled adobe illustrator adobe illustrator print design typography visual design graphic design brochure design adobe indesign illustrator unknown,"I want to turn a collection of text and images into a polished informational brochure that feels unmistakably vintage—think muted palettes, classic typography, and subtle textures instead of heavy retro gimmicks. The goal is clarity first, style second: readers should quickly grasp the information while enjoying an elegant, old-world aesthetic that stands apart from standard corporate collateral.

Here is what will move the project forward:
• Layout and artwork created in Adobe InDesign or Illustrator so I can make future edits.
• Print-ready PDF (CMYK, 300 dpi, with bleeds) plus all packaged source files.
• Consistent vintage look across every page, balancing text blocks and imagery so nothing feels crowded.
• Final size and fold format decided together after your first concept draft.

I have copy, logos, and several hi-res photos ready; you’ll refine arrangements, choose complementary fonts, and add any period-inspired graphic flourishes necessary to hit that timeless feel. Two revision rounds after the initial concept should be enough, but I’m flexible if we need a touch more polish.

If vintage styling is in your wheelhouse and you’re comfortable shaping succinct, informative layouts, I’d love to see a few samples of past brochures or similar print pieces you’ve handled.",vintage | informational | brochure | design | needed | want | turn | collection | text | images | polished | informational | brochure | feels | unmistakably | vintage | think | muted | palettes | classic | typography | subtle | textures | instead | heavy | retro | gimmicks | goal | clarity | first | style | second | readers | quickly | grasp | information | enjoying | elegant | old-world | aesthetic | stands | apart | standard | corporate | collateral | move | project | forward | layout | artwork | created | adobe | indesign | illustrator | make | future | edits | print-ready | pdf | cmyk | 300 | dpi | bleeds | plus | packaged | source | files | consistent | vintage | look | across | every | page | balancing | text | blocks | imagery | nothing | feels | crowded | final | size | fold | format | decided | together | first | concept | draft | copy | logos | several | hi-res | photos | ready | refine | arrangements | choose | complementary | fonts | add | period-inspired | graphic | flourishes | necessary | hit | timeless | feel | two | revision | rounds | initial | concept | enough | flexible | need | touch | polish | vintage | styling | wheelhouse | comfortable | shaping | succinct | informative | layouts | love | see | samples | past | brochures | similar | print | pieces | handled | adobe | illustrator | adobe | illustrator | print | design | typography | visual | design | graphic | design | brochure | design | adobe | indesign | illustrator | unknown,152,25000.0,INR,fixed,adobe illustrator | adobe illustrator | print design | typography | visual design | graphic design | brochure design | adobe indesign | illustrator,unknown,Unknown
Freelancer.com,https://www.freelancer.com/projects/customer-support/corporate-event-management-40515702,Corporate Event Management -- 74660,corporate event management -- 74660 need seasoned professional team comprehensive planning coordination corporate event ,corporate event management -- 74660 need seasoned professional team comprehensive planning coordination corporate event venue secured already focus ensuring event runs smoothly start finish project requires extensive experience event planning coordination particularly corporate functions exceptional organizational skills manage various aspects event proactive approach problem-solving ensuring seamless event experience please bid demonstrable experience similar projects customer support customer support customer service event staffing customer experience event management unknown,"I'm in need of a seasoned professional or team for comprehensive planning and coordination of a corporate event. The venue has been secured already, so the focus will be on ensuring the event runs smoothly from start to finish.

This project requires:
- Extensive experience in event planning and coordination, particularly for corporate functions.
- Exceptional organizational skills to manage various aspects of the event.
- A proactive approach to problem-solving and ensuring a seamless event experience.

Please, only bid if you have demonstrable experience in similar projects.",corporate | event | management | -- | 74660 | need | seasoned | professional | team | comprehensive | planning | coordination | corporate | event | venue | secured | already | focus | ensuring | event | runs | smoothly | start | finish | project | requires | extensive | experience | event | planning | coordination | particularly | corporate | functions | exceptional | organizational | skills | manage | various | aspects | event | proactive | approach | problem-solving | ensuring | seamless | event | experience | please | bid | demonstrable | experience | similar | projects | customer | support | customer | support | customer | service | event | staffing | customer | experience | event | management | unknown,67,140.0,EUR,fixed,customer support | customer support | customer service | event staffing | customer experience | event management,unknown,Unknown
Freelancer.com,https://www.freelancer.com/projects/keyword-research/local-off-page-seo-campaign,Local On-/Off-Page SEO Campaign...Will only review your proposal if messaged me directly,local on- off-page seo campaign...will review proposal messaged directly ready launch focused seo campaign combines stro,local on- off-page seo campaign...will review proposal messaged directly ready launch focused seo campaign combines strong on-page work authoritative off-page link building aimed driving local traffic site type issue matters ranking higher twenty hand-picked keywords securing 500 quality backlinks actually move needle area scope flow agree final keyword set 20 total realistic link-building plan reaches 500 backlinks without shortcuts spam every month calendar date deliver report keyword ranking shifts traffic growth links placed next-step recommendations verify month work release month milestone lump-sum payments milestones reply first message lock schedule start initial milestone immediately primary goal increase website traffic local searchers nothing else matters visitors grow comfortable working clear date-driven milestones demonstrate safe white-hat tactics message kick things keyword research keyword research seo auditing content marketing analytics seo link building internet marketing marketing seo writing search engine marketing unknown,"I’m ready to launch a focused SEO campaign that combines strong on-page work with authoritative off-page link building, all aimed at driving more local traffic. The site type itself isn’t the issue—what matters is ranking higher for twenty hand-picked keywords and securing 500 quality backlinks that will actually move the needle in my area.

Scope and flow 
• You and I will agree on the final keyword set (20 total) and a realistic link-building plan that reaches 500 backlinks without shortcuts or spam. 
• Every month, on the same calendar date, you’ll deliver your report: keyword ranking shifts, traffic growth, links placed, and next-step recommendations. 
• Once I verify the month’s work, I release that month’s milestone. No lump-sum payments; milestones only. I’ll reply to your first message so we can lock in the schedule and start the initial milestone immediately.

Primary goal 
Increase website traffic from local searchers—nothing else matters if visitors don’t grow.

If you’re comfortable working to these clear, date-driven milestones and can demonstrate safe white-hat tactics, message me and we’ll kick things off.",local | on- | off-page | seo | campaign...will | review | proposal | messaged | directly | ready | launch | focused | seo | campaign | combines | strong | on-page | work | authoritative | off-page | link | building | aimed | driving | local | traffic | site | type | issue | matters | ranking | higher | twenty | hand-picked | keywords | securing | 500 | quality | backlinks | actually | move | needle | area | scope | flow | agree | final | keyword | set | 20 | total | realistic | link-building | plan | reaches | 500 | backlinks | without | shortcuts | spam | every | month | calendar | date | deliver | report | keyword | ranking | shifts | traffic | growth | links | placed | next-step | recommendations | verify | month | work | release | month | milestone | lump-sum | payments | milestones | reply | first | message | lock | schedule | start | initial | milestone | immediately | primary | goal | increase | website | traffic | local | searchers | nothing | else | matters | visitors | grow | comfortable | working | clear | date-driven | milestones | demonstrate | safe | white-hat | tactics | message | kick | things | keyword | research | keyword | research | seo | auditing | content | marketing | analytics | seo | link | building | internet | marketing | marketing | seo | writing | search | engine | marketing | unknown,138,140.0,USD,fixed,keyword research | keyword research | seo auditing | content marketing | analytics | seo | link building | internet marketing | marketing | seo writing | search engine marketing,unknown,Unknown
Freelancer.com,https://www.freelancer.com/projects/web-development/comprehensive-operations-platform,Comprehensive HR and Operations Platform,comprehensive hr operations platform full operations saas platform web mobile app simple website think all-in-one hr cli,comprehensive hr operations platform full operations saas platform web mobile app simple website think all-in-one hr client care compliance scheduling payroll communication system feature list developer staff management system clock clock gps location verification must group home clock face recognition selfie verification late clock-in alerts missed shift alerts overtime tracking staff profiles personal information emergency contacts role position training records certifications criminal record check expiry driver license expiry first aid cpr expiry staff documents storage admin upload store contracts ids certifications policies signed performance reviews disciplinary notes payroll support auto-calculate hours worked overtime calculation holiday pay sick days vacation tracking shift differential pay overnights weekends export payroll reports shift scheduling system shift posting publish weekly monthly shifts open shifts available pickup recurring shift templates shift bidding staff request available shifts admin approves gets shift swaps staff swap shifts admin approval required shift notifications new shifts posted shift canceled shift reminder hr open shifts available emergency replacement request smart scheduling prevent double-booking detect overtime risk detect understaffing skill-based assignment client management system every client separate secure digital file client profile full name date birth photo care level guardian family contacts medical information allergies medications diagnoses behavioral triggers safety plans funding source daily logs staff document mood activities meals sleep hygiene behaviors appointments community outings medication administration incidents progress tracking goals monthly progress reports behavior improvement charts document storage care plans assessments government forms medical records incident history incident reporting system important staff create incident reports aggression awol medication refusal self-harm risk injury property damage hospital visits police involvement features time date stamp witness section photo upload severity level supervisor review investigation notes corrective actions export pdf signature capture medication administration mar huge feature staff view medication schedule record administered meds record refused meds missed dose alerts refill reminders medication stock count controlled substances log admin audit logs medication compliance reports communication center internal messaging system staff-to-staff staff-to-admin admin announcements communication log shift handover notes important alerts daily house updates push notifications emergency alerts new incidents shift changes compliance audit system critical licensing track staff training expiry client file completeness incident trends medication errors policy acknowledgements audit dashboard missing documentation overdue reports compliance score task management daily checklist cleaning tasks medication checks fridge temperature logs vehicle checks bed checks wellness checks recurring tasks weekly house inspection fire drills grocery inventory inventory management track food inventory cleaning supplies hygiene products ppe medication stock alerts low stock expired items reorder reminders would solve low inventory overlooked issue 10 appointment management track medical appointments therapy sessions court dates school meetings family visits features calendar sync transportation assignment reminder alerts 11 finance billing track client funding per diem billing expenses staff payroll costs house operational costs reports profit loss cost per client staffing cost analysis 12 family portal optional family log view updates see appointments message admin upload documents approve outings 13 reports analytics dashboard admin see staff attendance overtime costs incident frequency client behavior trends medication compliance staffing shortages payroll summaries occupancy rates 14 training portal upload policies training videos orientation materials track completed training quiz scores mandatory annual refreshers 15 security features important handles vulnerable client data role-based access encrypted records two-factor authentication access logs auto logout data backup hipaa pipeda-ready privacy compliance important canada 16 mobile app features staff need phone quick clock-in quick notes incident reporting medication logging shift notifications emergency contact button advanced features highly recommended ai-powered suggestions flag unusual behaviors predict staffing shortages detect repeated incidents voice-to-text notes staff speak daily notes digital signatures staff acknowledgements incident reports medication logs photo documentation upload injuries damages receipts visitor log track family visits contractors social workers vehicle log track mileage fuel maintenance client transport house maintenance tracker track repairs service calls developer recommendation important developer build frontend react login view url mobile react native backend node.js database postgresql cloud aws google cloud security end-to-end encryption notifications firebase split sections building easier web development web development mobile app development database management react native ai development user experience research user interface ia compliance unknown,"Full operations SAAS platform (web + mobile app), not just a simple website. Think of it as an all-in-one HR + Client Care + Compliance + Scheduling + Payroll + Communication system.

Feature list your developer:

1. Staff Management System
Clock In / Clock Out
GPS location verification (must be at group home to clock in)
Face recognition/selfie verification
Late clock-in alerts
Missed shift alerts
Overtime tracking
Staff Profiles
Personal information
Emergency contacts
Role/position
Training records
Certifications
Criminal record check expiry
Driver’s license expiry
First Aid/CPR expiry
Staff Documents Storage
Admin can upload/store:
Contracts
IDs
Certifications
Policies signed
Performance reviews
Disciplinary notes
Payroll Support
Auto-calculate hours worked
Overtime calculation
Holiday pay
Sick days
Vacation tracking
Shift differential pay (overnights/weekends)
Export payroll reports

2. Shift Scheduling System
Shift Posting
Publish weekly/monthly shifts
Open shifts available for pickup
Recurring shift templates
Shift Bidding
Staff can request available shifts
Admin approves who gets it
Shift Swaps
Staff can swap shifts
Admin approval required
Shift Notifications
New shifts posted
Shift canceled
Shift reminder (1 hr before)
Open shifts available
Emergency replacement request
Smart Scheduling
Prevent double-booking
Detect overtime risk
Detect understaffing
Skill-based assignment

3. Client Management System
Every client should have a separate secure digital file
Client Profile
Full name
Date of birth
Photo
Care level
Guardian/family contacts
Medical information
Allergies
Medications
Diagnoses
Behavioral triggers
Safety plans
Funding source
Daily Logs
Staff can document:
Mood
Activities
Meals
Sleep
Hygiene
Behaviors
Appointments
Community outings
Medication administration
Incidents
Progress Tracking
Goals
Monthly progress reports
Behavior improvement charts
Document Storage
Care plans
Assessments
Government forms
Medical records
Incident history

4. Incident Reporting System
This is very important.
Staff can create incident reports for:
Aggression
AWOL
Medication refusal
Self-harm risk
Injury
Property damage
Hospital visits
Police involvement
Features:
Time/date stamp
Witness section
Photo upload
Severity level
Supervisor review
Investigation notes
Corrective actions
Export PDF
Signature capture

5. Medication Administration (MAR)
Huge feature.
Staff can:
View medication schedule
Record administered meds
Record refused meds
Missed dose alerts
Refill reminders
Medication stock count
Controlled substances log
Admin:
Audit logs
Medication compliance reports

6. Communication Center
Internal messaging system:
Staff-to-staff
Staff-to-admin
Admin announcements
Communication log:
Shift handover notes
Important alerts
Daily house updates
Push notifications:
Emergency alerts
New incidents
Shift changes

7. Compliance & Audit System
Critical for licensing.
Track:
Staff training expiry
Client file completeness
Incident trends
Medication errors
Policy acknowledgements
Audit dashboard:
Missing documentation
Overdue reports
Compliance score

8. Task Management
Daily checklist:
Cleaning tasks
Medication checks
Fridge temperature logs
Vehicle checks
Bed checks
Wellness checks
Recurring tasks:
Weekly house inspection
Fire drills
Grocery inventory

9. Inventory Management
Track:
Food inventory
Cleaning supplies
Hygiene products
PPE
Medication stock
Alerts for:
Low stock
Expired items
Reorder reminders
This would solve your “low inventory being overlooked” issue.

10. Appointment Management
Track:
Medical appointments
Therapy sessions
Court dates
School meetings
Family visits
Features:
Calendar sync
Transportation assignment
Reminder alerts

11. Finance & Billing
Track:
Client funding
Per diem billing
Expenses
Staff payroll costs
House operational costs
Reports:
Profit/loss
Cost per client
Staffing cost analysis

12. Family Portal (Optional)
Family can log in to:
View updates
See appointments
Message admin
Upload documents
Approve outings

13. Reports & Analytics Dashboard
Admin can see:
Staff attendance
Overtime costs
Incident frequency
Client behavior trends
Medication compliance
Staffing shortages
Payroll summaries
Occupancy rates

14. Training Portal
Upload:
Policies
Training videos
Orientation materials
Track:
Completed training
Quiz scores
Mandatory annual refreshers

15. Security Features (Very Important)
Because this handles vulnerable client data:
Role-based access
Encrypted records
Two-factor authentication
Access logs
Auto logout
Data backup
HIPAA/PIPEDA-ready privacy compliance (important in Canada)

16. Mobile App Features
Staff will need this on phone:
Quick clock-in
Quick notes
Incident reporting
Medication logging
Shift notifications
Emergency contact button
Advanced Features (Highly Recommended)
AI-Powered Suggestions
Flag unusual behaviors
Predict staffing shortages
Detect repeated incidents
Voice-to-Text Notes
Staff can speak daily notes.
Digital Signatures
For:
Staff acknowledgements
Incident reports
Medication logs
Photo Documentation
Upload injuries, damages, receipts.
Visitor Log
Track:
Family visits
Contractors
Social workers
Vehicle Log
Track:
Mileage
Fuel
Maintenance
Client transport
House Maintenance Tracker
Track repairs and service calls.

Developer Recommendation (Important)

Developer to build with:

Frontend
React / [login to view URL]
Mobile
React Native
Backend
Node.js
Database
PostgreSQL
Cloud
AWS or Google Cloud
Security
End-to-end encryption
Notifications
Firebase

We can split this into sections for building if easier.",comprehensive | hr | operations | platform | full | operations | saas | platform | web | mobile | app | simple | website | think | all-in-one | hr | client | care | compliance | scheduling | payroll | communication | system | feature | list | developer | staff | management | system | clock | clock | gps | location | verification | must | group | home | clock | face | recognition | selfie | verification | late | clock-in | alerts | missed | shift | alerts | overtime | tracking | staff | profiles | personal | information | emergency | contacts | role | position | training | records | certifications | criminal | record | check | expiry | driver | license | expiry | first | aid | cpr | expiry | staff | documents | storage | admin | upload | store | contracts | ids | certifications | policies | signed | performance | reviews | disciplinary | notes | payroll | support | auto-calculate | hours | worked | overtime | calculation | holiday | pay | sick | days | vacation | tracking | shift | differential | pay | overnights | weekends | export | payroll | reports | shift | scheduling | system | shift | posting | publish | weekly | monthly | shifts | open | shifts | available | pickup | recurring | shift | templates | shift | bidding | staff | request | available | shifts | admin | approves | gets | shift | swaps | staff | swap | shifts | admin | approval | required | shift | notifications | new | shifts | posted | shift | canceled | shift | reminder | hr | open | shifts | available | emergency | replacement | request | smart | scheduling | prevent | double-booking | detect | overtime | risk | detect | understaffing | skill-based | assignment | client | management | system | every | client | separate | secure | digital | file | client | profile | full | name | date | birth | photo | care | level | guardian | family | contacts | medical | information | allergies | medications | diagnoses | behavioral | triggers | safety | plans | funding | source | daily | logs | staff | document | mood | activities | meals | sleep | hygiene | behaviors | appointments | community | outings | medication | administration | incidents | progress | tracking | goals | monthly | progress | reports | behavior | improvement | charts | document | storage | care | plans | assessments | government | forms | medical | records | incident | history | incident | reporting | system | important | staff | create | incident | reports | aggression | awol | medication | refusal | self-harm | risk | injury | property | damage | hospital | visits | police | involvement | features | time | date | stamp | witness | section | photo | upload | severity | level | supervisor | review | investigation | notes | corrective | actions | export | pdf | signature | capture | medication | administration | mar | huge | feature | staff | view | medication | schedule | record | administered | meds | record | refused | meds | missed | dose | alerts | refill | reminders | medication | stock | count | controlled | substances | log | admin | audit | logs | medication | compliance | reports | communication | center | internal | messaging | system | staff-to-staff | staff-to-admin | admin | announcements | communication | log | shift | handover | notes | important | alerts | daily | house | updates | push | notifications | emergency | alerts | new | incidents | shift | changes | compliance | audit | system | critical | licensing | track | staff | training | expiry | client | file | completeness | incident | trends | medication | errors | policy | acknowledgements | audit | dashboard | missing | documentation | overdue | reports | compliance | score | task | management | daily | checklist | cleaning | tasks | medication | checks | fridge | temperature | logs | vehicle | checks | bed | checks | wellness | checks | recurring | tasks | weekly | house | inspection | fire | drills | grocery | inventory | inventory | management | track | food | inventory | cleaning | supplies | hygiene | products | ppe | medication | stock | alerts | low | stock | expired | items | reorder | reminders | would | solve | low | inventory | overlooked | issue | 10 | appointment | management | track | medical | appointments | therapy | sessions | court | dates | school | meetings | family | visits | features | calendar | sync | transportation | assignment | reminder | alerts | 11 | finance | billing | track | client | funding | per | diem | billing | expenses | staff | payroll | costs | house | operational | costs | reports | profit | loss | cost | per | client | staffing | cost | analysis | 12 | family | portal | optional | family | log | view | updates | see | appointments | message | admin | upload | documents | approve | outings | 13 | reports | analytics | dashboard | admin | see | staff | attendance | overtime | costs | incident | frequency | client | behavior | trends | medication | compliance | staffing | shortages | payroll | summaries | occupancy | rates | 14 | training | portal | upload | policies | training | videos | orientation | materials | track | completed | training | quiz | scores | mandatory | annual | refreshers | 15 | security | features | important | handles | vulnerable | client | data | role-based | access | encrypted | records | two-factor | authentication | access | logs | auto | logout | data | backup | hipaa | pipeda-ready | privacy | compliance | important | canada | 16 | mobile | app | features | staff | need | phone | quick | clock-in | quick | notes | incident | reporting | medication | logging | shift | notifications | emergency | contact | button | advanced | features | highly | recommended | ai-powered | suggestions | flag | unusual | behaviors | predict | staffing | shortages | detect | repeated | incidents | voice-to-text | notes | staff | speak | daily | notes | digital | signatures | staff | acknowledgements | incident | reports | medication | logs | photo | documentation | upload | injuries | damages | receipts | visitor | log | track | family | visits | contractors | social | workers | vehicle | log | track | mileage | fuel | maintenance | client | transport | house | maintenance | tracker | track | repairs | service | calls | developer | recommendation | important | developer | build | frontend | react | login | view | url | mobile | react | native | backend | node.js | database | postgresql | cloud | aws | google | cloud | security | end-to-end | encryption | notifications | firebase | split | sections | building | easier | web | development | web | development | mobile | app | development | database | management | react | native | ai | development | user | experience | research | user | interface | ia | compliance | unknown,670,4000.0,USD,fixed,web development | web development | mobile app development | database management | react native | ai development | user experience research | user interface ia | compliance,unknown,Unknown
Freelancer.com,https://www.freelancer.com/projects/translation/litigation-bankruptcy-check-media-news,"Litigation, Bankruptcy check and media news check in Afghanistan.",litigation bankruptcy check media news check afghanistan conduct research project following requirements must local afgh,litigation bankruptcy check media news check afghanistan conduct research project following requirements must local afghanistan note hiring part-timer kindly pre-check make sure pt knows sources conduct litigation bankruptcy check afghanistan germany task fulfillment files also attached give pt better understanding objectives targeted party individual please find job descriptions requirements conduct research provided individual party litigation sources native language english conduct research provided individual party bankruptcy insolvency sources native language english conduct research provided individual party local national news medias social media native language english example worthy relevant news court legal actions either plaintiff defendant bankruptcy insolvency announcement court judgments significant news individual party well related family members project duration hrs maximum skillsets experienced internet research related local law experienced legal check hr plus experienced summarizing legal case strong local english language proficiency delivery elements relevant document news reported native language must translated english social media handle targets weblink news together source link news date summary news information note milestone released following week monday job completion give us time organize report contact need additional clarification translation translation legal research report writing legal research legal writing data collection litigation unknown,"CONDUCT A RESEARCH PROJECT WITH THE FOLLOWING REQUIREMENTS:

YOU MUST BE A LOCAL OF Afghanistan

NOTE: Before hiring the Part-Timer, kindly do a pre-check to make sure if the PT knows the sources to conduct Litigation and Bankruptcy check in Afghanistan and Germany.


The task fulfillment files are also attached to give the PT a better understanding of the objectives.

Targeted party(s): 1 individual


PLEASE FIND THE JOB DESCRIPTIONS & REQUIREMENTS BELOW:

- Conduct research the provided [individual(s) or Party(s)] in all litigation sources in both native language and English;

- Conduct research the provided [individual(s) or Party(s)] in all bankruptcy and insolvency sources in both native language and English;

- Conduct research the provided [individual(s) or Party(s)] in all local and national news medias and social media in both native language and English.

- Example of worthy and relevant news:

· Court (legal) actions (either as plaintiff and/or defendant) o Bankruptcy/Insolvency announcement/court judgments

· Significant news on the individual(s) or Party(s) as well as related family members (if any)
 

PROJECT DURATION: 1 hrs (maximum)
 
SKILLSETS:

· Experienced in internet research, related to the local law;

· Experienced in legal check or HR is a plus

· Experienced in summarizing legal case

· Strong in both local and English language proficiency

 

DELIVERY ELEMENTS:

· All relevant document and news, if reported in native language must be translated into English

· Social media handle of the targets

· Weblink of the news, together with Source link, News date, and Summary of the news/information


Note: Milestone will be released the following week (Monday) after the job completion to give us time to organize the report and contact you if we need additional clarification.",litigation | bankruptcy | check | media | news | check | afghanistan | conduct | research | project | following | requirements | must | local | afghanistan | note | hiring | part-timer | kindly | pre-check | make | sure | pt | knows | sources | conduct | litigation | bankruptcy | check | afghanistan | germany | task | fulfillment | files | also | attached | give | pt | better | understanding | objectives | targeted | party | individual | please | find | job | descriptions | requirements | conduct | research | provided | individual | party | litigation | sources | native | language | english | conduct | research | provided | individual | party | bankruptcy | insolvency | sources | native | language | english | conduct | research | provided | individual | party | local | national | news | medias | social | media | native | language | english | example | worthy | relevant | news | court | legal | actions | either | plaintiff | defendant | bankruptcy | insolvency | announcement | court | judgments | significant | news | individual | party | well | related | family | members | project | duration | hrs | maximum | skillsets | experienced | internet | research | related | local | law | experienced | legal | check | hr | plus | experienced | summarizing | legal | case | strong | local | english | language | proficiency | delivery | elements | relevant | document | news | reported | native | language | must | translated | english | social | media | handle | targets | weblink | news | together | source | link | news | date | summary | news | information | note | milestone | released | following | week | monday | job | completion | give | us | time | organize | report | contact | need | additional | clarification | translation | translation | legal | research | report | writing | legal | research | legal | writing | data | collection | litigation | unknown,188,15.0,USD,fixed,translation | translation | legal | research | report writing | legal research | legal writing | data collection | litigation,unknown,Unknown
Freelancer.com,https://www.freelancer.com/projects/odd-jobs/elbeuf-france-hiring-urine-specimen-40516774,"[Elbeuf, France] Hiring urine specimen collector for pre-employment drug testing -- 4",elbeuf france hiring urine specimen collector pre-employment drug testing -- summary part global network providing drug ,elbeuf france hiring urine specimen collector pre-employment drug testing -- summary part global network providing drug testing services presence multiple countries client requires us conduct drug testing apartement rue de general leclerc elbeuf normandy 76500 france testing part pre-employment background check new hires certified company require prior licenses experience provide comprehensive training necessary supplies tools responsibilities collect samples client residence office arrange rent meeting room session meeting room rental costs covered us perform testing following guidelines send test results us compensate test conducted odd jobs odd jobs local job unknown,"Summary
We are part of a global network providing drug testing services, with a presence in multiple countries.

Our client requires us to conduct drug testing in Apartement, 5 rue de general leclerc, , Elbeuf, Normandy, 76500, France. This testing is part of a pre-employment background check for new hires. As a certified company, we do not require you to have any prior licenses or experience. We will provide comprehensive training, necessary supplies, and tools.

Responsibilities:

- Collect samples from the client's residence or office, or arrange to rent a meeting room for the session. Meeting room rental costs will be covered by us.
- Perform the testing following our guidelines.
- Send the test results to us.

We will compensate you for each test conducted.",elbeuf | france | hiring | urine | specimen | collector | pre-employment | drug | testing | -- | summary | part | global | network | providing | drug | testing | services | presence | multiple | countries | client | requires | us | conduct | drug | testing | apartement | rue | de | general | leclerc | elbeuf | normandy | 76500 | france | testing | part | pre-employment | background | check | new | hires | certified | company | require | prior | licenses | experience | provide | comprehensive | training | necessary | supplies | tools | responsibilities | collect | samples | client | residence | office | arrange | rent | meeting | room | session | meeting | room | rental | costs | covered | us | perform | testing | following | guidelines | send | test | results | us | compensate | test | conducted | odd | jobs | odd | jobs | local | job | unknown,90,90.0,USD,fixed,odd jobs | odd jobs | local job,unknown,Unknown
Freelancer.com,https://www.freelancer.com/projects/bot-development/polymarket-trade-execution-bot,Polymarket Trade Execution Bot,polymarket trade execution bot need profitable polymarket bot crypto 5m 15m bot development bot development cryptocurren,polymarket trade execution bot need profitable polymarket bot crypto 5m 15m bot development bot development cryptocurrency trading automation api data analysis data processing data integration unknown,i need a profitable polymarket bot for crypto 5m and 15m UP/DOWN.,polymarket | trade | execution | bot | need | profitable | polymarket | bot | crypto | 5m | 15m | bot | development | bot | development | cryptocurrency | trading | automation | api | data | analysis | data | processing | data | integration | unknown,26,140.0,USD,fixed,bot development | bot development | cryptocurrency | trading | automation | api | data analysis | data processing | data integration,unknown,Unknown
Freelancer.com,https://www.freelancer.com/projects/elementor/wordpress-landing-page-build,WordPress Landing Page Build,wordpress landing page build landing page used facebook instagram advertising campaigns built standalone lead generation,wordpress landing page build landing page used facebook instagram advertising campaigns built standalone lead generation page requirements elementor pro mobile responsive use rg finance group branding use robert gundi headshot use rg finance group logo dark background teal accents website navigation menu distractions focus entirely lead generation lead form fields first name mobile number email address current lender approximate loan balance current interest rate optional comments form submissions emailed directly please also install meta pixel meta conversion api google analytics google search console verification required conversion event lead submission form completed landing page url home-loan-health-check design mock-up used visual reference page required urgently used paid advertising campaigns elementor elementor web design seo conversion rate optimization wordpress html php website design landing pages web development unknown,"This landing page will be used for Facebook and Instagram advertising campaigns and should be built as a standalone lead generation page.

Requirements:
- Elementor Pro
- Mobile responsive
- Use RG Finance Group branding
- Use Robert Gundi headshot
- Use RG Finance Group logo
- Dark background with teal accents
- No website navigation menu
- No distractions
- Focus entirely on lead generation

Lead Form Fields:
- First Name
- Mobile Number
- Email Address
- Current Lender
- Approximate Loan Balance
- Current Interest Rate (Optional)
- Comments

Form submissions to be emailed directly to me.

Please also install:
- Meta Pixel
- Meta Conversion API
- Google Analytics
- Google Search Console verification if required

Conversion Event:
Lead submission when the form is completed.

Landing Page URL:
/home-loan-health-check/

The design mock-up should be used as the visual reference.
This page is required urgently as it will be used for paid advertising campaigns.",wordpress | landing | page | build | landing | page | used | facebook | instagram | advertising | campaigns | built | standalone | lead | generation | page | requirements | elementor | pro | mobile | responsive | use | rg | finance | group | branding | use | robert | gundi | headshot | use | rg | finance | group | logo | dark | background | teal | accents | website | navigation | menu | distractions | focus | entirely | lead | generation | lead | form | fields | first | name | mobile | number | email | address | current | lender | approximate | loan | balance | current | interest | rate | optional | comments | form | submissions | emailed | directly | please | also | install | meta | pixel | meta | conversion | api | google | analytics | google | search | console | verification | required | conversion | event | lead | submission | form | completed | landing | page | url | home-loan-health-check | design | mock-up | used | visual | reference | page | required | urgently | used | paid | advertising | campaigns | elementor | elementor | web | design | seo | conversion | rate | optimization | wordpress | html | php | website | design | landing | pages | web | development | unknown,125,62.5,USD,fixed,elementor | elementor | web design | seo | conversion rate optimization | wordpress | html | php | website design | landing pages | web development,unknown,Unknown
Freelancer.com,"https://www.freelancer.com/login?goto=MDk1YWY4ZTBjNzQxZDY0YmI0Yjc5N2Y4YWZkZTk4ZThodHRwczovL3d3dy5mcmVlbGFuY2VyLmllL2NvbnRlc3QvLTI3NTM5MDE,",Private project or contest #2753901,private project contest 2753901 unknown adobe creative cloud adobe illustrator branding graphic design html logo design ,private project contest 2753901 unknown adobe creative cloud adobe illustrator branding graphic design html logo design web design website design unknown,Unknown,private | project | contest | 2753901 | unknown | adobe | creative | cloud | adobe | illustrator | branding | graphic | design | html | logo | design | web | design | website | design | unknown,21,,Unknown,unknown,adobe creative cloud | adobe illustrator | branding | graphic design | html | logo design | web design | website design,unknown,Unknown
Freelancer.com,https://www.freelancer.com/projects/academic-writing/apa-formatting-for-phd-dissertation,APA Formatting for PhD Dissertation,apa formatting phd dissertation need assistance formatting phd dissertation apa style dissertation field social sciences,apa formatting phd dissertation need assistance formatting phd dissertation apa style dissertation field social sciences specifically focusing mental health counseling need help following sections literature review methodology chapter background problem ideal skills experience expertise apa formatting experience phd-level dissertations social sciences strong knowledge mental health counseling topics attention detail ability meet deadlines academic writing academic writing editing proofreading academic research research writing research report writing medical writing unknown,"I need assistance in formatting my PhD dissertation in APA style. The dissertation is in the field of Social Sciences, specifically focusing on Mental Health Counseling. 

I need help with the following sections: 
- Literature Review 
- Methodology 
- Chapter I: Background of the Problem 

Ideal skills and experience: 
- Expertise in APA formatting 
- Experience with PhD-level dissertations in Social Sciences 
- Strong knowledge of Mental Health Counseling topics 
- Attention to detail and ability to meet deadlines",apa | formatting | phd | dissertation | need | assistance | formatting | phd | dissertation | apa | style | dissertation | field | social | sciences | specifically | focusing | mental | health | counseling | need | help | following | sections | literature | review | methodology | chapter | background | problem | ideal | skills | experience | expertise | apa | formatting | experience | phd-level | dissertations | social | sciences | strong | knowledge | mental | health | counseling | topics | attention | detail | ability | meet | deadlines | academic | writing | academic | writing | editing | proofreading | academic | research | research | writing | research | report | writing | medical | writing | unknown,68,140.0,USD,fixed,academic writing | academic writing | editing | proofreading | academic research | research writing | research | report writing | medical writing,unknown,Unknown
Freelancer.com,https://www.freelancer.com/contest/patient-recruitment-engineer-2753900,Patient Recruitment Engineer,patient recruitment engineer unknown browse jobs testing testing content marketing conversion rate optimization google a,patient recruitment engineer unknown browse jobs testing testing content marketing conversion rate optimization google ads google adwords graphic design internet marketing lead generation seo web search view projects unknown,Unknown,patient | recruitment | engineer | unknown | browse | jobs | testing | testing | content | marketing | conversion | rate | optimization | google | ads | google | adwords | graphic | design | internet | marketing | lead | generation | seo | web | search | view | projects | unknown,29,,Unknown,unknown,browse jobs | testing | testing | content marketing | conversion rate optimization | google ads | google adwords | graphic design | internet marketing | lead generation | seo | web search | view | projects,unknown,Unknown
Freelancer.com,https://www.freelancer.com/projects/roblox/advanced-breaching-gun-system-for,Advanced Breaching Gun System for Roblox,advanced breaching gun system roblox need comprehensive gun breaching system roblox game focused house raiding breaching,advanced breaching gun system roblox need comprehensive gun breaching system roblox game focused house raiding breaching system similar acs system include gun system realistic shooting mechanics varied guns unique functionalities integration roblox physics breaching system destructible doors explosive charges breaching tools shotgun shoot hinges doors ideal skills experience proficiency roblox studio experience gun mechanics breaching systems strong understanding physics game development ability create realistic engaging gameplay mechanics looking developer deliver high-quality functional system within budget roblox roblox physics scripting 3d modelling game development iphone mobile app development android pc programming game consoles unknown,"I need a comprehensive gun and breaching system for a Roblox game focused on house raiding and breaching. The system should be similar to the ACS system and include:

Gun System:
- Realistic shooting mechanics
- Varied guns with unique functionalities
- Integration with Roblox physics

Breaching System:
- Destructible doors
- Explosive charges
- Breaching tools
- Shotgun that can shoot hinges off doors

Ideal Skills & Experience:
- Proficiency in Roblox Studio
- Experience with gun mechanics and breaching systems
- Strong understanding of physics in game development
- Ability to create realistic and engaging gameplay mechanics

Looking for a developer who can deliver a high-quality, functional system within budget.",advanced | breaching | gun | system | roblox | need | comprehensive | gun | breaching | system | roblox | game | focused | house | raiding | breaching | system | similar | acs | system | include | gun | system | realistic | shooting | mechanics | varied | guns | unique | functionalities | integration | roblox | physics | breaching | system | destructible | doors | explosive | charges | breaching | tools | shotgun | shoot | hinges | doors | ideal | skills | experience | proficiency | roblox | studio | experience | gun | mechanics | breaching | systems | strong | understanding | physics | game | development | ability | create | realistic | engaging | gameplay | mechanics | looking | developer | deliver | high-quality | functional | system | within | budget | roblox | roblox | physics | scripting | 3d | modelling | game | development | iphone | mobile | app | development | android | pc | programming | game | consoles | unknown,93,15.0,GBP,fixed,roblox | roblox | physics | scripting | 3d modelling | game development | iphone | mobile app development | android | pc programming | game consoles,unknown,Unknown
Freelancer.com,https://www.freelancer.com/projects/b2b-marketing/independent-sales-agent-north-america,Independent Sales Agent – North America (USA & Canada),independent sales agent north america usa canada pacific global exchange pacific global exchange specializes sourcing in,independent sales agent north america usa canada pacific global exchange pacific global exchange specializes sourcing international trade southeast asia french polynesia europe north america portfolio includes green coffee beans coconut products processed food products canned goods certified homeware collections mission seeking independent sales agent expand business across united states canada responsibilities include prospecting importers distributors wholesalers presenting product catalogs developing long-term business relationships identifying new market opportunities supporting commercial negotiations profile previous b2b sales experience existing network within food distribution import export retail channels self-motivated entrepreneurial mindset strong communication negotiation skills knowledge international trade asset compensation commission-based partnership attractive earning potential flexible remote working arrangement location united states canada remote b2b marketing b2b marketing account management business development import export sales market research marketing internet marketing retail sales unknown,"About Pacific Global Exchange
Pacific Global Exchange specializes in sourcing and international trade between Southeast Asia, French Polynesia, Europe, and North America.
Our portfolio includes green coffee beans, coconut products, processed food products, canned goods, and certified homeware collections.

Mission
We are seeking an Independent Sales Agent to expand our business across the United States and Canada.

Your responsibilities will include:
Prospecting importers, distributors and wholesalers
Presenting our product catalogs
Developing long-term business relationships
Identifying new market opportunities
Supporting commercial negotiations

Profile
Previous B2B sales experience
Existing network within food distribution, import/export or retail channels
Self-motivated and entrepreneurial mindset
Strong communication and negotiation skills
Knowledge of international trade is an asset

Compensation
Commission-based partnership
Attractive earning potential
Flexible and remote working arrangement

Location
United States or Canada (Remote)",independent | sales | agent | north | america | usa | canada | pacific | global | exchange | pacific | global | exchange | specializes | sourcing | international | trade | southeast | asia | french | polynesia | europe | north | america | portfolio | includes | green | coffee | beans | coconut | products | processed | food | products | canned | goods | certified | homeware | collections | mission | seeking | independent | sales | agent | expand | business | across | united | states | canada | responsibilities | include | prospecting | importers | distributors | wholesalers | presenting | product | catalogs | developing | long-term | business | relationships | identifying | new | market | opportunities | supporting | commercial | negotiations | profile | previous | b2b | sales | experience | existing | network | within | food | distribution | import | export | retail | channels | self-motivated | entrepreneurial | mindset | strong | communication | negotiation | skills | knowledge | international | trade | asset | compensation | commission-based | partnership | attractive | earning | potential | flexible | remote | working | arrangement | location | united | states | canada | remote | b2b | marketing | b2b | marketing | account | management | business | development | import | export | sales | market | research | marketing | internet | marketing | retail | sales | unknown,129,7500.0,USD,fixed,b2b marketing | b2b marketing | account management | business development | import export | sales | market research | marketing | internet marketing | retail sales,unknown,Unknown
Freelancer.com,https://www.freelancer.com/projects/mural-painting/realistic-nature-mural-40516760,Realistic Nature Mural,realistic nature mural seeking talented mural artist create realistic nature-themed mural mural located stage wall rsl r,realistic nature mural seeking talented mural artist create realistic nature-themed mural mural located stage wall rsl returned services league venue key requirements mural size dimensions confirmed realistic depiction nature experience indoor murals working public venues ability provide portfolio previous work ideal skills experience strong artistic skills realism experience large-scale mural painting attention detail color accuracy professionalism reliability please provide portfolio relevant experience mural painting mural painting art consulting painting illustration concept design unknown,"I'm seeking a talented mural artist to create a realistic nature-themed mural. The mural will be located on the stage wall of an RSL (Returned and Services League) venue.

Key Requirements:
- Mural size and dimensions to be confirmed
- Realistic depiction of nature
- Experience with indoor murals and working in public venues
- Ability to provide a portfolio of previous work

Ideal Skills & Experience:
- Strong artistic skills in realism
- Experience in large-scale mural painting
- Attention to detail and color accuracy
- Professionalism and reliability

Please provide your portfolio and any relevant experience.",realistic | nature | mural | seeking | talented | mural | artist | create | realistic | nature-themed | mural | mural | located | stage | wall | rsl | returned | services | league | venue | key | requirements | mural | size | dimensions | confirmed | realistic | depiction | nature | experience | indoor | murals | working | public | venues | ability | provide | portfolio | previous | work | ideal | skills | experience | strong | artistic | skills | realism | experience | large-scale | mural | painting | attention | detail | color | accuracy | professionalism | reliability | please | provide | portfolio | relevant | experience | mural | painting | mural | painting | art | consulting | painting | illustration | concept | design | unknown,73,4000.0,USD,fixed,mural painting | mural painting | art consulting | painting | illustration | concept design,unknown,Unknown
Freelancer.com,https://www.freelancer.com/projects/internet-marketing/amazon-organic-ranking-indexing-skincare,Amazon Organic ranking & Indexing - Skincare product -- 2,amazon organic ranking indexing skincare product -- skincare products amazon us need surface page one entirely organic i,amazon organic ranking indexing skincare product -- skincare products amazon us need surface page one entirely organic indexing ads black-hat tricks primary aim turn extra visibility generate noticeably higher conversion rates complete keyword research strong emphasis backend search terms structured amazon seo aligns amazon latest a10 algorithm updates on-listing edits titles bullets relevant reinforce organic index strength otherwise core focus stays behind scenes keyword fields concise plan ongoing index monitoring watch movement toward first page increased sales proven success amazon essential please include links screenshots current past accounts demonstrate page-one positions organic methods quick walkthrough video demo explaining process speed decision show demonstrable results feel confident replicate niche skincare brand ready start right away internet marketing internet marketing link building search engine marketing amazon ads amazon listings optimization conversion rate optimization amazon product launch digital marketing keyword research unknown,"I have skincare products on Amazon US and I need them to surface on page one entirely through organic indexing—no ads, no black-hat tricks. My primary aim is to turn the extra visibility you generate into noticeably higher conversion rates.

Here is what I’m after:

• Complete keyword research with a strong emphasis on backend search terms and structured Amazon SEO that aligns with Amazon’s latest A10 algorithm updates. 
• On-listing edits (titles, bullets, A+ where relevant) only when they reinforce organic index strength; otherwise the core focus stays behind the scenes in the keyword fields. 
• A concise plan for ongoing index monitoring so we can watch movement toward the first page and increased sales.

Proven success on Amazon is essential. Please include links or screenshots from current or past accounts that demonstrate page-one positions won through organic methods. A quick walkthrough video or demo explaining your process will speed up my decision.

If you can show demonstrable results and feel confident you can replicate them for a niche skincare brand, I’m ready to start right away.",amazon | organic | ranking | indexing | skincare | product | -- | skincare | products | amazon | us | need | surface | page | one | entirely | organic | indexing | ads | black-hat | tricks | primary | aim | turn | extra | visibility | generate | noticeably | higher | conversion | rates | complete | keyword | research | strong | emphasis | backend | search | terms | structured | amazon | seo | aligns | amazon | latest | a10 | algorithm | updates | on-listing | edits | titles | bullets | relevant | reinforce | organic | index | strength | otherwise | core | focus | stays | behind | scenes | keyword | fields | concise | plan | ongoing | index | monitoring | watch | movement | toward | first | page | increased | sales | proven | success | amazon | essential | please | include | links | screenshots | current | past | accounts | demonstrate | page-one | positions | organic | methods | quick | walkthrough | video | demo | explaining | process | speed | decision | show | demonstrable | results | feel | confident | replicate | niche | skincare | brand | ready | start | right | away | internet | marketing | internet | marketing | link | building | search | engine | marketing | amazon | ads | amazon | listings | optimization | conversion | rate | optimization | amazon | product | launch | digital | marketing | keyword | research | unknown,139,800.0,INR,fixed,internet marketing | internet marketing | link building | search engine marketing | amazon ads | amazon listings optimization | conversion rate optimization | amazon product launch | digital marketing | keyword research,unknown,Unknown
Freelancer.com,https://www.freelancer.com/projects/seo-writing/trendy-fashion-promo-articles,Trendy Fashion Promo Articles,trendy fashion promo articles need versatile content writer turn meesho jiomart fashion listings engaging casual-toned a,trendy fashion promo articles need versatile content writer turn meesho jiomart fashion listings engaging casual-toned articles resonate young adults piece read less like product sheet like friend recommendation conversational upbeat packed styling tips nudge readers click buy focus strictly fashion apparel think street-wear drops everyday basics seasonal must-haves keep language trendy yet clear weave current style references highlight real-world use cases audience instantly pictures wearing item subtle calls action smart keyword placement smooth flow essential push organic traffic back meesho jiomart product pages share product images titles key specs craft fresh copy around roughly 500 700 words optimised readability mobile articles must pass basic seo checks feel authentic obvious keyword stuffing ready upload meta description suggested headline sounds like writing sweet spot let get started seo writing seo writing blog writing fashion writing digital marketing article writing content writing copywriting ghostwriting unknown,"I need a versatile content writer who can turn Meesho and JioMart fashion listings into engaging, casual-toned articles that resonate with young adults. Each piece should read less like a product sheet and more like a friend’s recommendation: conversational, upbeat, and packed with styling tips that nudge readers to click “Buy Now”.

The focus is strictly on fashion and apparel—think street-wear drops, everyday basics, and seasonal must-haves. Keep the language trendy yet clear, weave in current style references, and highlight real-world use cases so the audience instantly pictures themselves wearing the item. Subtle calls to action, smart keyword placement, and a smooth flow are all essential to push organic traffic back to the Meesho or JioMart product pages.

I’ll share product images, titles, and key specs; you’ll craft fresh copy around them, roughly 500–700 words each, optimised for readability on mobile. Articles must pass basic SEO checks, feel authentic (no obvious keyword stuffing), and be ready for upload with meta description and suggested headline. If that sounds like your writing sweet spot, let’s get started.",trendy | fashion | promo | articles | need | versatile | content | writer | turn | meesho | jiomart | fashion | listings | engaging | casual-toned | articles | resonate | young | adults | piece | read | less | like | product | sheet | like | friend | recommendation | conversational | upbeat | packed | styling | tips | nudge | readers | click | buy | focus | strictly | fashion | apparel | think | street-wear | drops | everyday | basics | seasonal | must-haves | keep | language | trendy | yet | clear | weave | current | style | references | highlight | real-world | use | cases | audience | instantly | pictures | wearing | item | subtle | calls | action | smart | keyword | placement | smooth | flow | essential | push | organic | traffic | back | meesho | jiomart | product | pages | share | product | images | titles | key | specs | craft | fresh | copy | around | roughly | 500 | 700 | words | optimised | readability | mobile | articles | must | pass | basic | seo | checks | feel | authentic | obvious | keyword | stuffing | ready | upload | meta | description | suggested | headline | sounds | like | writing | sweet | spot | let | get | started | seo | writing | seo | writing | blog | writing | fashion | writing | digital | marketing | article | writing | content | writing | copywriting | ghostwriting | unknown,142,7000.0,INR,fixed,seo writing | seo writing | blog writing | fashion writing | digital marketing | article writing | content writing | copywriting | ghostwriting,unknown,Unknown
Freelancer.com,https://www.freelancer.com/projects/social-media-management/proactive-social-media-management-needed,Proactive Social Media Management Needed,proactive social media management needed social media manager jd marketing ongoing looking proactive trend-savvy social ,proactive social media management needed social media manager jd marketing ongoing looking proactive trend-savvy social media manager take full ownership jd marketing social media presence across instagram tiktok linkedin brief-and-execute role need someone thinks ahead comes us plan tells us need way around role involves responsible managing growing jd marketing social media presence end-to-end includes minimum reels per week footage supplied daily story posts reshares take industry topics reels shared stories brand tone content planning trend monitoring competitor analysis one flagging needs filmed needed building content calendar advance proactively identifying opportunities based performing space right fit managed social media accounts business agency personal content understand analyse trends competitor activity actually apply strategy write brand voice adapt across formats take ownership without waiting told next across working instagram reels tiktok linkedin right provide supplied footage reels clear brand guidelines content playbook ongoing collaboration feedback budget 150 month fixed apply please include short note approach managing brand social media links accounts currently manage managed examples content planning strategy led social media management social media management instagram marketing competitor analysis content strategy social media marketing facebook marketing internet marketing content creation digital marketing brand management unknown,"Social Media Manager – JD Marketing (Ongoing)
We're looking for a proactive, trend-savvy social media manager to take full ownership of JD Marketing's social media presence across Instagram, TikTok, and LinkedIn.
This is not a brief-and-execute role. We need someone who thinks ahead, comes to us with a plan, and tells us what they need — not the other way around.
What the role involves:
You'll be responsible for managing and growing JD Marketing's social media presence end-to-end. This includes a minimum of 5 reels per week (footage supplied), daily story posts (reshares, our take on industry topics, reels shared to stories — all in our brand tone), content planning, trend monitoring, and competitor analysis.
You'll be the one flagging what needs to be filmed before it's needed, building a content calendar in advance, and proactively identifying opportunities based on what's performing in our space.
You're the right fit if you:

Have managed social media accounts for a business or agency (not just personal content)
Understand how to analyse trends and competitor activity and actually apply that to a strategy
Can write in a brand voice and adapt it across formats
Take ownership without waiting to be told what to do next
Are across what's working on Instagram Reels, TikTok, and LinkedIn right now

What we provide:

Supplied footage for reels
Clear brand guidelines and content playbook
Ongoing collaboration and feedback

Budget: $150/month (fixed)
To apply, please include:

A short note on your approach to managing a brand's social media
Links to accounts you currently manage or have managed
Any examples of content planning or strategy you've led",proactive | social | media | management | needed | social | media | manager | jd | marketing | ongoing | looking | proactive | trend-savvy | social | media | manager | take | full | ownership | jd | marketing | social | media | presence | across | instagram | tiktok | linkedin | brief-and-execute | role | need | someone | thinks | ahead | comes | us | plan | tells | us | need | way | around | role | involves | responsible | managing | growing | jd | marketing | social | media | presence | end-to-end | includes | minimum | reels | per | week | footage | supplied | daily | story | posts | reshares | take | industry | topics | reels | shared | stories | brand | tone | content | planning | trend | monitoring | competitor | analysis | one | flagging | needs | filmed | needed | building | content | calendar | advance | proactively | identifying | opportunities | based | performing | space | right | fit | managed | social | media | accounts | business | agency | personal | content | understand | analyse | trends | competitor | activity | actually | apply | strategy | write | brand | voice | adapt | across | formats | take | ownership | without | waiting | told | next | across | working | instagram | reels | tiktok | linkedin | right | provide | supplied | footage | reels | clear | brand | guidelines | content | playbook | ongoing | collaboration | feedback | budget | 150 | month | fixed | apply | please | include | short | note | approach | managing | brand | social | media | links | accounts | currently | manage | managed | examples | content | planning | strategy | led | social | media | management | social | media | management | instagram | marketing | competitor | analysis | content | strategy | social | media | marketing | facebook | marketing | internet | marketing | content | creation | digital | marketing | brand | management | unknown,193,140.0,USD,fixed,social media management | social media management | instagram marketing | competitor analysis | content strategy | social media marketing | facebook marketing | internet marketing | content creation | digital marketing | brand management,unknown,Unknown
Freelancer.com,https://www.freelancer.com/projects/dot-net/new-asp-net-work-needed-40515861,"New ASP.NET, C# Work Needed at Junior Level Work",new asp.net work needed junior level work pakistan india new junior level work needed maintain small-to-medium asp.net s,new asp.net work needed junior level work pakistan india new junior level work needed maintain small-to-medium asp.net solution written day-to-day work occasionally piles want bring junior developer jump visual studio pull latest branch git tackle clearly defined tasks appear typical assignments involve updating refactoring existing classes keep codebase clean readable implementing straightforward pages components asp.net mvc core guidance side writing concise unit tests keep coverage intact checking changes via pull request responding code-review comments always receive ticket describes goal current behaviour expected result constraints available slack quick questions review first commits closely comfortable workflow deliverables task compilable solution changes new sql scripts configuration settings clearly noted brief readme inline comments explaining touched acceptance criteria solution builds without warnings visual studio 2022 existing automated tests still pass new tests included relevant code follows project existing style resharper ruleset provided least basic grasp linq entity framework git flow enough get started let know weekly availability example something built fixed net net programming mvc software development asp.net microsoft sql server git linq net core visual studio unknown,"From Pakistan or India
Only new Junior Level Work Needed. I maintain a small-to-medium ASP.NET solution written in C#. Day-to-day work occasionally piles up, so I want to bring in a junior developer who can jump into Visual Studio, pull the latest branch from Git, and tackle clearly defined tasks as they appear.

Typical assignments will involve:
• Updating or refactoring existing C# classes to keep the codebase clean and readable 
• Implementing straightforward pages or components in ASP.NET (MVC/Core) under guidance from my side 
• Writing concise unit tests so we keep coverage intact 
• Checking in changes via pull request and responding to code-review comments

You will always receive a ticket that describes the goal, the current behaviour, the expected result, and any constraints. I will be available on Slack for quick questions and will review your first few commits closely until you are comfortable with the workflow.

Deliverables for each task
1. Compilable solution with your changes
2. Any new SQL scripts or configuration settings clearly noted
3. A brief README or inline comments explaining what you touched

Acceptance criteria
• Solution builds without warnings in Visual Studio 2022 
• All existing automated tests still pass; new tests included where relevant 
• Code follows the project’s existing style (ReSharper ruleset provided)

If you have at least a basic grasp of LINQ, Entity Framework, and Git flow, that’s enough to get started. Let me know your weekly availability and an example of something you’ve built or fixed in C#.",new | asp.net | work | needed | junior | level | work | pakistan | india | new | junior | level | work | needed | maintain | small-to-medium | asp.net | solution | written | day-to-day | work | occasionally | piles | want | bring | junior | developer | jump | visual | studio | pull | latest | branch | git | tackle | clearly | defined | tasks | appear | typical | assignments | involve | updating | refactoring | existing | classes | keep | codebase | clean | readable | implementing | straightforward | pages | components | asp.net | mvc | core | guidance | side | writing | concise | unit | tests | keep | coverage | intact | checking | changes | via | pull | request | responding | code-review | comments | always | receive | ticket | describes | goal | current | behaviour | expected | result | constraints | available | slack | quick | questions | review | first | commits | closely | comfortable | workflow | deliverables | task | compilable | solution | changes | new | sql | scripts | configuration | settings | clearly | noted | brief | readme | inline | comments | explaining | touched | acceptance | criteria | solution | builds | without | warnings | visual | studio | 2022 | existing | automated | tests | still | pass | new | tests | included | relevant | code | follows | project | existing | style | resharper | ruleset | provided | least | basic | grasp | linq | entity | framework | git | flow | enough | get | started | let | know | weekly | availability | example | something | built | fixed | net | net | programming | mvc | software | development | asp.net | microsoft | sql | server | git | linq | net | core | visual | studio | unknown,174,5.0,USD,fixed,net | net | programming | mvc | software development | asp.net | microsoft sql server | git | linq | net core | visual studio,unknown,Unknown
Freelancer.com,https://www.freelancer.com/projects/audio-processing/wfh-remote-voice-data-collection,งาน WFH/Remote - Voice Data Collection (ไทย),งาน wfh remote voice data collection ไทย ทางบร dataforce transperfect กำล งมองหาผ เข าร วมโครงการเก บข อม ลเส ยงผ านระบบ,งาน wfh remote voice data collection ไทย ทางบร dataforce transperfect กำล งมองหาผ เข าร วมโครงการเก บข อม ลเส ยงผ านระบบออนไลน เพ อนำไปใช ในการพ ฒนาเทคโนโลย จำลองเส ยง รายละเอ ยดโครงการ โครงการน ตถ ประสงค เพ อบ นท กเส ยงพ ดภาษาไทยในร ปแบบของ อความเส ยง voicemail งข อม ลด งกล าวจะถ กนำไปใช ในการพ ฒนาและปร บปร งเทคโนโลย การจดจำเส ยง voice recognition สำหร บระบบผ วยเสม อนจร virtual assistants ให ประส ทธ ภาพด งข กษณะงาน ณจะต องบ นท กข อความเส ยงส นๆ จำนวน 20 อความ โดยพ ดตามสถานการณ างๆ เรากำหนดไว ให ณสมบ สม คร หากค ณสนใจเข าร วม โครงการน เง อนไขและเกณฑ การค ดเล อกด งน -สามารถพ ดภาษาไทยได อย างเป นธรรมชาต ระด บเจ าของภาษา -ต องพำน กอย ในประเทศไทยเท าน -ต องใช iphone xr นไป หร อร นท ใหม กว โดยระบบปฏ การต องเป นเวอร นล าส ios 16 สำหร iphone ios 18 สำหร iphone xr xs xs max และ ios 26 สำหร iphone 11 หร อร นท ใหม กว าซ งผล ตหล งป 2019 ระยะเวลาในการทำงาน ใช เวลาไม เก วโมง รวมเวลาในการเตร ยมต สำหร บการบ นท กข อความเส ยงท 20 สถานการณ โดยข อความเส ยงในแต ละสถานการณ องม ความยาวอย างน อย 40 นาท าตอบแทน ณจะได บค าตอบแทน 10 usd สำหร บการบ นท กข อความเส ยงท ครบถ วนท 20 อความ หมายเหต qa ของเราจะทำการตรวจไฟล เส ยงท งหมดท งเข ามา เพ อให แน ใจว าเป นไปตามข อกำหนดเฉพาะของโครงการ และท มงานจะแจ งผลตอบร บให ณทราบท นท หล งจากข นตอนการตรวจสอบค ณภาพเสร จส audio processing audio processing natural language processing voice audio engineering voice talent audio services audio production commercials unknown,"ทางบริษัท DataForce by TransPerfect กำลังมองหาผู้เข้าร่วมโครงการเก็บข้อมูลเสียงผ่านระบบออนไลน์ เพื่อนำไปใช้ในการพัฒนาเทคโนโลยีจำลองเสียง 

รายละเอียดโครงการ 
โครงการนี้มีวัตถุประสงค์เพื่อบันทึกเสียงพูดภาษาไทยในรูปแบบของ ""ข้อความเสียง (Voicemail)"" ซึ่งข้อมูลดังกล่าวจะถูกนำไปใช้ในการพัฒนาและปรับปรุงเทคโนโลยีการจดจำเสียง (Voice Recognition) สำหรับระบบผู้ช่วยเสมือนจริง (Virtual Assistants) ให้มีประสิทธิภาพดียิ่งขึ้น 

ลักษณะงาน 
คุณจะต้องบันทึกข้อความเสียงสั้นๆ จำนวน 20 ข้อความ โดยพูดตามสถานการณ์ ต่างๆ ที่เรากำหนดไว้ให้ 

คุณสมบัติผู้สมัคร 
หากคุณสนใจเข้าร่วม โครงการนี้มีเงื่อนไขและเกณฑ์การคัดเลือกดังนี้: 
-สามารถพูดภาษาไทยได้อย่างเป็นธรรมชาติ (ระดับเจ้าของภาษา) 
-ต้องพำนักอยู่ในประเทศไทยเท่านั้น 
-ต้องใช้ iPhone รุ่น XR ขึ้นไป หรือรุ่นที่ใหม่กว่า โดยระบบปฏิบัติการต้องเป็นเวอร์ชันล่าสุด (iOS 16 สำหรับ iPhone X, iOS 18 สำหรับ iPhone XR/XS/XS Max และ iOS 26 สำหรับ iPhone 11 หรือรุ่นที่ใหม่กว่าซึ่งผลิตหลังปี 2019) 

ระยะเวลาในการทำงาน 
ใช้เวลาไม่เกิน 1 ชั่วโมง (รวมเวลาในการเตรียมตัว) สำหรับการบันทึกข้อความเสียงทั้ง 20 สถานการณ์ โดยข้อความเสียงในแต่ละสถานการณ์ต้องมีความยาวอย่างน้อย 40 วินาที 

ค่าตอบแทน 
คุณจะได้รับค่าตอบแทน $10 USD สำหรับการบันทึกข้อความเสียงที่ครบถ้วนทั้ง 20 ข้อความ 

หมายเหตุ: ทีม QA ของเราจะทำการตรวจไฟล์เสียงทั้งหมดที่ส่งเข้ามา เพื่อให้แน่ใจว่าเป็นไปตามข้อกำหนดเฉพาะของโครงการ และทีมงานจะแจ้งผลตอบรับให้คุณทราบทันทีหลังจากขั้นตอนการตรวจสอบคุณภาพเสร็จสิ้น",งาน | wfh | remote | voice | data | collection | ไทย | ทางบร | dataforce | transperfect | กำล | งมองหาผ | เข | าร | วมโครงการเก | บข | อม | ลเส | ยงผ | านระบบออนไลน | เพ | อนำไปใช | ในการพ | ฒนาเทคโนโลย | จำลองเส | ยง | รายละเอ | ยดโครงการ | โครงการน | ตถ | ประสงค | เพ | อบ | นท | กเส | ยงพ | ดภาษาไทยในร | ปแบบของ | อความเส | ยง | voicemail | งข | อม | ลด | งกล | าวจะถ | กนำไปใช | ในการพ | ฒนาและปร | บปร | งเทคโนโลย | การจดจำเส | ยง | voice | recognition | สำหร | บระบบผ | วยเสม | อนจร | virtual | assistants | ให | ประส | ทธ | ภาพด | งข | กษณะงาน | ณจะต | องบ | นท | กข | อความเส | ยงส | นๆ | จำนวน | 20 | อความ | โดยพ | ดตามสถานการณ | างๆ | เรากำหนดไว | ให | ณสมบ | สม | คร | หากค | ณสนใจเข | าร | วม | โครงการน | เง | อนไขและเกณฑ | การค | ดเล | อกด | งน | -สามารถพ | ดภาษาไทยได | อย | างเป | นธรรมชาต | ระด | บเจ | าของภาษา | -ต | องพำน | กอย | ในประเทศไทยเท | าน | -ต | องใช | iphone | xr | นไป | หร | อร | นท | ใหม | กว | โดยระบบปฏ | การต | องเป | นเวอร | นล | าส | ios | 16 | สำหร | iphone | ios | 18 | สำหร | iphone | xr | xs | xs | max | และ | ios | 26 | สำหร | iphone | 11 | หร | อร | นท | ใหม | กว | าซ | งผล | ตหล | งป | 2019 | ระยะเวลาในการทำงาน | ใช | เวลาไม | เก | วโมง | รวมเวลาในการเตร | ยมต | สำหร | บการบ | นท | กข | อความเส | ยงท | 20 | สถานการณ | โดยข | อความเส | ยงในแต | ละสถานการณ | องม | ความยาวอย | างน | อย | 40 | นาท | าตอบแทน | ณจะได | บค | าตอบแทน | 10 | usd | สำหร | บการบ | นท | กข | อความเส | ยงท | ครบถ | วนท | 20 | อความ | หมายเหต | qa | ของเราจะทำการตรวจไฟล | เส | ยงท | งหมดท | งเข | ามา | เพ | อให | แน | ใจว | าเป | นไปตามข | อกำหนดเฉพาะของโครงการ | และท | มงานจะแจ | งผลตอบร | บให | ณทราบท | นท | หล | งจากข | นตอนการตรวจสอบค | ณภาพเสร | จส | audio | processing | audio | processing | natural | language | processing | voice | audio | engineering | voice | talent | audio | services | audio | production | commercials | unknown,238,20.0,USD,fixed,audio processing | audio processing | natural language processing | voice | audio engineering | voice talent | audio services | audio production | commercials,unknown,Unknown
Freelancer.com,https://www.freelancer.com/projects/data-entry/addis-ababa-employment-verification,Addis Ababa Employment Verification,addis ababa employment verification procedure review document check address take 7-8 geotagged site visit pictures ia di,addis ababa employment verification procedure review document check address take 7-8 geotagged site visit pictures ia different angles gate signage ia must visible submit documents relevant person hr admin exam depart hod receptionist owner head manager etc ask verifier provide us verification filling form refuse ask provide us verification official letter head per institute policy note verifier details ask business card fill site visit form written recorded refusal statement case refusal data entry data entry powerpoint word photo editing data mining customer service data analytics data collection local job excel unknown,"Procedure:
1 – Review the document and check address.
2 – Take 7-8 Geotagged site visit pictures of the IA with different angles (Gate and Signage of the IA must be visible)
3 – Submit the documents to the relevant person (HR/Admin/Exam depart/HOD/Receptionist/Owner/Head/Manager etc.)
4 – Ask the verifier to provide us verification by filling out the form or if they refuse ask them to provide us verification on official letter head or as per the institute’s policy.
5 – Note down the Verifier Details and ask for business card.
6 – Fill out the Site visit form.
7 - Written/Recorded Refusal statement in case of refusal.",addis | ababa | employment | verification | procedure | review | document | check | address | take | 7-8 | geotagged | site | visit | pictures | ia | different | angles | gate | signage | ia | must | visible | submit | documents | relevant | person | hr | admin | exam | depart | hod | receptionist | owner | head | manager | etc | ask | verifier | provide | us | verification | filling | form | refuse | ask | provide | us | verification | official | letter | head | per | institute | policy | note | verifier | details | ask | business | card | fill | site | visit | form | written | recorded | refusal | statement | case | refusal | data | entry | data | entry | powerpoint | word | photo | editing | data | mining | customer | service | data | analytics | data | collection | local | job | excel | unknown,91,25000.0,INR,fixed,data entry | data entry | powerpoint | word | photo editing | data mining | customer service | data analytics | data collection | local job | excel,unknown,Unknown
Freelancer.com,https://www.freelancer.com/projects/amazon/skincare-amazon-seo-indexing,Amazon Organic ranking & Indexing - Skincare product,amazon organic ranking indexing skincare product skincare products amazon us need surface page one entirely organic inde,amazon organic ranking indexing skincare product skincare products amazon us need surface page one entirely organic indexing ads black-hat tricks primary aim turn extra visibility generate noticeably higher conversion rates complete keyword research strong emphasis backend search terms structured seo aligns amazon latest a10 algorithm updates on-listing edits titles bullets relevant reinforce organic index strength otherwise core focus stays behind scenes keyword fields concise plan ongoing index monitoring watch movement toward first page increased sales proven success amazon essential please include links screenshots current past accounts demonstrate page-one positions organic methods quick walkthrough video demo explaining process speed decision show demonstrable results feel confident replicate niche skincare brand ready start right away amazon amazon keyword research testing analytics seo internet marketing link building search engine marketing content strategy conversion rate optimization unknown,"I have skincare products on Amazon US and I need them to surface on page one entirely through organic indexing—no ads, no black-hat tricks. My primary aim is to turn the extra visibility you generate into noticeably higher conversion rates.

Here is what I’m after:

• Complete keyword research with a strong emphasis on backend search terms and structured SEO that aligns with Amazon’s latest A10 algorithm updates. 
• On-listing edits (titles, bullets, A+ where relevant) only when they reinforce organic index strength; otherwise the core focus stays behind the scenes in the keyword fields. 
• A concise plan for ongoing index monitoring so we can watch movement toward the first page and increased sales.

Proven success on Amazon is essential. Please include links or screenshots from current or past accounts that demonstrate page-one positions won through organic methods. A quick walkthrough video or demo explaining your process will speed up my decision.

If you can show demonstrable results and feel confident you can replicate them for a niche skincare brand, I’m ready to start right away.",amazon | organic | ranking | indexing | skincare | product | skincare | products | amazon | us | need | surface | page | one | entirely | organic | indexing | ads | black-hat | tricks | primary | aim | turn | extra | visibility | generate | noticeably | higher | conversion | rates | complete | keyword | research | strong | emphasis | backend | search | terms | structured | seo | aligns | amazon | latest | a10 | algorithm | updates | on-listing | edits | titles | bullets | relevant | reinforce | organic | index | strength | otherwise | core | focus | stays | behind | scenes | keyword | fields | concise | plan | ongoing | index | monitoring | watch | movement | toward | first | page | increased | sales | proven | success | amazon | essential | please | include | links | screenshots | current | past | accounts | demonstrate | page-one | positions | organic | methods | quick | walkthrough | video | demo | explaining | process | speed | decision | show | demonstrable | results | feel | confident | replicate | niche | skincare | brand | ready | start | right | away | amazon | amazon | keyword | research | testing | analytics | seo | internet | marketing | link | building | search | engine | marketing | content | strategy | conversion | rate | optimization | unknown,132,1050.0,INR,fixed,amazon | amazon | keyword research | testing | analytics | seo | internet marketing | link building | search engine marketing | content strategy | conversion rate optimization,unknown,Unknown
Freelancer.com,https://www.freelancer.com/projects/kartra/kartra-printify-commerce-store-setup,Kartra Printify E-commerce Store Setup,kartra printify e-commerce store setup want fully-functioning print-on-demand curated collection store built inside kart,kartra printify e-commerce store setup want fully-functioning print-on-demand curated collection store built inside kartra wired printify zapier another reliable connector first collection act master template every element needs modular clearly named simple duplicate future collections core pages need live day one conversion-focused homepage introduces collection funnels visitors products product detail pages pull variant data printify push orders back seamlessly checkout thank-you pages fully styled inside kartra email list opt-in blocks plus basic follow-up sequence catalog page manually curated collector archive see clarifications entry details updated removed giveaways lean toward bold look crisp typography confident color plenty white space yet still modern ultra-usable minimalist tendencies support clarity welcome long end result feels charming energetic technical must-haves kartra printify integration tested end-to-end order fulfillment status update zapier equivalent handling data bridges kartra native tools cover simple tagging strategy customers products campaigns scale catalog grows variant selectors product detail pages size color etc must render dynamically based whatever options printify provides product assume fixed dimension names fixed number selectors single-variant product shows selector product one variant dimension shows one selector product multiple dimensions shows multiple driven entirely printify data adding changing variants product require changes kartra template printify-side product configuration zapier architecture specified per-collection zaps kartra-native automation abandoned cart post-purchase email sequence bidirectional stock sync filters action steps see clarifications entry full zap architecture requirements new out-of-stock discontinued printify products display sold kartra page remain visible availability sync must bidirectional out-of-stock back-in-stock events update kartra automatically new deliverables complete page set mobile-first branded style guide confirm together reusable section blocks headers footers product grids opt-ins logical naming conventions step-by-step documentation non-developer duplicate funnel swap graphics launch another collection minutes quick video screen-share walkthrough finished workspace acceptance criteria test product must purchasable end-to-end trigger correct printify order apply assigned tags kartra drop buyer initial email sequence without errors fluent kartra page builder understand pod workflows explain build clearly let talk timing next steps references required update reviewing responding next couple days please read consolidated clarifications adding new questions thank consolidated clarifications summarizes supersedes scattered overlap current setup status kartra starter plan printify accounts established build uses dedicated printify store separate existing etsy-connected printify stores zapier yet set configured start engagement printify catalog collection 30 products already created live blueprints variants pricing mockups configured category drinkware products variants two variants intentionally one single-dimension e.g size-only one size color validate variant handling real data branding color palette brand guide exist shared whoever selected bidding general direction bold crisp typography confident color white space charming energetic copy supplied us shipping us addresses checkout restrict us shipping addresses payment stripe live paypal possibly added build data architecture printify single source truth pricing variant options availability kept sync via automation availability sync must bidirectional out-of-stock back-in-stock events update kartra automatically without manual intervention directions must explicitly wired new titles descriptions primary images kartra pages content set build editable us afterward overwritten printify syncs variant rendering technical must-have variant selectors must render dynamically based whatever options printify provides per product selector single-variant products one selector one dimension multiple multiple dimensions adding changing variants require printify-side change never template change integration automation kartra full storefront checkout printify fulfillment-only customers never interact directly zapier required integration tool login view url custom api webhooks established platform native kartra support widest documentation support pool developer-maintained code order flow kartra checkout zapier printify order creation status sync back kartra fulfillment status needed shipment tracking shipment update customer tag trigger separate transactional shipping tracking email zap step fails send notification specified email email address provided engagement start full zap architecture requirements see clarifications entry new tagging existing naming convention prefix-based human-readable skus developer proposes tag categories structure kartra needs populate existing conventions flat generic tagging email automation built entirely inside kartra external esp build post-purchase sequence emails order confirmation delivery check-in time-delayed cross-sell review ask 30-day similar-products anything beyond separate future flow abandoned cart kartra-native automation follow-up email prospect tag use zapier catalog page updated manually curated manually edited kartra page dynamic data connection printify automation dependency kind styled collector archive flat list products drops dates quantities produced sold 1-2 images per item must editable us va inside kartra without touching automation printify connection page structure build dynamic automated data feed page product pages discontinued products updated product gets page one reusable template out-of-stock discontinued products display sold page remains visible sync bidirectional see data architecture documentation must cover removing retiring product page without developer involvement scope change giveaway page removed core pages homepage product detail pages checkout thank-you catalog future collections duplication future collection independently-branded store built duplicating template swapping connected printify product images copy tag values automation-logic page-structure changes needed per collection collection standalone funnel email sequence cross-store navigation unified customer journey qa handoff developer fully tests every integration step page calling build complete run acceptance testing part delivery ongoing developer relationship planned delivery documentation walkthrough must sufficient non-developer duplication edits product-page removal kartra kartra zapier web development web design website design html ecommerce graphic design unknown,"I want a fully-functioning print-on-demand ""curated collection"" store 
built inside Kartra and wired to Printify through Zapier (or another 
reliable connector). The first collection will act as the master 
template, so every element needs to be modular, clearly named, and 
simple to duplicate for future collections.

Core pages I need live from day one are:
- A conversion-focused homepage that introduces the collection and 
 funnels visitors to products
- Product detail pages that pull variant data from Printify and push 
 orders back seamlessly
- Checkout and thank-you pages fully styled inside Kartra
- Email list opt-in blocks plus a basic follow-up sequence
- Catalog page (manually curated collector's archive — see 
 Clarifications entry below for details) [UPDATED]
[REMOVED GIVEAWAYS]

I lean toward a bold look—crisp typography, confident color, plenty 
of white space—yet still modern and ultra-usable. If you have 
minimalist tendencies that support clarity, that's welcome so long as 
the end result feels charming and energetic.

Technical must-haves
- Kartra + Printify integration tested end-to-end 
 (order → fulfillment → status update)
- Zapier (or equivalent) handling any data bridges that Kartra's 
 native tools can't cover
- Simple tagging strategy for customers, products, and campaigns that 
 will scale as the catalog grows
- Variant selectors on product detail pages (size, color, etc.) must 
 render dynamically based on whatever options Printify provides for 
 each product, not assume fixed dimension names or a fixed number of 
 selectors. A single-variant product shows no selector; a product 
 with one variant dimension shows one selector; a product with 
 multiple dimensions shows multiple, all driven entirely by 
 Printify's data. Adding or changing variants for any product should 
 require no changes to the Kartra template, only the Printify-side 
 product configuration.
- Zapier architecture is specified: per-collection Zaps only, 
 Kartra-native automation for abandoned cart and post-purchase email 
 sequence, bidirectional stock sync, filters before action steps. 
 See our Clarifications entry below for full Zap architecture 
 requirements. [NEW]
- Out-of-stock and discontinued Printify products display as Sold Out 
 on their Kartra page, remain visible. Availability sync must be 
 bidirectional: out-of-stock AND back-in-stock events both update 
 Kartra automatically. [NEW]

Deliverables
1. Complete page set above, mobile-first and branded to the style 
 guide we confirm together
2. Reusable section blocks (headers, footers, product grids, opt-ins) 
 with logical naming conventions
3. Step-by-step documentation so a non-developer can duplicate the 
 funnel, swap graphics, and launch another collection in minutes
4. Quick video or screen-share walkthrough of the finished workspace

Acceptance criteria: a test product must be purchasable end-to-end, 
trigger the correct Printify order, apply the assigned tags in Kartra, 
and drop the buyer into the initial email sequence without errors.

If you're fluent in Kartra page builder, understand POD workflows, 
and can explain your build clearly, let's talk timing and next steps. 
[References required].

UPDATE: I will be reviewing and responding during the next couple of 
days. PLEASE READ CONSOLIDATED CLARIFICATIONS BEFORE ADDING NEW 
QUESTIONS. Thank you!

CONSOLIDATED CLARIFICATIONS
(Summarizes and supersedes the scattered Q&A below where there's 
overlap)

CURRENT SETUP STATUS
- Kartra (Starter plan) and Printify accounts: established. This build
 uses a dedicated Printify store, separate from our existing
 Etsy-connected Printify stores.
- Zapier: not yet set up, will be configured before/at the start of
 this engagement.
- Printify catalog for this collection: ~30 products, already created
 and live (blueprints, variants, pricing, mockups configured).
 Category: drinkware. Most products have no variants; two have
 variants intentionally (one single-dimension, e.g. size-only; one
 with both size and color) to validate variant handling against real
 data.
- Branding: a color palette and brand guide exist, shared with whoever
 is selected, not during bidding. General direction: bold, crisp
 typography, confident color, white space, charming/energetic. Copy
 is supplied by us.
- Shipping: US addresses only, checkout should restrict to US shipping
 addresses.
- Payment: Stripe live now; PayPal possibly added before/during build.

DATA ARCHITECTURE
- Printify is the single source of truth for pricing, variant options,
 and availability, kept in sync via automation.
- Availability sync must be bidirectional: out-of-stock AND 
 back-in-stock events both update Kartra automatically without manual 
 intervention. Both directions must be explicitly wired. [NEW]
- Titles, descriptions, and primary images on Kartra pages are our 
 own content, set during build, editable by us afterward, not 
 overwritten by Printify syncs.

VARIANT RENDERING (technical must-have)
- Variant selectors must render dynamically based on whatever options
 Printify provides per product: no selector for single-variant
 products, one selector for one dimension, multiple for multiple
 dimensions. Adding/changing variants should only require a
 Printify-side change, never a template change.

INTEGRATION & AUTOMATION
- Kartra is the full storefront/checkout; Printify is 
 fulfillment-only, customers never interact with it directly.
- Zapier is our required integration tool (not [login to view URL], not custom
 API/webhooks): established platform, native Kartra support, widest
 documentation and support pool, no developer-maintained code.
- Order flow: Kartra checkout -> Zapier -> Printify order creation ->
 status sync back to Kartra.
- Fulfillment status needed: shipment/tracking only. On shipment, 
 update customer tag AND trigger separate transactional 
 shipping/tracking email.
- If any Zap step fails, send notification to a specified email (email address will be provided at engagement start).
- Full Zap architecture requirements: see our Clarifications entry 
 below. [NEW]

TAGGING
- We have an existing naming convention (prefix-based, human-readable
 SKUs). Developer proposes tag categories/structure Kartra needs;
 we populate with our existing conventions. No flat/generic tagging.

EMAIL AUTOMATION
- Built entirely inside Kartra (no external ESP for this build).
- Post-purchase sequence: 4 emails, order confirmation, delivery 
 check-in (time-delayed), cross-sell/review ask, 30-day 
 similar-products. Anything beyond this is a separate future flow.
- Abandoned cart: Kartra-native automation only, follow-up email + 
 ""prospect"" tag. Do not use Zapier for this.

CATALOG PAGE [UPDATED]
- Manually curated, manually edited Kartra page. No dynamic data 
 connection to Printify. No automation dependency of any kind.
- Styled collector's archive: flat list of products/drops with dates,
 quantities produced or sold, and 1-2 images per item.
- Must be editable by us or a VA inside Kartra without touching any
 automation, Printify connection, or page structure.
- Do not build any dynamic or automated data feed into this page.

PRODUCT PAGES & DISCONTINUED PRODUCTS [UPDATED]
- Each product gets its own page from one reusable template.
- Out-of-stock and discontinued products: display as Sold Out, page
 remains visible. Sync is bidirectional (see Data Architecture).
- Documentation must cover removing/retiring a product page ourselves
 without developer involvement.

SCOPE CHANGE
- Giveaway page removed. Core pages: homepage, product detail pages,
 checkout/thank-you, catalog.

FUTURE COLLECTIONS / DUPLICATION
- Each future collection is its own independently-branded store,
 built by duplicating this template and swapping: connected Printify
 product(s), images, copy, tag values. No automation-logic or 
 page-structure changes needed per collection.
- Each collection has its own standalone funnel and email sequence,
 no cross-store navigation or unified customer journey.

QA & HANDOFF
- Developer fully tests every integration step and page before 
 calling the build complete.
- We run our own acceptance testing as part of delivery.
- No ongoing developer relationship planned after delivery.
 Documentation and walkthrough must be sufficient for non-developer
 duplication, edits, and product-page removal.",kartra | printify | e-commerce | store | setup | want | fully-functioning | print-on-demand | curated | collection | store | built | inside | kartra | wired | printify | zapier | another | reliable | connector | first | collection | act | master | template | every | element | needs | modular | clearly | named | simple | duplicate | future | collections | core | pages | need | live | day | one | conversion-focused | homepage | introduces | collection | funnels | visitors | products | product | detail | pages | pull | variant | data | printify | push | orders | back | seamlessly | checkout | thank-you | pages | fully | styled | inside | kartra | email | list | opt-in | blocks | plus | basic | follow-up | sequence | catalog | page | manually | curated | collector | archive | see | clarifications | entry | details | updated | removed | giveaways | lean | toward | bold | look | crisp | typography | confident | color | plenty | white | space | yet | still | modern | ultra-usable | minimalist | tendencies | support | clarity | welcome | long | end | result | feels | charming | energetic | technical | must-haves | kartra | printify | integration | tested | end-to-end | order | fulfillment | status | update | zapier | equivalent | handling | data | bridges | kartra | native | tools | cover | simple | tagging | strategy | customers | products | campaigns | scale | catalog | grows | variant | selectors | product | detail | pages | size | color | etc | must | render | dynamically | based | whatever | options | printify | provides | product | assume | fixed | dimension | names | fixed | number | selectors | single-variant | product | shows | selector | product | one | variant | dimension | shows | one | selector | product | multiple | dimensions | shows | multiple | driven | entirely | printify | data | adding | changing | variants | product | require | changes | kartra | template | printify-side | product | configuration | zapier | architecture | specified | per-collection | zaps | kartra-native | automation | abandoned | cart | post-purchase | email | sequence | bidirectional | stock | sync | filters | action | steps | see | clarifications | entry | full | zap | architecture | requirements | new | out-of-stock | discontinued | printify | products | display | sold | kartra | page | remain | visible | availability | sync | must | bidirectional | out-of-stock | back-in-stock | events | update | kartra | automatically | new | deliverables | complete | page | set | mobile-first | branded | style | guide | confirm | together | reusable | section | blocks | headers | footers | product | grids | opt-ins | logical | naming | conventions | step-by-step | documentation | non-developer | duplicate | funnel | swap | graphics | launch | another | collection | minutes | quick | video | screen-share | walkthrough | finished | workspace | acceptance | criteria | test | product | must | purchasable | end-to-end | trigger | correct | printify | order | apply | assigned | tags | kartra | drop | buyer | initial | email | sequence | without | errors | fluent | kartra | page | builder | understand | pod | workflows | explain | build | clearly | let | talk | timing | next | steps | references | required | update | reviewing | responding | next | couple | days | please | read | consolidated | clarifications | adding | new | questions | thank | consolidated | clarifications | summarizes | supersedes | scattered | overlap | current | setup | status | kartra | starter | plan | printify | accounts | established | build | uses | dedicated | printify | store | separate | existing | etsy-connected | printify | stores | zapier | yet | set | configured | start | engagement | printify | catalog | collection | 30 | products | already | created | live | blueprints | variants | pricing | mockups | configured | category | drinkware | products | variants | two | variants | intentionally | one | single-dimension | e.g | size-only | one | size | color | validate | variant | handling | real | data | branding | color | palette | brand | guide | exist | shared | whoever | selected | bidding | general | direction | bold | crisp | typography | confident | color | white | space | charming | energetic | copy | supplied | us | shipping | us | addresses | checkout | restrict | us | shipping | addresses | payment | stripe | live | paypal | possibly | added | build | data | architecture | printify | single | source | truth | pricing | variant | options | availability | kept | sync | via | automation | availability | sync | must | bidirectional | out-of-stock | back-in-stock | events | update | kartra | automatically | without | manual | intervention | directions | must | explicitly | wired | new | titles | descriptions | primary | images | kartra | pages | content | set | build | editable | us | afterward | overwritten | printify | syncs | variant | rendering | technical | must-have | variant | selectors | must | render | dynamically | based | whatever | options | printify | provides | per | product | selector | single-variant | products | one | selector | one | dimension | multiple | multiple | dimensions | adding | changing | variants | require | printify-side | change | never | template | change | integration | automation | kartra | full | storefront | checkout | printify | fulfillment-only | customers | never | interact | directly | zapier | required | integration | tool | login | view | url | custom | api | webhooks | established | platform | native | kartra | support | widest | documentation | support | pool | developer-maintained | code | order | flow | kartra | checkout | zapier | printify | order | creation | status | sync | back | kartra | fulfillment | status | needed | shipment | tracking | shipment | update | customer | tag | trigger | separate | transactional | shipping | tracking | email | zap | step | fails | send | notification | specified | email | email | address | provided | engagement | start | full | zap | architecture | requirements | see | clarifications | entry | new | tagging | existing | naming | convention | prefix-based | human-readable | skus | developer | proposes | tag | categories | structure | kartra | needs | populate | existing | conventions | flat | generic | tagging | email | automation | built | entirely | inside | kartra | external | esp | build | post-purchase | sequence | emails | order | confirmation | delivery | check-in | time-delayed | cross-sell | review | ask | 30-day | similar-products | anything | beyond | separate | future | flow | abandoned | cart | kartra-native | automation | follow-up | email | prospect | tag | use | zapier | catalog | page | updated | manually | curated | manually | edited | kartra | page | dynamic | data | connection | printify | automation | dependency | kind | styled | collector | archive | flat | list | products | drops | dates | quantities | produced | sold | 1-2 | images | per | item | must | editable | us | va | inside | kartra | without | touching | automation | printify | connection | page | structure | build | dynamic | automated | data | feed | page | product | pages | discontinued | products | updated | product | gets | page | one | reusable | template | out-of-stock | discontinued | products | display | sold | page | remains | visible | sync | bidirectional | see | data | architecture | documentation | must | cover | removing | retiring | product | page | without | developer | involvement | scope | change | giveaway | page | removed | core | pages | homepage | product | detail | pages | checkout | thank-you | catalog | future | collections | duplication | future | collection | independently-branded | store | built | duplicating | template | swapping | connected | printify | product | images | copy | tag | values | automation-logic | page-structure | changes | needed | per | collection | collection | standalone | funnel | email | sequence | cross-store | navigation | unified | customer | journey | qa | handoff | developer | fully | tests | every | integration | step | page | calling | build | complete | run | acceptance | testing | part | delivery | ongoing | developer | relationship | planned | delivery | documentation | walkthrough | must | sufficient | non-developer | duplication | edits | product-page | removal | kartra | kartra | zapier | web | development | web | design | website | design | html | ecommerce | graphic | design | unknown,833,1125.0,USD,fixed,kartra | kartra | zapier | web development | web design | website design | html | ecommerce | graphic design,unknown,Unknown
Freelancer.com,https://www.freelancer.com/login?goto=ZjU0OTc2YjI4ZjRhMmU3ZjY0N2VmNGUwMzE3NDAzMWRodHRwczovL3d3dy5mcmVlbGFuY2VyLmNvbS9jb250ZXN0Ly0yNzUzOTAx,Private project or contest #2753901,private project contest 2753901 unknown adobe creative cloud adobe illustrator branding graphic design html logo design ,private project contest 2753901 unknown adobe creative cloud adobe illustrator branding graphic design html logo design web design website design unknown,Unknown,private | project | contest | 2753901 | unknown | adobe | creative | cloud | adobe | illustrator | branding | graphic | design | html | logo | design | web | design | website | design | unknown,21,,Unknown,unknown,adobe creative cloud | adobe illustrator | branding | graphic design | html | logo design | web design | website design,unknown,Unknown
Mostaqel.com,https://mostaql.com/project/1130894-%D8%A5%D8%AF%D8%A7%D8%B1%D8%A9-%D8%AD%D8%B3%D8%A7%D8%A8%D8%A7%D8%AA-%D8%A7%D9%84%D8%AA%D9%88%D8%A7%D8%B5%D9%84-%D8%A7%D9%84%D8%A7%D8%AC%D8%AA%D9%85%D8%A7%D8%B9%D9%8A,إدارة حسابات التواصل الاجتماعي,اداره حسابات التواصل الاجتماعي السلام عليكم ورحمه الله، التسويق عبر مواقع التواصل الاجتماعي اداره حسابات التواصل الاجتما,اداره حسابات التواصل الاجتماعي السلام عليكم ورحمه الله، التسويق عبر مواقع التواصل الاجتماعي اداره حسابات التواصل الاجتماعي كتابه محتوي سوشيال ميديا التسويق عبر الفيس بوك التسويق عبر الانستقرام التسويق عبر الانترنت التسويق الالكتروني اداره التسويق unknown,السلام عليكم ورحمة الله،,اداره | حسابات | التواصل | الاجتماعي | السلام | عليكم | ورحمه | الله، | التسويق | عبر | مواقع | التواصل | الاجتماعي | اداره | حسابات | التواصل | الاجتماعي | كتابه | محتوي | سوشيال | ميديا | التسويق | عبر | الفيس | بوك | التسويق | عبر | الانستقرام | التسويق | عبر | الانترنت | التسويق | الالكتروني | اداره | التسويق | unknown,36,75.0,USD,fixed,التسويق عبر مواقع التواصل الاجتماعي | اداره حسابات التواصل الاجتماعي | كتابه محتوي سوشيال ميديا | التسويق عبر الفيس بوك | التسويق عبر الانستقرام | التسويق عبر الانترنت | التسويق الالكتروني | اداره التسويق,unknown,2026-06-15 22:56:05
Mostaqel.com,https://mostaql.com/project/1250282-%D8%AA%D8%B5%D9%85%D9%8A%D9%85-%D9%87%D9%88%D9%8A%D8%A9-%D8%A8%D8%B5%D8%B1%D9%8A%D8%A9-%D8%A7%D8%AD%D8%AA%D8%B1%D8%A7%D9%81%D9%8A%D8%A9-%D9%84%D8%B4%D8%B1%D9%83%D8%A9-%D8%AA%D8%B3%D9%88%D9%8A%D9%82,تصميم هوية بصرية احترافية لشركة تسويق,تصميم هويه بصريه احترافيه لشركه تسويق السلام عليكم، التصميم الابداعي تصميم هويه تجاريه تصميم هويه بصريه فوتوشوب adobe il,تصميم هويه بصريه احترافيه لشركه تسويق السلام عليكم، التصميم الابداعي تصميم هويه تجاريه تصميم هويه بصريه فوتوشوب adobe illustrator تصميم شعار الفكره التصميميه unknown,السلام عليكم،,تصميم | هويه | بصريه | احترافيه | لشركه | تسويق | السلام | عليكم، | التصميم | الابداعي | تصميم | هويه | تجاريه | تصميم | هويه | بصريه | فوتوشوب | adobe | illustrator | تصميم | شعار | الفكره | التصميميه | unknown,24,375.0,USD,fixed,التصميم الابداعي | تصميم هويه تجاريه | تصميم هويه بصريه | فوتوشوب | adobe illustrator | تصميم شعار | الفكره التصميميه,unknown,2026-06-15 21:51:24
Mostaqel.com,https://mostaql.com/project/1250279-%D8%AA%D8%B5%D9%85%D9%8A%D9%85-%D8%B4%D8%B9%D8%A7%D8%B1-%D9%84%D9%85%D8%AA%D8%AC%D8%B1-%D8%A7%D9%84%D9%83%D8%AA%D8%B1%D9%88%D9%86%D9%8A,تصميم شعار لمتجر الكتروني,تصميم شعار لمتجر الكتروني مطلوب مصمم ينفذ لوجو لمتجر الكتروني تصميم موقع الكتروني تصميم شعار تصميم جرافيك التصميم الابدا,تصميم شعار لمتجر الكتروني مطلوب مصمم ينفذ لوجو لمتجر الكتروني تصميم موقع الكتروني تصميم شعار تصميم جرافيك التصميم الابداعي اللغه العربيه تصميم اعلان فوتوشوب adobe illustrator unknown,مطلوب مصمم ينفذ لوجو لمتجر الكتروني,تصميم | شعار | لمتجر | الكتروني | مطلوب | مصمم | ينفذ | لوجو | لمتجر | الكتروني | تصميم | موقع | الكتروني | تصميم | شعار | تصميم | جرافيك | التصميم | الابداعي | اللغه | العربيه | تصميم | اعلان | فوتوشوب | adobe | illustrator | unknown,27,37.5,USD,fixed,تصميم موقع الكتروني | تصميم شعار | تصميم جرافيك | التصميم الابداعي | اللغه العربيه | تصميم اعلان | فوتوشوب | adobe illustrator,unknown,2026-06-15 21:40:33
Mostaqel.com,https://mostaql.com/project/1250273-%D8%AA%D8%B5%D9%85%D9%8A%D9%85-%D8%BA%D8%B1%D9%81%D8%A9-%D8%A7%D8%B7%D9%81%D8%A7%D9%84,تصميم غرفة اطفال,تصميم غرفه اطفال مشروع تصميم غرفه اطفال الهندسه هندسه معماريه هندسه الصوت الهندسه الكهرباييه الهندسه الميكانيكيه تصميم ه,تصميم غرفه اطفال مشروع تصميم غرفه اطفال الهندسه هندسه معماريه هندسه الصوت الهندسه الكهرباييه الهندسه الميكانيكيه تصميم هندسي هندسه مدنيه unknown,مشروع تصميم غرفة أطفال,تصميم | غرفه | اطفال | مشروع | تصميم | غرفه | اطفال | الهندسه | هندسه | معماريه | هندسه | الصوت | الهندسه | الكهرباييه | الهندسه | الميكانيكيه | تصميم | هندسي | هندسه | مدنيه | unknown,21,75.0,USD,fixed,الهندسه | هندسه معماريه | هندسه الصوت | الهندسه الكهرباييه | الهندسه الميكانيكيه | تصميم هندسي | هندسه مدنيه,unknown,2026-06-15 21:15:05
Mostaqel.com,https://mostaql.com/project/1250239-%D8%AA%D9%86%D9%81%D9%8A%D8%B0-%D9%85%D9%88%D9%82%D8%B9-wordpress-%D8%AA%D8%B9%D8%B1%D9%8A%D9%81%D9%8A-%D9%84%D8%B4%D8%B1%D9%83%D8%A9-%D9%88%D8%B3%D8%A7%D8%B7%D8%A9-%D8%AA%D8%A3%D9%85%D9%8A%D9%86-%D9%85%D8%B9-%D9%88%D8%AC%D9%88%D8%AF-%D8%AA%D8%B5%D9%85%D9%8A%D9%85-%D9%85%D9%82%D8%AA%D8%B1%D8%AD-%D9%88%D9%85%D9%84%D9%81-%D9%87%D9%88%D9%8A%D8%A9-%D8%A8%D8%B5%D8%B1%D9%8A%D8%A9,تنفيذ موقع WordPress تعريفي لشركة وساطة تأمين مع وجود تصميم مقترح وملف هوية بصرية,تنفيذ موقع wordpress تعريفي لشركه وساطه تامين وجود تصميم مقترح وملف هويه بصريه الساده المستقلين تصميم مواقع تحسين محركات,تنفيذ موقع wordpress تعريفي لشركه وساطه تامين وجود تصميم مقترح وملف هويه بصريه الساده المستقلين تصميم مواقع تحسين محركات البحث تصميم بنرات الترجمه تعديل الصور اللغه الانجليزيه التصميم الابداعي اللغه العربيه تصميم جرافيك تصميم موقع الكتروني ووردبريس unknown,السادة المستقلين,تنفيذ | موقع | wordpress | تعريفي | لشركه | وساطه | تامين | وجود | تصميم | مقترح | وملف | هويه | بصريه | الساده | المستقلين | تصميم | مواقع | تحسين | محركات | البحث | تصميم | بنرات | الترجمه | تعديل | الصور | اللغه | الانجليزيه | التصميم | الابداعي | اللغه | العربيه | تصميم | جرافيك | تصميم | موقع | الكتروني | ووردبريس | unknown,38,175.0,USD,fixed,تصميم مواقع | تحسين محركات البحث | تصميم بنرات | الترجمه | تعديل الصور | اللغه الانجليزيه | التصميم الابداعي | اللغه العربيه | تصميم جرافيك | تصميم موقع الكتروني | ووردبريس,unknown,2026-06-15 21:07:00
Mostaqel.com,https://mostaql.com/project/1250261-%D9%85%D8%B9%D9%84%D9%82-%D8%B5%D9%88%D8%AA%D9%8A-%D8%A3%D8%B1%D8%AF%D9%86%D9%8A-%D8%B4%D8%A7%D8%A8-%D9%84%D8%A3%D8%AF%D8%A7%D8%A1-%D8%B3%D9%8A%D9%86%D9%85%D8%A7%D8%A6%D9%8A-%D8%B9%D8%A7%D8%B7%D9%81%D9%8A-%D9%84%D9%81%D9%8A%D9%84%D9%85-%D8%A8%D8%B1%D8%A7%D9%86%D8%AF-%D9%81%D8%A7%D8%AE%D8%B1,معلق صوتي أردني (شاب) لأداء سينمائي عاطفي - لفيلم براند فاخر,معلق صوتي اردني شاب لاداء سينمايي عاطفي لفيلم براند فاخر نبحث خامه صوتيه رجاليه اردنيه محترفه العمر الصوتي اواخر العشرين,معلق صوتي اردني شاب لاداء سينمايي عاطفي لفيلم براند فاخر نبحث خامه صوتيه رجاليه اردنيه محترفه العمر الصوتي اواخر العشرينيات الي الثلاثينيات لتسجيل نص قصير وعميق جدا لفيلم براند خاص بعياده اسنان فخمه عمان التعليق الصوتي التمثيل الصوتي اللغه العربيه التصميم الابداعي هندسه الصوت الانتاج الصوتي صوتيات تفريغ صوتي unknown,نبحث عن خامة صوتية رجالية أردنية محترفة (العمر الصوتي: أواخر العشرينيات إلى الثلاثينيات) لتسجيل نص قصير وعميق جداً لفيلم براند خاص بعيادة أسنان فخمة في عمان.,معلق | صوتي | اردني | شاب | لاداء | سينمايي | عاطفي | لفيلم | براند | فاخر | نبحث | خامه | صوتيه | رجاليه | اردنيه | محترفه | العمر | الصوتي | اواخر | العشرينيات | الي | الثلاثينيات | لتسجيل | نص | قصير | وعميق | جدا | لفيلم | براند | خاص | بعياده | اسنان | فخمه | عمان | التعليق | الصوتي | التمثيل | الصوتي | اللغه | العربيه | التصميم | الابداعي | هندسه | الصوت | الانتاج | الصوتي | صوتيات | تفريغ | صوتي | unknown,50,37.5,USD,fixed,التعليق الصوتي | التمثيل الصوتي | اللغه العربيه | التصميم الابداعي | هندسه الصوت | الانتاج الصوتي | صوتيات | تفريغ صوتي,unknown,2026-06-15 20:50:28
Mostaqel.com,https://mostaql.com/project/1250259-%D9%85%D8%B7%D9%88%D8%B1-%D9%84%D8%A5%D9%86%D8%B4%D8%A7%D8%A1-%D9%85%D9%88%D9%82%D8%B9-%D8%B4%D8%AE%D8%B5%D9%8A-portfolio,مطور لإنشاء موقع شخصي (Portfolio),مطور لانشاء موقع شخصي portfolio احتاج الي مستقل لتنفيذ وتصميم موقع شخصي portfolio تصميم موقع الكتروني برمجه مواقع css ht,مطور لانشاء موقع شخصي portfolio احتاج الي مستقل لتنفيذ وتصميم موقع شخصي portfolio تصميم موقع الكتروني برمجه مواقع css html react جافا سكريبت تطوير البرمجيات برمجه قواعد البيانات برمجه التطبيقات برمجه هندسه البرمجيات unknown,أحتاج إلى مستقل لتنفيذ وتصميم موقع شخصي (Portfolio),مطور | لانشاء | موقع | شخصي | portfolio | احتاج | الي | مستقل | لتنفيذ | وتصميم | موقع | شخصي | portfolio | تصميم | موقع | الكتروني | برمجه | مواقع | css | html | react | جافا | سكريبت | تطوير | البرمجيات | برمجه | قواعد | البيانات | برمجه | التطبيقات | برمجه | هندسه | البرمجيات | unknown,34,175.0,USD,fixed,تصميم موقع الكتروني | برمجه مواقع | css | html | react | جافا سكريبت | تطوير البرمجيات | برمجه قواعد البيانات | برمجه التطبيقات | برمجه | هندسه البرمجيات,unknown,2026-06-15 20:33:29
Mostaqel.com,https://mostaql.com/project/1250257-%D8%A5%D8%B9%D8%AF%D8%A7%D8%AF-%D9%88%D8%AA%D9%86%D8%B3%D9%8A%D9%82-%D8%A7%D9%84%D9%85%D8%AD%D8%AA%D9%88%D9%89-%D8%A7%D9%84%D8%A5%D8%B9%D9%84%D8%A7%D9%86%D9%8A,إعداد وتنسيق المحتوى الإعلاني,اعداد وتنسيق المحتوي الاعلاني السلام عليكم شباب كتابه المحتوي كتابه محتوي تسويقي كتابه اعلان الاعلان تصميم اعلان unknown,اعداد وتنسيق المحتوي الاعلاني السلام عليكم شباب كتابه المحتوي كتابه محتوي تسويقي كتابه اعلان الاعلان تصميم اعلان unknown,السلام عليكم يا شباب,اعداد | وتنسيق | المحتوي | الاعلاني | السلام | عليكم | شباب | كتابه | المحتوي | كتابه | محتوي | تسويقي | كتابه | اعلان | الاعلان | تصميم | اعلان | unknown,18,37.5,USD,fixed,كتابه المحتوي | كتابه محتوي تسويقي | كتابه اعلان | الاعلان | تصميم اعلان,unknown,2026-06-15 19:55:05
Mostaqel.com,https://mostaql.com/project/1250248-%D8%AA%D8%B5%D9%85%D9%8A%D9%85-%D9%83%D8%A7%D8%B1%D8%AA-%D8%B4%D8%AE%D8%B5%D9%8A,تصميم كارت شخصي,تصميم كارت شخصي تصميم كارت شخصي لمدير شركه linkiasoft هنوفر لوجو فوتوشوب تصميم جرافيك تصميم كروت شخصيه تصميم صور التصميم,تصميم كارت شخصي تصميم كارت شخصي لمدير شركه linkiasoft هنوفر لوجو فوتوشوب تصميم جرافيك تصميم كروت شخصيه تصميم صور التصميم الابداعي unknown,تصميم كارت شخصي لمدير شركه Linkiasoft هنوفر لوجو,تصميم | كارت | شخصي | تصميم | كارت | شخصي | لمدير | شركه | linkiasoft | هنوفر | لوجو | فوتوشوب | تصميم | جرافيك | تصميم | كروت | شخصيه | تصميم | صور | التصميم | الابداعي | unknown,22,37.5,USD,fixed,فوتوشوب | تصميم جرافيك | تصميم كروت شخصيه | تصميم صور | التصميم الابداعي,unknown,2026-06-15 19:40:16
Mostaqel.com,https://mostaql.com/project/1250246-%D8%AA%D8%B5%D9%85%D9%8A%D9%85-%D9%85%D8%AA%D8%A7%D8%AC%D8%B1-%D8%A7%D9%84%D9%83%D8%AA%D8%B1%D9%88%D9%86%D9%8A%D8%A9-%D9%84%D8%AD%D9%84%D9%88%D9%8A%D8%A7%D8%AA,تصميم متاجر الكترونية لحلويات,تصميم متاجر الكترونيه لحلويات ابحث مصمم متاجر الكترونيه وصفحات هبوط لديه خبره تصميم واجهات احترافيه وعصريه، اهتمام واضح ,تصميم متاجر الكترونيه لحلويات ابحث مصمم متاجر الكترونيه وصفحات هبوط لديه خبره تصميم واجهات احترافيه وعصريه، اهتمام واضح بتجربه المستخدم خصوصا علي الموبايل ويب تصميم موقع الكتروني تصميم مواقع التصميم الابداعي تصميم واجهه المستخدم تصميم تجربه المستخدم تصميم ui ux تصميم جرافيك unknown,أبحث عن مصمم/ـة متاجر إلكترونية وصفحات هبوط لديه خبرة في تصميم واجهات احترافية وعصرية، مع اهتمام واضح بتجربة المستخدم خصوصًا على الموبايل ويب.,تصميم | متاجر | الكترونيه | لحلويات | ابحث | مصمم | متاجر | الكترونيه | وصفحات | هبوط | لديه | خبره | تصميم | واجهات | احترافيه | وعصريه، | اهتمام | واضح | بتجربه | المستخدم | خصوصا | علي | الموبايل | ويب | تصميم | موقع | الكتروني | تصميم | مواقع | التصميم | الابداعي | تصميم | واجهه | المستخدم | تصميم | تجربه | المستخدم | تصميم | ui | ux | تصميم | جرافيك | unknown,43,375.0,USD,fixed,تصميم موقع الكتروني | تصميم مواقع | التصميم الابداعي | تصميم واجهه المستخدم | تصميم تجربه المستخدم | تصميم ui ux | تصميم جرافيك,unknown,2026-06-15 19:36:48
Mostaqel.com,https://mostaql.com/project/1250236-%D9%85%D8%B7%D9%84%D9%88%D8%A8-%D8%AE%D8%A8%D8%B1%D8%A7%D8%A1-odoo-%D9%84%D8%AA%D9%86%D9%81%D9%8A%D8%B0-%D9%88%D8%AA%D8%B4%D8%BA%D9%8A%D9%84-%D9%88%D8%AA%D8%AF%D8%B1%D9%8A%D8%A8-%D9%88%D8%AA%D8%AE%D8%B5%D9%8A%D8%B5-%D8%A7%D9%84%D9%86%D8%B8%D8%A7%D9%85-%D9%84%D8%B9%D9%85%D9%84%D8%A7%D8%A1-%D9%81%D9%8A-%D8%A7%D9%84%D8%B3%D8%B9%D9%88%D8%AF%D9%8A%D8%A9,مطلوب خبراء Odoo لتنفيذ وتشغيل وتدريب وتخصيص النظام لعملاء في السعودية,مطلوب خبراء odoo لتنفيذ وتشغيل وتدريب وتخصيص النظام لعملاء السعوديه وصف المشروع تدريب اداره الاعمال الدعم الفني اداره ال,مطلوب خبراء odoo لتنفيذ وتشغيل وتدريب وتخصيص النظام لعملاء السعوديه وصف المشروع تدريب اداره الاعمال الدعم الفني اداره الموارد البشريه اداره علاقات العملاء اداره المخزون محاسبه ماليه محاسبه اداره المشاريع تحليل الاعمال postgresql بايثون تخطيط موارد الموسسات erp اودو unknown,وصف المشروع:,مطلوب | خبراء | odoo | لتنفيذ | وتشغيل | وتدريب | وتخصيص | النظام | لعملاء | السعوديه | وصف | المشروع | تدريب | اداره | الاعمال | الدعم | الفني | اداره | الموارد | البشريه | اداره | علاقات | العملاء | اداره | المخزون | محاسبه | ماليه | محاسبه | اداره | المشاريع | تحليل | الاعمال | postgresql | بايثون | تخطيط | موارد | الموسسات | erp | اودو | unknown,40,3750.0,USD,fixed,تدريب اداره الاعمال | الدعم الفني | اداره الموارد البشريه | اداره علاقات العملاء | اداره المخزون | محاسبه ماليه | محاسبه | اداره المشاريع | تحليل الاعمال | postgresql | بايثون | تخطيط موارد الموسسات erp | اودو,unknown,2026-06-15 19:35:29
Mostaqel.com,https://mostaql.com/project/1249529-%D8%AA%D9%83%D8%B3%D9%8A%D8%A9-%D9%88%D8%A7%D8%AC%D9%87%D8%A9-%D9%88%D8%AA%D9%88%D8%B2%D9%8A%D8%B9-%D8%A8%D9%84%D8%A7%D8%B7-%D8%A3%D8%AD%D9%88%D8%A7%D8%B4,تكسية واجهة وتوزيع بلاط أحواش,تكسيه واجهه وتوزيع بلاط احواش السلام عليكم تصميم منزل هندسه معماريه تصميم الواجهات المعماريه اظهار معماري تصميم مخططات م,تكسيه واجهه وتوزيع بلاط احواش السلام عليكم تصميم منزل هندسه معماريه تصميم الواجهات المعماريه اظهار معماري تصميم مخططات معماريه unknown,السلام عليكم,تكسيه | واجهه | وتوزيع | بلاط | احواش | السلام | عليكم | تصميم | منزل | هندسه | معماريه | تصميم | الواجهات | المعماريه | اظهار | معماري | تصميم | مخططات | معماريه | unknown,20,37.5,USD,fixed,تصميم منزل | هندسه معماريه | تصميم الواجهات المعماريه | اظهار معماري | تصميم مخططات معماريه,unknown,2026-06-15 19:19:33
Mostaqel.com,https://mostaql.com/project/1250235-%D9%85%D8%A8%D8%B1%D9%85%D8%AC-%D8%AA%D8%B4%D9%8A%D9%83%D8%B1-%D9%8A%D9%83%D9%88%D9%86-%D8%B9%D9%86%D8%AF%D9%87-%D8%AE%D8%A8%D8%B1%D9%87-%D8%A8%D8%AC%D9%84%D8%A8-%D8%A8%D9%88%D8%A7%D8%A8%D8%A9-%D8%AF%D9%81%D8%B9,مبرمج تشيكر يكون عنده خبره بجلب بوابة دفع,مبرمج تشيكر يكون عنده خبره بجلب بوابه دفع محتاج مبرمج تشيكر يكون عنده خبره بجلب بوابه دفع سايبر او تشيز او تشك اوت خصم ب,مبرمج تشيكر يكون عنده خبره بجلب بوابه دفع محتاج مبرمج تشيكر يكون عنده خبره بجلب بوابه دفع سايبر او تشيز او تشك اوت خصم برمجه بناء الروابط تطوير البرمجيات هندسه البرمجيات برمجه مواقع unknown,محتاج مبرمج تشيكر يكون عنده خبره بجلب بوابة دفع سايبر او تشيز او تشك اوت خصم,مبرمج | تشيكر | يكون | عنده | خبره | بجلب | بوابه | دفع | محتاج | مبرمج | تشيكر | يكون | عنده | خبره | بجلب | بوابه | دفع | سايبر | او | تشيز | او | تشك | اوت | خصم | برمجه | بناء | الروابط | تطوير | البرمجيات | هندسه | البرمجيات | برمجه | مواقع | unknown,34,375.0,USD,fixed,برمجه | بناء الروابط | تطوير البرمجيات | هندسه البرمجيات | برمجه مواقع,unknown,2026-06-15 19:05:34
Mostaqel.com,https://mostaql.com/project/1250230-%D8%AA%D8%B5%D9%85%D9%8A%D9%85-%D8%A7%D9%84%D8%A5%D9%86%D8%A7%D8%B1%D8%A9-%D8%A7%D9%84%D8%AF%D8%A7%D8%AE%D9%84%D9%8A%D8%A9-%D9%84%D9%81%D9%8A%D9%84%D8%A7-%D8%AC%D8%B2%D8%A6%D9%8A%D9%86,تصميم الإنارة الداخلية لفيلا جزئين,تصميم الاناره الداخليه لفيلا جزيين السلام عليكم،، هندسه معماريه تصميم داخلي تصميم مخططات معماريه تصميم معماري البناء الم,تصميم الاناره الداخليه لفيلا جزيين السلام عليكم،، هندسه معماريه تصميم داخلي تصميم مخططات معماريه تصميم معماري البناء المعماري اظهار معماري تصميم 3d مخططات فلل تصميم فلل 3ds max اوتوكاد unknown,السلام عليكم،،,تصميم | الاناره | الداخليه | لفيلا | جزيين | السلام | عليكم،، | هندسه | معماريه | تصميم | داخلي | تصميم | مخططات | معماريه | تصميم | معماري | البناء | المعماري | اظهار | معماري | تصميم | 3d | مخططات | فلل | تصميم | فلل | 3ds | max | اوتوكاد | unknown,30,175.0,USD,fixed,هندسه معماريه | تصميم داخلي | تصميم مخططات معماريه | تصميم معماري | البناء المعماري | اظهار معماري | تصميم 3d | مخططات فلل | تصميم فلل | 3ds max | اوتوكاد,unknown,2026-06-15 19:03:29
Mostaqel.com,https://mostaql.com/project/1250229-%D8%AA%D8%B6%D8%A8%D9%8A%D8%B7-%D9%82%D9%88%D9%82%D9%84-%D9%85%D8%A7%D8%A8-%D9%84%D8%B4%D8%B1%D9%83%D8%A9-%D8%A8%D8%B4%D9%83%D9%84-%D8%B9%D8%A7%D8%AC%D9%84,تضبيط قوقل ماب لشركة بشكل عاجل,تضبيط قوقل ماب لشركه بشكل عاجل السلام عليكم شركه ونبحث شخص فنان قوقل ماب خرايط جوجل اعلانات جوجل جوجل ادسنس اداره حسابات,تضبيط قوقل ماب لشركه بشكل عاجل السلام عليكم شركه ونبحث شخص فنان قوقل ماب خرايط جوجل اعلانات جوجل جوجل ادسنس اداره حسابات التواصل الاجتماعي اداره التسويق unknown,السلام عليكم نحن شركه ونبحث عن شخص فنان في قوقل ماب,تضبيط | قوقل | ماب | لشركه | بشكل | عاجل | السلام | عليكم | شركه | ونبحث | شخص | فنان | قوقل | ماب | خرايط | جوجل | اعلانات | جوجل | جوجل | ادسنس | اداره | حسابات | التواصل | الاجتماعي | اداره | التسويق | unknown,27,75.0,USD,fixed,خرايط جوجل | اعلانات جوجل | جوجل ادسنس | اداره حسابات التواصل الاجتماعي | اداره التسويق,unknown,2026-06-15 19:02:57
Mostaqel.com,https://mostaql.com/project/1249986-%D9%85%D8%AA%D8%AE%D8%B5%D8%B5-%D9%81%D9%8A-%D8%A7%D9%84%D8%AF%D8%B1%D9%88%D8%A8-%D8%B4%D9%8A%D8%A8%D9%86%D9%82-%D9%84%D8%AA%D8%B5%D9%85%D9%8A%D9%85-%D9%85%D9%88%D9%82%D8%B9-%D8%A5%D9%84%D9%83%D8%AA%D8%B1%D9%88%D9%86%D9%8A,متخصص في الدروب شيبنق لتصميم موقع إلكتروني,متخصص الدروب شيبنق لتصميم موقع الكتروني الخير تحسين معدل التحويل التسويق الالكتروني هندسه البرمجيات التسويق عبر محركات ا,متخصص الدروب شيبنق لتصميم موقع الكتروني الخير تحسين معدل التحويل التسويق الالكتروني هندسه البرمجيات التسويق عبر محركات البحث الاداره الماليه اداره المبيعات خطه تسويقيه اداره المشاريع خطه عمل انشاء موقع ووردبريس التسويق عبر الانستقرام تطوير البرمجيات اداره المتاجر الالكترونيه unknown,مساء الخير,متخصص | الدروب | شيبنق | لتصميم | موقع | الكتروني | الخير | تحسين | معدل | التحويل | التسويق | الالكتروني | هندسه | البرمجيات | التسويق | عبر | محركات | البحث | الاداره | الماليه | اداره | المبيعات | خطه | تسويقيه | اداره | المشاريع | خطه | عمل | انشاء | موقع | ووردبريس | التسويق | عبر | الانستقرام | تطوير | البرمجيات | اداره | المتاجر | الالكترونيه | unknown,40,175.0,USD,fixed,تحسين معدل التحويل | التسويق الالكتروني | هندسه البرمجيات | التسويق عبر محركات البحث | الاداره الماليه | اداره المبيعات | خطه تسويقيه | اداره المشاريع | خطه عمل | انشاء موقع ووردبريس | التسويق عبر الانستقرام | تطوير البرمجيات | اداره المتاجر الالكترونيه,unknown,2026-06-15 19:01:59
Mostaqel.com,https://mostaql.com/project/1250228-%D8%B9%D9%85%D9%84-%D9%82%D9%88%D9%82%D9%84-%D9%85%D8%A7%D8%A8-%D9%84%D9%84%D8%B4%D8%B1%D9%83%D8%A9,عمل قوقل ماب للشركة,عمل قوقل ماب للشركه مطلوب شخص مختص عمل قوقل ماب للشركه خرايط جوجل اداره حسابات التواصل الاجتماعي ادوات مشرفي المواقع جوج,عمل قوقل ماب للشركه مطلوب شخص مختص عمل قوقل ماب للشركه خرايط جوجل اداره حسابات التواصل الاجتماعي ادوات مشرفي المواقع جوجل ادسنس اعلانات جوجل unknown,مطلوب شخص مختص في عمل قوقل ماب للشركة,عمل | قوقل | ماب | للشركه | مطلوب | شخص | مختص | عمل | قوقل | ماب | للشركه | خرايط | جوجل | اداره | حسابات | التواصل | الاجتماعي | ادوات | مشرفي | المواقع | جوجل | ادسنس | اعلانات | جوجل | unknown,25,75.0,USD,fixed,خرايط جوجل | اداره حسابات التواصل الاجتماعي | ادوات مشرفي المواقع | جوجل ادسنس | اعلانات جوجل,unknown,2026-06-15 19:00:57
Mostaqel.com,https://mostaql.com/project/1250214-%D8%AA%D8%B7%D9%88%D9%8A%D8%B1-%D9%85%D9%86%D8%B5%D8%A9-saas-%D8%B9%D8%B1%D8%A8%D9%8A%D8%A9-%D8%AA%D8%B9%D8%AA%D9%85%D8%AF-%D8%B9%D9%84%D9%89-%D8%A7%D9%84%D8%B0%D9%83%D8%A7%D8%A1-%D8%A7%D9%84%D8%A7%D8%B5%D8%B7%D9%86%D8%A7%D8%B9%D9%8A-%D9%84%D9%85%D8%B9%D8%A7%D9%84%D8%AC%D8%A9-%D8%A7%D9%84%D9%86%D8%B5%D9%88%D8%B5-%D8%A7%D9%84%D8%A3%D9%83%D8%A7%D8%AF%D9%8A%D9%85%D9%8A%D8%A9,تطوير منصة SaaS عربية تعتمد على الذكاء الاصطناعي لمعالجة النصوص الأكاديمية,تطوير منصه saas عربيه تعتمد علي الذكاء الاصطناعي لمعالجه النصوص الاكاديميه ارغب تطوير منصه saas عربيه متكامله تعتمد علي ,تطوير منصه saas عربيه تعتمد علي الذكاء الاصطناعي لمعالجه النصوص الاكاديميه ارغب تطوير منصه saas عربيه متكامله تعتمد علي الذكاء الاصطناعي وتستهدف الطلبه والباحثين الوطن العربي تصميم موقع الكتروني تطوير البرمجيات هندسه البرمجيات برمجه برمجه مواقع unknown,أرغب في تطوير منصة SaaS عربية متكاملة تعتمد على الذكاء الاصطناعي وتستهدف الطلبة والباحثين في الوطن العربي.,تطوير | منصه | saas | عربيه | تعتمد | علي | الذكاء | الاصطناعي | لمعالجه | النصوص | الاكاديميه | ارغب | تطوير | منصه | saas | عربيه | متكامله | تعتمد | علي | الذكاء | الاصطناعي | وتستهدف | الطلبه | والباحثين | الوطن | العربي | تصميم | موقع | الكتروني | تطوير | البرمجيات | هندسه | البرمجيات | برمجه | برمجه | مواقع | unknown,37,375.0,USD,fixed,تصميم موقع الكتروني | تطوير البرمجيات | هندسه البرمجيات | برمجه | برمجه مواقع,unknown,2026-06-15 19:00:09
Mostaqel.com,https://mostaql.com/project/1250224-%D8%AA%D8%B7%D9%88%D9%8A%D8%B1-%D9%86%D8%B8%D8%A7%D9%85-%D8%A5%D8%AF%D8%A7%D8%B1%D8%A9-%D8%A7%D9%84%D9%85%D9%88%D8%B8%D9%81%D9%8A%D9%86-%D9%88%D8%A7%D9%84%D9%85%D9%87%D8%A7%D9%85-%D8%B9%D9%86-%D8%A8%D8%B9%D8%AF,تطوير نظام إدارة الموظفين والمهام عن بعد,تطوير نظام اداره الموظفين والمهام طلب عرض سعر لتطوير نظام اداره الموظفين والمهام معالجه البيانات خطه عمل امن وحمايه المو,تطوير نظام اداره الموظفين والمهام طلب عرض سعر لتطوير نظام اداره الموظفين والمهام معالجه البيانات خطه عمل امن وحمايه المواقع تطوير البرمجيات برمجه مواقع انظمه اداره المحتوي واجهه برمجه التطبيقات unknown,طلب عرض سعر لتطوير نظام إدارة الموظفين والمهام عن بعد,تطوير | نظام | اداره | الموظفين | والمهام | طلب | عرض | سعر | لتطوير | نظام | اداره | الموظفين | والمهام | معالجه | البيانات | خطه | عمل | امن | وحمايه | المواقع | تطوير | البرمجيات | برمجه | مواقع | انظمه | اداره | المحتوي | واجهه | برمجه | التطبيقات | unknown,31,7500.0,USD,fixed,معالجه البيانات | خطه عمل | امن وحمايه المواقع | تطوير البرمجيات | برمجه مواقع | انظمه اداره المحتوي | واجهه برمجه التطبيقات,unknown,2026-06-15 18:36:17
Mostaqel.com,https://mostaql.com/project/1250223-%D9%86%D8%B8%D8%A7%D9%85-excel-%D8%A3%D9%88-power-apps-%D9%84%D8%A5%D8%AF%D8%A7%D8%B1%D8%A9-%D8%A7%D9%84%D8%A5%D8%AF%D8%A7%D8%B1%D8%A7%D8%AA-%D9%88%D8%A7%D9%84%D8%AA%D9%82%D8%A7%D8%B1%D9%8A%D8%B1,نظام Excel أو Power Apps لإدارة الإدارات والتقارير,نظام excel او power apps لاداره الادارات والتقارير قاعده بيانات مركزيه تفاعليه مايكروسوفت اكسل جداول بيانات جوجل مايكروس,نظام excel او power apps لاداره الادارات والتقارير قاعده بيانات مركزيه تفاعليه مايكروسوفت اكسل جداول بيانات جوجل مايكروسوفت اوفيس اداره قواعد البيانات تطوير قاعده بيانات unknown,قاعدة بيانات مركزية تفاعلية,نظام | excel | او | power | apps | لاداره | الادارات | والتقارير | قاعده | بيانات | مركزيه | تفاعليه | مايكروسوفت | اكسل | جداول | بيانات | جوجل | مايكروسوفت | اوفيس | اداره | قواعد | البيانات | تطوير | قاعده | بيانات | unknown,26,75.0,USD,fixed,مايكروسوفت اكسل | جداول بيانات جوجل | مايكروسوفت اوفيس | اداره قواعد البيانات | تطوير قاعده بيانات,unknown,2026-06-15 18:35:20
Mostaqel.com,https://mostaql.com/project/1250222-%D9%85%D8%B7%D9%84%D9%88%D8%A8-%D8%AE%D8%A8%D9%8A%D8%B1-%D9%84%D8%AA%D9%81%D8%B9%D9%8A%D9%84-%D9%85%D9%88%D9%82%D8%B9-%D8%B4%D8%B1%D9%83%D8%A9-%D8%AA%D9%82%D9%86%D9%8A%D8%A9-%D8%B1%D8%A8%D8%B7-%D9%86%D8%B7%D8%A7%D9%82-domain-%D8%AA%D8%AF%D8%B1%D9%8A%D8%A8-%D9%81%D8%B1%D9%8A%D9%82-%D8%B9%D9%84%D9%89-%D8%A5%D8%AF%D8%A7%D8%B1%D8%A9-%D8%A7%D9%84%D9%85%D9%88%D9%82%D8%B9,"مطلوب خبير لتفعيل موقع شركة تقنية, ربط نطاق (Domain), تدريب فريق على إدارة الموقع",مطلوب خبير لتفعيل موقع شركه تقنيه ربط نطاق domain تدريب فريق علي اداره الموقع السلام عليكم، شركه تقنيه ناشيه الدرعيه باس,مطلوب خبير لتفعيل موقع شركه تقنيه ربط نطاق domain تدريب فريق علي اداره الموقع السلام عليكم، شركه تقنيه ناشيه الدرعيه باسم ،vircont نقدم خدمات مخصصه تركيب كاميرات cctv وال dash تطوير البرمجيات هندسه البرمجيات برمجه برمجه مواقع تدريب unknown,السلام عليكم، نحن شركة تقنية ناشئة في الدرعية باسم ،Vircont نقدم ٦ خدمات مخصصة: (تركيب كاميرات CCTV والـ Dash,مطلوب | خبير | لتفعيل | موقع | شركه | تقنيه | ربط | نطاق | domain | تدريب | فريق | علي | اداره | الموقع | السلام | عليكم، | شركه | تقنيه | ناشيه | الدرعيه | باسم | ،vircont | نقدم | خدمات | مخصصه | تركيب | كاميرات | cctv | وال | dash | تطوير | البرمجيات | هندسه | البرمجيات | برمجه | برمجه | مواقع | تدريب | unknown,39,175.0,USD,fixed,تطوير البرمجيات | هندسه البرمجيات | برمجه | برمجه مواقع | تدريب,unknown,2026-06-15 18:34:02
Mostaqel.com,https://mostaql.com/project/1250216-%D9%85%D8%AA%D8%AE%D8%B5%D8%B5-%D9%81%D9%8A-%D9%86%D9%88%D9%86-%D9%84%D8%B4%D8%B1%D8%AD-%D8%A8%D8%B9%D8%B6-%D8%A7%D9%84%D8%A3%D9%85%D9%88%D8%B1-%D9%84%D8%A8%D8%A7%D8%A6%D8%B9,متخصص في نون لشرح بعض الأمور لبائع,متخصص لشرح الامور لبايع احتاج احد متخصص يشرح ويوضح التالي اداره المبيعات التحليل المالي اداره المتاجر الالكترونيه التسوي,متخصص لشرح الامور لبايع احتاج احد متخصص يشرح ويوضح التالي اداره المبيعات التحليل المالي اداره المتاجر الالكترونيه التسويق عبر الانترنت اداره التسويق خدمات امازون ويب تدريب unknown,احتاج احد متخصص في نون يشرح ويوضح لي التالي:,متخصص | لشرح | الامور | لبايع | احتاج | احد | متخصص | يشرح | ويوضح | التالي | اداره | المبيعات | التحليل | المالي | اداره | المتاجر | الالكترونيه | التسويق | عبر | الانترنت | اداره | التسويق | خدمات | امازون | ويب | تدريب | unknown,27,37.5,USD,fixed,اداره المبيعات | التحليل المالي | اداره المتاجر الالكترونيه | التسويق عبر الانترنت | اداره التسويق | خدمات امازون ويب | تدريب,unknown,2026-06-15 18:33:02
Mostaqel.com,https://mostaql.com/project/1250207-%D8%AA%D9%87%D9%8A%D8%A6%D8%A9-%D9%88%D9%87%D9%8A%D9%83%D9%84%D8%A9-%D8%A3%D9%82%D8%B3%D8%A7%D9%85-%D9%85%D8%AA%D8%AC%D8%B1-%D8%B9%D9%84%D9%89-%D9%85%D9%86%D8%B5%D8%A9-%D8%B3%D9%84%D8%A9-%D9%85%D8%B9-%D8%A7%D8%AE%D8%AA%D9%8A%D8%A7%D8%B1-%D8%AB%D9%8A%D9%85-%D9%85%D9%86%D8%A7%D8%B3%D8%A8,تهيئة وهيكلة أقسام متجر على منصة سلة مع اختيار ثيم مناسب,تهييه وهيكله اقسام متجر علي منصه سله اختيار ثيم مناسب ابحث مستقل لديه خبره سابقه مثبته العمل علي متاجر منصه سله سله اللغ,تهييه وهيكله اقسام متجر علي منصه سله اختيار ثيم مناسب ابحث مستقل لديه خبره سابقه مثبته العمل علي متاجر منصه سله سله اللغه الانجليزيه تصميم قوالب adobe illustrator التصميم الابداعي تصميم جرافيك فوتوشوب تصميم موقع الكتروني unknown,أبحث عن مستقل لديه **خبرة سابقة مثبتة في العمل على متاجر منصة سلة**.,تهييه | وهيكله | اقسام | متجر | علي | منصه | سله | اختيار | ثيم | مناسب | ابحث | مستقل | لديه | خبره | سابقه | مثبته | العمل | علي | متاجر | منصه | سله | سله | اللغه | الانجليزيه | تصميم | قوالب | adobe | illustrator | التصميم | الابداعي | تصميم | جرافيك | فوتوشوب | تصميم | موقع | الكتروني | unknown,37,75.0,USD,fixed,سله | اللغه الانجليزيه | تصميم قوالب | adobe illustrator | التصميم الابداعي | تصميم جرافيك | فوتوشوب | تصميم موقع الكتروني,unknown,2026-06-15 18:29:31
Mostaqel.com,https://mostaql.com/project/1250123-%D9%8A%D9%88%D8%AA%D9%8A%D9%88%D8%A8%D8%B1-%D8%A7%D9%88-%D8%B5%D8%A7%D9%86%D8%B9-%D9%85%D8%AD%D8%AA%D9%88%D9%89-%D8%AA%D8%B9%D9%84%D9%8A%D9%85%D9%8A-%D9%84%D9%84%D8%AA%D8%B1%D9%88%D9%8A%D8%AC-%D9%84%D8%AA%D8%B7%D8%A8%D9%8A%D9%82-%D8%AA%D8%B9%D9%84%D9%8A%D9%85%D9%8A,يوتيوبر او صانع محتوى تعليمي للترويج لتطبيق تعليمي,يوتيوبر او صانع محتوي تعليمي للترويج لتطبيق تعليمي السلام عليكم انا معلم فيزياء ومطور تطبيقات لدي تطبيق تعليمي منشور علي,يوتيوبر او صانع محتوي تعليمي للترويج لتطبيق تعليمي السلام عليكم انا معلم فيزياء ومطور تطبيقات لدي تطبيق تعليمي منشور علي متجر ميكروسوفت لصناعه الاختبارات رباعيه الاختيارات mcq وتصديرها التطبيق مميز جدا الفكره والمضمون ونموذج العمل المطلوب يوتيوبر او صانع محتوي تعليمي عدد كبير المتابعين لعمل فيديو ترويجي علي يوتيوب يشرح خصايص ومميزات التطبيق يفضل العرض ايضاح القناه ستقوم بالترويج وعدد المتابعين او المشتركين انشاء فيديو يوتيوب صناعه البودكاست صناعه فيديو اعلاني التسويق الالكتروني التسويق عبر الانترنت التسويق عبر مواقع التواصل الاجتماعي التسويق بالفيديو صناعه المحتوي unknown,السلام عليكم . انا معلم فيزياء ومطور تطبيقات لدي تطبيق تعليمي منشور علي متجر ميكروسوفت لصناعة الاختبارات رباعية الاختيارات MCQ وتصديرها . التطبيق مميز جدا من حيث الفكرة والمضمون ونموذج العمل . المطلوب هو يوتيوبر او صانع محتوي تعليمي له عدد كبير من المتابعين لعمل فيديو ترويجي علي يوتيوب يشرح فيه خصائص ومميزات التطبيق . يفضل فى العرض ايضاح القناة التي ستقوم بالترويج وعدد المتابعين او المشتركين فيها .,يوتيوبر | او | صانع | محتوي | تعليمي | للترويج | لتطبيق | تعليمي | السلام | عليكم | انا | معلم | فيزياء | ومطور | تطبيقات | لدي | تطبيق | تعليمي | منشور | علي | متجر | ميكروسوفت | لصناعه | الاختبارات | رباعيه | الاختيارات | mcq | وتصديرها | التطبيق | مميز | جدا | الفكره | والمضمون | ونموذج | العمل | المطلوب | يوتيوبر | او | صانع | محتوي | تعليمي | عدد | كبير | المتابعين | لعمل | فيديو | ترويجي | علي | يوتيوب | يشرح | خصايص | ومميزات | التطبيق | يفضل | العرض | ايضاح | القناه | ستقوم | بالترويج | وعدد | المتابعين | او | المشتركين | انشاء | فيديو | يوتيوب | صناعه | البودكاست | صناعه | فيديو | اعلاني | التسويق | الالكتروني | التسويق | عبر | الانترنت | التسويق | عبر | مواقع | التواصل | الاجتماعي | التسويق | بالفيديو | صناعه | المحتوي | unknown,86,37.5,USD,fixed,انشاء فيديو يوتيوب | صناعه البودكاست | صناعه فيديو اعلاني | التسويق الالكتروني | التسويق عبر الانترنت | التسويق عبر مواقع التواصل الاجتماعي | التسويق بالفيديو | صناعه المحتوي,unknown,2026-06-15 18:27:36
Mostaqel.com,https://mostaql.com/project/1250212-%D8%AA%D8%AF%D9%82%D9%8A%D9%82-%D8%A8%D8%AD%D8%AB-%D9%88-%D9%83%D8%AA%D8%A7%D8%A8%D8%A9-%D8%A7%D9%84%D9%85%D8%B1%D8%A7%D8%AC%D8%B9-%D8%A8%D8%B5%D9%8A%D8%BA%D8%A9-apa7,تدقيق بحث و كتابة المراجع بصيغة apa7,تدقيق بحث كتابه المراجع بصيغه apa7 احتاج مدقق لبحث يخص تخصص التربيه الخاصه وتعديل كتابه المراجع بصيغه apa7 بدون استخدام ,تدقيق بحث كتابه المراجع بصيغه apa7 احتاج مدقق لبحث يخص تخصص التربيه الخاصه وتعديل كتابه المراجع بصيغه apa7 بدون استخدام برامج الذكاء الاصطناعي التدقيق اللغوي اللغه العربيه كتابه مقالات البحث والتطوير اعاده صياغه المحتوي unknown,احتاج مدقق لبحث يخص تخصص التربية الخاصة وتعديل كتابة المراجع بصيغة apa7 و بدون استخدام برامج الذكاء الاصطناعي,تدقيق | بحث | كتابه | المراجع | بصيغه | apa7 | احتاج | مدقق | لبحث | يخص | تخصص | التربيه | الخاصه | وتعديل | كتابه | المراجع | بصيغه | apa7 | بدون | استخدام | برامج | الذكاء | الاصطناعي | التدقيق | اللغوي | اللغه | العربيه | كتابه | مقالات | البحث | والتطوير | اعاده | صياغه | المحتوي | unknown,35,37.5,USD,fixed,التدقيق اللغوي | اللغه العربيه | كتابه مقالات | البحث والتطوير | اعاده صياغه المحتوي,unknown,2026-06-15 18:02:34
Mostaqel.com,https://mostaql.com/project/1250204-%D8%A7%D8%B3%D8%AA%D8%B9%D8%A7%D8%AF%D8%A9-%D8%AF%D8%B1%D8%AF%D8%B4%D8%A7%D8%AA-%D8%A7%D9%84%D9%88%D8%A7%D8%AA%D8%B3,استعادة دردشات الواتس,استعاده دردشات الواتس انحذفت عندي المحادثات الواتس البحث والتطوير استكشاف الاخطاء واصلاحها برمجه مواقع برمجه قواعد البيا,استعاده دردشات الواتس انحذفت عندي المحادثات الواتس البحث والتطوير استكشاف الاخطاء واصلاحها برمجه مواقع برمجه قواعد البيانات برمجه التطبيقات برمجه ios برمجه اندرويد unknown,انحذفت عندي جميع المحادثات في الواتس !,استعاده | دردشات | الواتس | انحذفت | عندي | المحادثات | الواتس | البحث | والتطوير | استكشاف | الاخطاء | واصلاحها | برمجه | مواقع | برمجه | قواعد | البيانات | برمجه | التطبيقات | برمجه | ios | برمجه | اندرويد | unknown,24,37.5,USD,fixed,البحث والتطوير | استكشاف الاخطاء واصلاحها | برمجه مواقع | برمجه قواعد البيانات | برمجه التطبيقات | برمجه ios | برمجه اندرويد,unknown,2026-06-15 17:43:16
Mostaqel.com,https://mostaql.com/project/1250096-%D8%AA%D8%B5%D9%85%D9%8A%D9%85-%D9%88%D8%AA%D8%B7%D9%88%D9%8A%D8%B1-%D9%85%D9%88%D9%82%D8%B9-%D8%B4%D8%B1%D9%83%D8%A9-%D9%85%D9%82%D8%A7%D9%88%D9%84%D8%A7%D8%AA-%D9%88%D8%A5%D9%86%D8%B4%D8%A7%D8%A1%D8%A7%D8%AA-%D8%A7%D8%AD%D8%AA%D8%B1%D8%A7%D9%81%D9%8A-arabicenglish,تصميم وتطوير موقع شركة مقاولات وإنشاءات احترافي (Arabic/English),تصميم وتطوير موقع شركه مقاولات وانشاءات احترافي arabic english ابحث مطور ومصمم مواقع محترف لتنفيذ موقع شركه مقاولات وانش,تصميم وتطوير موقع شركه مقاولات وانشاءات احترافي arabic english ابحث مطور ومصمم مواقع محترف لتنفيذ موقع شركه مقاولات وانشاءات مشابه لموقع allied green contracting، الحفاظ علي هويه بصريه مميزه وتجربه مستخدم حديثه تصميم موقع الكتروني تصميم مواقع التصميم الابداعي تصميم واجهه المستخدم تصميم تجربه المستخدم php لارافيل angular.js unknown,أبحث عن مطور ومصمم مواقع محترف لتنفيذ موقع شركة مقاولات وإنشاءات مشابه لموقع Allied Green Contracting، مع الحفاظ على هوية بصرية مميزة وتجربة مستخدم حديثة.,تصميم | وتطوير | موقع | شركه | مقاولات | وانشاءات | احترافي | arabic | english | ابحث | مطور | ومصمم | مواقع | محترف | لتنفيذ | موقع | شركه | مقاولات | وانشاءات | مشابه | لموقع | allied | green | contracting، | الحفاظ | علي | هويه | بصريه | مميزه | وتجربه | مستخدم | حديثه | تصميم | موقع | الكتروني | تصميم | مواقع | التصميم | الابداعي | تصميم | واجهه | المستخدم | تصميم | تجربه | المستخدم | php | لارافيل | angular.js | unknown,49,375.0,USD,fixed,تصميم موقع الكتروني | تصميم مواقع | التصميم الابداعي | تصميم واجهه المستخدم | تصميم تجربه المستخدم | php | لارافيل | angular.js,unknown,2026-06-15 17:42:19
Mostaqel.com,https://mostaql.com/project/1250198-%D9%85%D9%86%D8%B3%D9%82-%D9%85%D8%AD%D8%AA%D8%B1%D9%81-%D9%84%D8%AA%D9%86%D8%B3%D9%8A%D9%82-%D8%B1%D9%88%D8%A7%D9%8A%D8%A9-%D9%84%D8%AA%D8%B5%D8%A8%D8%AD-200-%D8%B5%D9%81%D8%AD%D8%A9-%D9%88%D8%B6%D8%A8%D8%B7%D9%87%D8%A7-%D9%84%D9%85%D9%86%D8%B5%D8%A9-%D8%A3%D9%85%D8%A7%D8%B2%D9%88%D9%86-kdp,منسق محترف لتنسيق رواية (لتصبح 200 صفحة) وضبطها لمنصة أمازون KDP,منسق محترف لتنسيق روايه لتصبح 200 صفحه وضبطها لمنصه امازون kdp السلام عليكم ورحمه الله وبركاته، تنسيق الكتب تصميم المطبو,منسق محترف لتنسيق روايه لتصبح 200 صفحه وضبطها لمنصه امازون kdp السلام عليكم ورحمه الله وبركاته، تنسيق الكتب تصميم المطبوعات تصميم جرافيك التصميم الابداعي فوتوشوب اللغه الانجليزيه تعديل الصور adobe illustrator تصميم بوسترات unknown,السلام عليكم ورحمة الله وبركاته،,منسق | محترف | لتنسيق | روايه | لتصبح | 200 | صفحه | وضبطها | لمنصه | امازون | kdp | السلام | عليكم | ورحمه | الله | وبركاته، | تنسيق | الكتب | تصميم | المطبوعات | تصميم | جرافيك | التصميم | الابداعي | فوتوشوب | اللغه | الانجليزيه | تعديل | الصور | adobe | illustrator | تصميم | بوسترات | unknown,34,37.5,USD,fixed,تنسيق الكتب | تصميم المطبوعات | تصميم جرافيك | التصميم الابداعي | فوتوشوب | اللغه الانجليزيه | تعديل الصور | adobe illustrator | تصميم بوسترات,unknown,2026-06-15 17:37:00
Mostaqel.com,https://mostaql.com/project/1250180-%D9%85%D8%AF%D8%B1%D8%A8-%D8%A5%D9%86%D8%AA%D8%A7%D8%AC%D9%8A%D8%A9-%D9%88%D9%85%D8%AA%D8%A7%D8%A8%D8%B9%D8%A9-%D8%B4%D8%AE%D8%B5%D9%8A%D8%A9-%D9%84%D8%AA%D9%86%D8%B8%D9%8A%D9%85-%D8%A7%D9%84%D9%85%D8%B4%D8%A7%D8%B1%D9%8A%D8%B9-%D9%88%D8%A7%D9%84%D8%A3%D9%87%D8%AF%D8%A7%D9%81,مدرب إنتاجية ومتابعة شخصية لتنظيم المشاريع والأهداف,مدرب انتاجيه ومتابعه شخصيه لتنظيم المشاريع والاهداف مطلوب مدرب انتاجيه ومتابعه شخصيه لتنظيم المشاريع والاهداف تدريب خطه ,مدرب انتاجيه ومتابعه شخصيه لتنظيم المشاريع والاهداف مطلوب مدرب انتاجيه ومتابعه شخصيه لتنظيم المشاريع والاهداف تدريب خطه عمل مايكروسوفت اكسل التخطيط الاستراتيجي تدريب الحياه unknown,مطلوب مدرب إنتاجية ومتابعة شخصية لتنظيم المشاريع والأهداف,مدرب | انتاجيه | ومتابعه | شخصيه | لتنظيم | المشاريع | والاهداف | مطلوب | مدرب | انتاجيه | ومتابعه | شخصيه | لتنظيم | المشاريع | والاهداف | تدريب | خطه | عمل | مايكروسوفت | اكسل | التخطيط | الاستراتيجي | تدريب | الحياه | unknown,25,75.0,USD,fixed,تدريب | خطه عمل | مايكروسوفت اكسل | التخطيط الاستراتيجي | تدريب الحياه,unknown,2026-06-15 17:33:49
Mostaqel.com,https://mostaql.com/project/1250187-%D8%A8%D9%88%D9%83%D8%B3-%D8%AA%D9%88%D8%B2%D9%8A%D8%B9%D8%A7%D8%AA,بوكس توزيعات,بوكس توزيعات عندي بوكس توزيعات احتاج احد يسوي باترون عشان الرسمه ترسم الطباعه يكون جاهز ارسله للمصنع خارج البلد يطبعونه ,بوكس توزيعات عندي بوكس توزيعات احتاج احد يسوي باترون عشان الرسمه ترسم الطباعه يكون جاهز ارسله للمصنع خارج البلد يطبعونه تصميم هويه بصريه تصميم هويه تجاريه الهندسه التصميم الابداعي اللغه العربيه تصميم جرافيك فوتوشوب تصميم شعار تعديل الصور unknown,عندي بوكس توزيعات احتاج احد يسوي لي باترون عشان الرسمة ترسم عليه قبل الطباعة يكون جاهز ارسله للمصنع خارج البلد يطبعونه لي,بوكس | توزيعات | عندي | بوكس | توزيعات | احتاج | احد | يسوي | باترون | عشان | الرسمه | ترسم | الطباعه | يكون | جاهز | ارسله | للمصنع | خارج | البلد | يطبعونه | تصميم | هويه | بصريه | تصميم | هويه | تجاريه | الهندسه | التصميم | الابداعي | اللغه | العربيه | تصميم | جرافيك | فوتوشوب | تصميم | شعار | تعديل | الصور | unknown,39,75.0,USD,fixed,تصميم هويه بصريه | تصميم هويه تجاريه | الهندسه | التصميم الابداعي | اللغه العربيه | تصميم جرافيك | فوتوشوب | تصميم شعار | تعديل الصور,unknown,2026-06-15 17:12:23
Mostaqel.com,https://mostaql.com/project/1250177-%D8%A5%D8%B9%D8%A7%D8%AF%D8%A9-%D8%A8%D9%86%D8%A7%D8%A1-%D9%88%D8%AA%D8%B7%D9%88%D9%8A%D8%B1-%D8%B3%D9%84%D8%B3%D9%84%D8%A9-workbooks-%D9%88%D9%85%D9%81%D9%83%D8%B1%D8%A7%D8%AA-%D9%86%D9%81%D8%B3%D9%8A%D8%A9-%D9%88%D8%A7%D8%AC%D8%AA%D9%85%D8%A7%D8%B9%D9%8A%D8%A9-%D9%82%D8%A7%D8%A8%D9%84%D8%A9-%D9%84%D9%84%D8%A8%D9%8A%D8%B9,إعادة بناء وتطوير سلسلة Workbooks ومفكرات نفسية واجتماعية قابلة للبيع,اعاده بناء وتطوير سلسله workbooks ومفكرات نفسيه واجتماعيه قابله للبيع مطلوب مختص لتطوير واعاده بناء سلسله workbooks ومفك,اعاده بناء وتطوير سلسله workbooks ومفكرات نفسيه واجتماعيه قابله للبيع مطلوب مختص لتطوير واعاده بناء سلسله workbooks ومفكرات نفسيه واجتماعيه اعاده صياغه المحتوي الكتابه الابداعيه كتابه التقارير كتابه المحتوي كتابه مقالات الكتابه علي الانترنت كتابه قصه قصيره كتابه اعلان unknown,# مطلوب مختص لتطوير وإعادة بناء سلسلة Workbooks ومفكرات نفسية واجتماعية,اعاده | بناء | وتطوير | سلسله | workbooks | ومفكرات | نفسيه | واجتماعيه | قابله | للبيع | مطلوب | مختص | لتطوير | واعاده | بناء | سلسله | workbooks | ومفكرات | نفسيه | واجتماعيه | اعاده | صياغه | المحتوي | الكتابه | الابداعيه | كتابه | التقارير | كتابه | المحتوي | كتابه | مقالات | الكتابه | علي | الانترنت | كتابه | قصه | قصيره | كتابه | اعلان | unknown,40,75.0,USD,fixed,اعاده صياغه المحتوي | الكتابه الابداعيه | كتابه التقارير | كتابه المحتوي | كتابه مقالات | الكتابه علي الانترنت | كتابه قصه قصيره | كتابه اعلان,unknown,2026-06-15 17:11:54
Mostaqel.com,https://mostaql.com/project/1250172-%D9%85%D8%AF%D9%8A%D8%B1-%D8%B9%D9%85%D9%84%D9%8A%D8%A7%D8%AA-%D9%88%D8%AA%D8%B7%D9%88%D9%8A%D8%B1-%D8%A3%D8%B9%D9%85%D8%A7%D9%84-%D9%84%D8%B4%D8%B1%D9%83%D8%A9-%D8%AA%D8%B3%D9%88%D9%8A%D9%82,مدير عمليات وتطوير أعمال لشركة تسويق,مدير عمليات وتطوير اعمال لشركه تسويق ملاحظه هامه للمستقلين يرجي قراءه تفاصيل المشروع بعنايه شديده تقديم عرضك يتم النظر ا,مدير عمليات وتطوير اعمال لشركه تسويق ملاحظه هامه للمستقلين يرجي قراءه تفاصيل المشروع بعنايه شديده تقديم عرضك يتم النظر العروض العشواييه او المنسوخه البحث والتطوير التسويق عبر مواقع التواصل الاجتماعي التسويق عبر الانترنت تقييم الاعمال اداره المحتوي الاداره الماليه اداره التسويق اداره علاقات العملاء اداره المبيعات اداره المواقع اداره المشاريع تحليل البيانات التجاره الالكترونيه unknown,ملاحظة هامة للمستقلين: يرجى قراءة تفاصيل المشروع بعناية شديدة قبل تقديم عرضك. لن يتم النظر في العروض العشوائية أو المنسوخة.,مدير | عمليات | وتطوير | اعمال | لشركه | تسويق | ملاحظه | هامه | للمستقلين | يرجي | قراءه | تفاصيل | المشروع | بعنايه | شديده | تقديم | عرضك | يتم | النظر | العروض | العشواييه | او | المنسوخه | البحث | والتطوير | التسويق | عبر | مواقع | التواصل | الاجتماعي | التسويق | عبر | الانترنت | تقييم | الاعمال | اداره | المحتوي | الاداره | الماليه | اداره | التسويق | اداره | علاقات | العملاء | اداره | المبيعات | اداره | المواقع | اداره | المشاريع | تحليل | البيانات | التجاره | الالكترونيه | unknown,55,1750.0,USD,fixed,البحث والتطوير | التسويق عبر مواقع التواصل الاجتماعي | التسويق عبر الانترنت | تقييم الاعمال | اداره المحتوي | الاداره الماليه | اداره التسويق | اداره علاقات العملاء | اداره المبيعات | اداره المواقع | اداره المشاريع | تحليل البيانات | التجاره الالكترونيه,unknown,2026-06-15 16:59:59
Mostaqel.com,https://mostaql.com/project/1250175-%D8%A8%D9%86%D8%A7%D8%A1-%D9%85%D8%AA%D8%AC%D8%B1-shopify,بناء متجر Shopify,بناء متجر shopify مطلوب مستقل لبناء متجر shopify شوبيفاي قوالب شوبيفاي تطوير البرمجيات برمجه مواقع برمجه قواعد البيانات ,بناء متجر shopify مطلوب مستقل لبناء متجر shopify شوبيفاي قوالب شوبيفاي تطوير البرمجيات برمجه مواقع برمجه قواعد البيانات برمجه برمجه التطبيقات هندسه البرمجيات unknown,مطلوب مستقل لبناء متجر Shopify,بناء | متجر | shopify | مطلوب | مستقل | لبناء | متجر | shopify | شوبيفاي | قوالب | شوبيفاي | تطوير | البرمجيات | برمجه | مواقع | برمجه | قواعد | البيانات | برمجه | برمجه | التطبيقات | هندسه | البرمجيات | unknown,24,175.0,USD,fixed,شوبيفاي | قوالب شوبيفاي | تطوير البرمجيات | برمجه مواقع | برمجه قواعد البيانات | برمجه | برمجه التطبيقات | هندسه البرمجيات,unknown,2026-06-15 16:57:46
Mostaqel.com,https://mostaql.com/project/1250174-%D8%A5%D8%B9%D8%A7%D8%AF%D8%A9-%D8%AA%D8%B5%D9%85%D9%8A%D9%85-%D8%A7%D9%84%D8%B4%D8%B9%D8%A7%D8%B1-%D9%85%D8%B9-%D8%AA%D8%B7%D9%88%D9%8A%D8%B1-%D8%A7%D9%84%D9%87%D9%88%D9%8A%D8%A9-%D8%A7%D9%84%D8%A8%D8%B5%D8%B1%D9%8A%D8%A9-%D9%88%D8%AA%D8%B5%D9%85%D9%8A%D9%85-%D8%A3%D8%BA%D9%84%D9%81%D8%A9-%D9%84%D9%84%D8%B3%D9%88%D8%B4%D9%8A%D8%A7%D9%84-%D9%85%D9%8A%D8%AF%D9%8A%D8%A7,إعادة تصميم الشعار مع تطوير الهوية البصرية وتصميم أغلفة للسوشيال ميديا,اعاده تصميم الشعار تطوير الهويه البصريه وتصميم اغلفه للسوشيال ميديا لدي شعار لمركز ناشي تم تصميمه باستخدام الذكاء الاصطن,اعاده تصميم الشعار تطوير الهويه البصريه وتصميم اغلفه للسوشيال ميديا لدي شعار لمركز ناشي تم تصميمه باستخدام الذكاء الاصطناعي واحتاج اعاده تصميمه بشكل احترافي اكمال العناصر الاساسيه فقط للهويه البصريه وتصميم غلاف مناسب لحسابات السوشيال ميديا تصميم شعار تصميم جرافيك اللغه العربيه تصميم اعلان اللغه الانجليزيه فوتوشوب التصميم الابداعي adobe illustrator تعديل الصور unknown,لدي شعار لمركز ناشئ تم تصميمه باستخدام الذكاء الاصطناعي وأحتاج إعادة تصميمه بشكل احترافي مع إكمال العناصر (الأساسية فقط) للهوية البصرية وتصميم غلاف مناسب لحسابات السوشيال ميديا,اعاده | تصميم | الشعار | تطوير | الهويه | البصريه | وتصميم | اغلفه | للسوشيال | ميديا | لدي | شعار | لمركز | ناشي | تم | تصميمه | باستخدام | الذكاء | الاصطناعي | واحتاج | اعاده | تصميمه | بشكل | احترافي | اكمال | العناصر | الاساسيه | فقط | للهويه | البصريه | وتصميم | غلاف | مناسب | لحسابات | السوشيال | ميديا | تصميم | شعار | تصميم | جرافيك | اللغه | العربيه | تصميم | اعلان | اللغه | الانجليزيه | فوتوشوب | التصميم | الابداعي | adobe | illustrator | تعديل | الصور | unknown,54,37.5,USD,fixed,تصميم شعار | تصميم جرافيك | اللغه العربيه | تصميم اعلان | اللغه الانجليزيه | فوتوشوب | التصميم الابداعي | adobe illustrator | تعديل الصور,unknown,2026-06-15 16:56:59
Mostaqel.com,https://mostaql.com/project/1250167-%D8%AA%D8%B3%D8%AC%D9%8A%D9%84-%D8%B5%D9%88%D8%AA%D9%8A-%D9%84%D8%A5%D8%B9%D9%84%D8%A7%D9%86-%D8%B3%D9%88%D8%B4%D9%8A%D8%A7%D9%84-%D9%85%D9%8A%D8%AF%D9%8A%D8%A7,تسجيل صوتي لإعلان سوشيال ميديا,تسجيل صوتي لاعلان سوشيال ميديا تسجيل صوتي باللهجه المصريه وجود موسيقي تتناسب الكلمات لتبدو الكلمات شكل غنايي الانتاج الص,تسجيل صوتي لاعلان سوشيال ميديا تسجيل صوتي باللهجه المصريه وجود موسيقي تتناسب الكلمات لتبدو الكلمات شكل غنايي الانتاج الصوتي التمثيل الصوتي هندسه الصوت تعديل الصوت تفريغ صوتي صوتيات الاداء الصوتي التعليق الصوتي unknown,تسجيل صوتي باللهجة المصرية مع وجود موسيقي تتناسب مع الكلمات لتبدو الكلمات في شكل غنائي,تسجيل | صوتي | لاعلان | سوشيال | ميديا | تسجيل | صوتي | باللهجه | المصريه | وجود | موسيقي | تتناسب | الكلمات | لتبدو | الكلمات | شكل | غنايي | الانتاج | الصوتي | التمثيل | الصوتي | هندسه | الصوت | تعديل | الصوت | تفريغ | صوتي | صوتيات | الاداء | الصوتي | التعليق | الصوتي | unknown,33,37.5,USD,fixed,الانتاج الصوتي | التمثيل الصوتي | هندسه الصوت | تعديل الصوت | تفريغ صوتي | صوتيات | الاداء الصوتي | التعليق الصوتي,unknown,2026-06-15 16:43:31
Mostaqel.com,https://mostaql.com/project/1250161-%D8%A5%D8%B5%D9%84%D8%A7%D8%AD-%D9%85%D8%B4%D9%83%D9%84%D8%A9-%D9%81%D9%8A-%D8%AA%D8%B7%D8%A8%D9%8A%D9%82-%D9%85%D8%A8%D9%86%D9%8A-%D8%B9%D9%84%D9%89react-native,إصلاح مشكلة في تطبيق مبني علىreact-native,اصلاح مشكله تطبيق مبني عليreact-native تطبيقنا يعمل علي نقل بيانات مرشدين سياحين الي المراقبين والاداره react native برم,اصلاح مشكله تطبيق مبني عليreact-native تطبيقنا يعمل علي نقل بيانات مرشدين سياحين الي المراقبين والاداره react native برمجه ios برمجه التطبيقات برمجه اندرويد برمجه تصحيح برمجي typescript تطوير البرمجيات unknown,تطبيقنا يعمل على نقل بيانات مرشدين سياحين الى المراقبين والادارة,اصلاح | مشكله | تطبيق | مبني | عليreact-native | تطبيقنا | يعمل | علي | نقل | بيانات | مرشدين | سياحين | الي | المراقبين | والاداره | react | native | برمجه | ios | برمجه | التطبيقات | برمجه | اندرويد | برمجه | تصحيح | برمجي | typescript | تطوير | البرمجيات | unknown,30,75.0,USD,fixed,react native | برمجه ios | برمجه التطبيقات | برمجه اندرويد | برمجه | تصحيح برمجي | typescript | تطوير البرمجيات,unknown,2026-06-15 16:32:57
Mostaqel.com,https://mostaql.com/project/1250160-%D9%85%D8%AD%D8%AA%D8%B1%D9%81-%D9%84%D8%A5%D9%86%D8%AA%D8%A7%D8%AC-%D9%81%D9%8A%D8%AF%D9%8A%D9%88-%D8%AA%D8%B9%D8%B1%D9%8A%D9%81%D9%8A-%D9%84%D8%AA%D8%B7%D8%A8%D9%8A%D9%82-%D8%A5%D9%84%D9%83%D8%AA%D8%B1%D9%88%D9%86%D9%8A,محترف لإنتاج فيديو تعريفي لتطبيق إلكتروني,محترف لانتاج فيديو تعريفي لتطبيق الكتروني ابحث شخص محترف لديه خبره انتاج فيديوهات تعريفيه للتطبيقات، لتنفيذ فيديو تعريفي,محترف لانتاج فيديو تعريفي لتطبيق الكتروني ابحث شخص محترف لديه خبره انتاج فيديوهات تعريفيه للتطبيقات، لتنفيذ فيديو تعريفي احترافي يشمل تصميم جرافيك التصميم الابداعي هندسه الصوت الانتاج الصوتي صناعه فيديو اعلاني اللغه العربيه فوتوشوب adobe illustrator تصميم شعار unknown,أبحث عن شخص محترف لديه خبرة في إنتاج فيديوهات تعريفية للتطبيقات، لتنفيذ فيديو تعريفي احترافي يشمل:,محترف | لانتاج | فيديو | تعريفي | لتطبيق | الكتروني | ابحث | شخص | محترف | لديه | خبره | انتاج | فيديوهات | تعريفيه | للتطبيقات، | لتنفيذ | فيديو | تعريفي | احترافي | يشمل | تصميم | جرافيك | التصميم | الابداعي | هندسه | الصوت | الانتاج | الصوتي | صناعه | فيديو | اعلاني | اللغه | العربيه | فوتوشوب | adobe | illustrator | تصميم | شعار | unknown,39,37.5,USD,fixed,تصميم جرافيك | التصميم الابداعي | هندسه الصوت | الانتاج الصوتي | صناعه فيديو اعلاني | اللغه العربيه | فوتوشوب | adobe illustrator | تصميم شعار,unknown,2026-06-15 16:32:28
Mostaqel.com,https://mostaql.com/project/1250153-%D9%83%D8%A7%D8%AA%D8%A8-%D9%85%D8%AD%D8%AA%D9%88%D9%89-%D8%AA%D9%82%D9%86%D9%8A-%D9%85%D8%AD%D8%AA%D8%B1%D9%81-%D8%A8%D8%A7%D9%84%D9%84%D8%BA%D8%A9-%D8%A7%D9%84%D8%A5%D9%86%D8%AC%D9%84%D9%8A%D8%B2%D9%8A%D8%A9-%D9%84%D9%85%D8%AF%D9%88%D9%86%D8%A9-%D8%A3%D8%AF%D9%88%D8%A7%D8%AA-%D8%A7%D9%84%D8%B0%D9%83%D8%A7%D8%A1-%D8%A7%D9%84%D8%A7%D8%B5%D8%B7%D9%86%D8%A7%D8%B9%D9%8A,كاتب محتوى تقني محترف (باللغة الإنجليزية) لمدونة أدوات الذكاء الاصطناعي,كاتب محتوي تقني محترف باللغه الانجليزيه لمدونه ادوات الذكاء الاصطناعي نبحث كاتب محتوي متمرس ومحترف باللغه الانجليزيه للا,كاتب محتوي تقني محترف باللغه الانجليزيه لمدونه ادوات الذكاء الاصطناعي نبحث كاتب محتوي متمرس ومحترف باللغه الانجليزيه للانضمام الي موقعنا ngeneai.com مدونتنا متخصصه ادوات الذكاء الاصطناعي، شرح كيفيه عملها، وتقديم ادله عمليه وشروحات مبسطه للمستخدمين للاستفاده بافضل شكل ممكن تدقيق seo تحسين السيو الداخلي الكتابه علي الانترنت الكتابه الابداعيه التدقيق اللغوي التدوين اللغه الانجليزيه كتابه مقالات متوافقه السيو unknown,نبحث عن كاتب محتوى متمرس ومحترف باللغة الإنجليزية للانضمام إلى موقعنا ngeneai.com. مدونتنا متخصصة في أدوات الذكاء الاصطناعي، شرح كيفية عملها، وتقديم أدلة عملية وشروحات مبسطة للمستخدمين للاستفادة منها بأفضل شكل ممكن.,كاتب | محتوي | تقني | محترف | باللغه | الانجليزيه | لمدونه | ادوات | الذكاء | الاصطناعي | نبحث | كاتب | محتوي | متمرس | ومحترف | باللغه | الانجليزيه | للانضمام | الي | موقعنا | ngeneai.com | مدونتنا | متخصصه | ادوات | الذكاء | الاصطناعي، | شرح | كيفيه | عملها، | وتقديم | ادله | عمليه | وشروحات | مبسطه | للمستخدمين | للاستفاده | بافضل | شكل | ممكن | تدقيق | seo | تحسين | السيو | الداخلي | الكتابه | علي | الانترنت | الكتابه | الابداعيه | التدقيق | اللغوي | التدوين | اللغه | الانجليزيه | كتابه | مقالات | متوافقه | السيو | unknown,59,37.5,USD,fixed,تدقيق seo | تحسين السيو الداخلي | الكتابه علي الانترنت | الكتابه الابداعيه | التدقيق اللغوي | التدوين | اللغه الانجليزيه | كتابه مقالات متوافقه السيو,unknown,2026-06-15 16:23:15
Mostaqel.com,https://mostaql.com/project/1250149-%D8%AA%D9%86%D9%81%D9%8A%D8%B0-%D9%86%D8%B8%D8%A7%D9%85-%D8%A5%D8%AF%D8%A7%D8%B1%D8%A9-%D9%84%D8%B9%D9%8A%D8%A7%D8%AF%D8%A9-%D8%B7%D8%A8%D9%8A%D8%A9-%D9%88%D8%A7%D9%84%D9%85%D8%AA%D8%A7%D8%A8%D8%B9%D8%A7%D8%AA-%D8%A8%D8%A7%D8%B3%D8%AA%D8%AE%D8%AF%D8%A7%D9%85-automation-%D9%88-crm,تنفيذ نظام إدارة لعيادة طبية والمتابعات باستخدام Automation و CRM,تنفيذ نظام اداره لعياده طبيه والمتابعات باستخدام automation crm لعياده طبيه، ولدينا موقع الكتروني مبني علي wordpress باس,تنفيذ نظام اداره لعياده طبيه والمتابعات باستخدام automation crm لعياده طبيه، ولدينا موقع الكتروني مبني علي wordpress باستخدام theme جاهز، وليس موقعا مبرمجا بالكامل الصفر ان لدينا سيرفر علي hostinger يدعم الربط n8n تصميم جرافيك html التسويق عبر الانترنت تصميم موقع الكتروني css اداره المشاريع ووردبريس برمجه اندرويد هندسه البرمجيات التصميم الخارجي واجهه برمجه التطبيقات تطوير الويب انظمه اداره المحتوي تصميم واجهه المستخدم تصميم اعلان unknown,نحن لعياده طبيه، ولدينا موقع إلكتروني مبني على WordPress باستخدام Theme جاهز، وليس موقعًا مبرمجًا بالكامل من الصفر. كما أن لدينا سيرفر على Hostinger يدعم الربط مع n8n.,تنفيذ | نظام | اداره | لعياده | طبيه | والمتابعات | باستخدام | automation | crm | لعياده | طبيه، | ولدينا | موقع | الكتروني | مبني | علي | wordpress | باستخدام | theme | جاهز، | وليس | موقعا | مبرمجا | بالكامل | الصفر | ان | لدينا | سيرفر | علي | hostinger | يدعم | الربط | n8n | تصميم | جرافيك | html | التسويق | عبر | الانترنت | تصميم | موقع | الكتروني | css | اداره | المشاريع | ووردبريس | برمجه | اندرويد | هندسه | البرمجيات | التصميم | الخارجي | واجهه | برمجه | التطبيقات | تطوير | الويب | انظمه | اداره | المحتوي | تصميم | واجهه | المستخدم | تصميم | اعلان | unknown,66,175.0,USD,fixed,تصميم جرافيك | html | التسويق عبر الانترنت | تصميم موقع الكتروني | css | اداره المشاريع | ووردبريس | برمجه اندرويد | هندسه البرمجيات | التصميم الخارجي | واجهه برمجه التطبيقات | تطوير الويب | انظمه اداره المحتوي | تصميم واجهه المستخدم | تصميم اعلان,unknown,2026-06-15 16:02:33
Mostaqel.com,https://mostaql.com/project/1249905-%D9%85%D8%B5%D9%85%D9%85-%D8%B5%D9%88%D8%B1-%D8%A7%D9%84%D9%85%D9%86%D8%AA%D8%AC%D8%A7%D8%AA-%D9%84%D9%85%D8%AA%D8%AC%D8%B1-%D8%A5%D9%84%D9%83%D8%AA%D8%B1%D9%88%D9%86%D9%8A,مصمم صور المنتجات لمتجر إلكتروني,مصمم صور المنتجات لمتجر الكتروني مطلوب مصمم جرافيك لتصميم صور منتجات للسوشل ميديا منصه سله يكون لديه خبره مجال التجاري ا,مصمم صور المنتجات لمتجر الكتروني مطلوب مصمم جرافيك لتصميم صور منتجات للسوشل ميديا منصه سله يكون لديه خبره مجال التجاري الكترونيه عبر تطبيق سله تصميم جرافيك التصميم الابداعي اللغه العربيه تصميم شعار تصميم اعلان اللغه الانجليزيه فوتوشوب تعديل الصور كتابه المحتوي adobe illustrator unknown,مطلوب مصمم جرافيك لتصميم صور منتجات للسوشل ميديا و منصة سلة و يكون لديه خبره في مجال التجاري الكترونية عبر تطبيق سلة,مصمم | صور | المنتجات | لمتجر | الكتروني | مطلوب | مصمم | جرافيك | لتصميم | صور | منتجات | للسوشل | ميديا | منصه | سله | يكون | لديه | خبره | مجال | التجاري | الكترونيه | عبر | تطبيق | سله | تصميم | جرافيك | التصميم | الابداعي | اللغه | العربيه | تصميم | شعار | تصميم | اعلان | اللغه | الانجليزيه | فوتوشوب | تعديل | الصور | كتابه | المحتوي | adobe | illustrator | unknown,44,175.0,USD,fixed,تصميم جرافيك | التصميم الابداعي | اللغه العربيه | تصميم شعار | تصميم اعلان | اللغه الانجليزيه | فوتوشوب | تعديل الصور | كتابه المحتوي | adobe illustrator,unknown,2026-06-15 16:01:38
Mostaqel.com,https://mostaql.com/project/1250144-%D8%AA%D8%AE%D8%B5%D9%8A%D8%B5-%D9%85%D9%86%D8%B5%D8%A9-fleetbase-%D9%85%D9%81%D8%AA%D9%88%D8%AD%D8%A9-%D8%A7%D9%84%D9%85%D8%B5%D8%AF%D8%B1,تخصيص منصة FLEETBASE مفتوحة المصدر,تخصيص منصه fleetbase مفتوحه المصدر نطاق العمل php لارافيل postgresql بايثون typescript برمجه تطوير البرمجيات unknown,تخصيص منصه fleetbase مفتوحه المصدر نطاق العمل php لارافيل postgresql بايثون typescript برمجه تطوير البرمجيات unknown,نطاق العمل,تخصيص | منصه | fleetbase | مفتوحه | المصدر | نطاق | العمل | php | لارافيل | postgresql | بايثون | typescript | برمجه | تطوير | البرمجيات | unknown,16,1750.0,USD,fixed,php | لارافيل | postgresql | بايثون | typescript | برمجه | تطوير البرمجيات,unknown,2026-06-15 15:48:56
Mostaqel.com,https://mostaql.com/project/1250143-%D8%AA%D8%B5%D9%85%D9%8A%D9%85-%D9%87%D9%88%D9%8A%D8%A9-%D9%84%D9%85%D9%82%D9%87%D9%89-afyon,تصميم هوية لمقهى Afyon,تصميم هويه لمقهي afyon مقهي مختص ومخبيزات فزنسيه وحلويات فرنسيه تصميم موشن جرافيك الفكره التصميميه تصميم شعار adobe illu,تصميم هويه لمقهي afyon مقهي مختص ومخبيزات فزنسيه وحلويات فرنسيه تصميم موشن جرافيك الفكره التصميميه تصميم شعار adobe illustrator فوتوشوب تصميم هويه بصريه تصميم هويه تجاريه التصميم الابداعي unknown,مقهى مختص ومخبىزات فزنسيه وحلويات فرنسيه,تصميم | هويه | لمقهي | afyon | مقهي | مختص | ومخبيزات | فزنسيه | وحلويات | فرنسيه | تصميم | موشن | جرافيك | الفكره | التصميميه | تصميم | شعار | adobe | illustrator | فوتوشوب | تصميم | هويه | بصريه | تصميم | هويه | تجاريه | التصميم | الابداعي | unknown,29,375.0,USD,fixed,تصميم موشن جرافيك | الفكره التصميميه | تصميم شعار | adobe illustrator | فوتوشوب | تصميم هويه بصريه | تصميم هويه تجاريه | التصميم الابداعي,unknown,2026-06-15 15:47:27
Mostaqel.com,https://mostaql.com/project/1250139-%D9%85%D8%B7%D9%84%D9%88%D8%A8-%D9%85%D8%B5%D9%85%D9%85-%D9%88%D9%85%D8%B9%D8%AF-%D9%85%D8%AD%D8%AA%D9%88%D9%89-%D8%B3%D9%88%D8%B4%D9%8A%D8%A7%D9%84-%D9%85%D9%8A%D8%AF%D9%8A%D8%A7-%D9%84%D8%AD%D8%B3%D8%A7%D8%A8-%D8%A5%D8%B9%D9%84%D8%A7%D9%85%D9%8A-%D9%85%D8%AA%D8%AE%D8%B5%D8%B5-%D8%B9%D9%85%D9%84-%D8%B4%D9%87%D8%B1%D9%8A-%D9%85%D8%B3%D8%AA%D9%85%D8%B1,مطلوب مصمم ومُعِدّ محتوى سوشيال ميديا لحساب إعلامي متخصص (عمل شهري مستمر),مطلوب مصمم ومعد محتوي سوشيال ميديا لحساب اعلامي متخصص عمل شهري مستمر السلام عليكم، التسويق عبر مواقع التواصل الاجتماعي ا,مطلوب مصمم ومعد محتوي سوشيال ميديا لحساب اعلامي متخصص عمل شهري مستمر السلام عليكم، التسويق عبر مواقع التواصل الاجتماعي اداره حسابات التواصل الاجتماعي كتابه محتوي سوشيال ميديا التسويق عبر الفيس بوك التسويق عبر الانستقرام اداره التسويق التسويق عبر الانترنت التسويق الالكتروني unknown,السلام عليكم،,مطلوب | مصمم | ومعد | محتوي | سوشيال | ميديا | لحساب | اعلامي | متخصص | عمل | شهري | مستمر | السلام | عليكم، | التسويق | عبر | مواقع | التواصل | الاجتماعي | اداره | حسابات | التواصل | الاجتماعي | كتابه | محتوي | سوشيال | ميديا | التسويق | عبر | الفيس | بوك | التسويق | عبر | الانستقرام | اداره | التسويق | التسويق | عبر | الانترنت | التسويق | الالكتروني | unknown,42,375.0,USD,fixed,التسويق عبر مواقع التواصل الاجتماعي | اداره حسابات التواصل الاجتماعي | كتابه محتوي سوشيال ميديا | التسويق عبر الفيس بوك | التسويق عبر الانستقرام | اداره التسويق | التسويق عبر الانترنت | التسويق الالكتروني,unknown,2026-06-15 15:46:19
Mostaqel.com,https://mostaql.com/project/1250127-%D9%85%D8%B9%D9%84%D9%85-%D9%85%D8%AA%D9%85%D9%83%D9%86-%D9%84%D8%B4%D8%B1%D8%AD-%D9%85%D8%A7%D8%AF%D8%A9-data-structure-using-c-i,معلم مُتمكّن، لشرح مادة Data Structure using C++. i,معلم متمكن، لشرح ماده data structure using احتاج معلم معلمه متمكن لشرح المحاضرات المرفقه لماده data structure using plus,معلم متمكن، لشرح ماده data structure using احتاج معلم معلمه متمكن لشرح المحاضرات المرفقه لماده data structure using plus plus الرويه الحاسوبيه mathematica programming sql تطوير قاعده بيانات برمجه قواعد البيانات تدريس خصوصي تدريب تطوير البرمجيات php css html unknown,أحتاج معلم/معلمة ، مُتمكن لشرح المحاضرات المرفقة لمادة Data Structure using C plus plus,معلم | متمكن، | لشرح | ماده | data | structure | using | احتاج | معلم | معلمه | متمكن | لشرح | المحاضرات | المرفقه | لماده | data | structure | using | plus | plus | الرويه | الحاسوبيه | mathematica | programming | sql | تطوير | قاعده | بيانات | برمجه | قواعد | البيانات | تدريس | خصوصي | تدريب | تطوير | البرمجيات | php | css | html | unknown,40,37.5,USD,fixed,الرويه الحاسوبيه | mathematica | programming | sql | تطوير قاعده بيانات | برمجه قواعد البيانات | تدريس خصوصي | تدريب | تطوير البرمجيات | php | css | html,unknown,2026-06-15 15:36:44
Mostaqel.com,https://mostaql.com/project/1250124-%D9%85%D8%B7%D9%84%D9%88%D8%A8-%D9%85%D8%B7%D9%88%D8%B1-full-stack-%D9%84%D8%A5%D9%86%D8%B4%D8%A7%D8%A1-%D9%85%D8%AA%D8%AC%D8%B1-%D8%A5%D9%84%D9%83%D8%AA%D8%B1%D9%88%D9%86%D9%8A-%D9%85%D8%AA%D9%83%D8%A7%D9%85%D9%84-%D9%85%D8%B9-%D9%84%D9%88%D8%AD%D8%A9-%D8%AA%D8%AD%D9%83%D9%85-%D8%A7%D8%AD%D8%AA%D8%B1%D8%A7%D9%81%D9%8A%D8%A9,مطلوب مطور Full-Stack لإنشاء متجر إلكتروني متكامل مع لوحة تحكم احترافية.,مطلوب مطور full-stack لانشاء متجر الكتروني متكامل لوحه تحكم احترافيه المتطلبات انشاء متجر الكتروني تصميم متجر الكتروني ا,مطلوب مطور full-stack لانشاء متجر الكتروني متكامل لوحه تحكم احترافيه المتطلبات انشاء متجر الكتروني تصميم متجر الكتروني اداره المتاجر الالكترونيه برمجه تطوير البرمجيات unknown,المتطلبات:,مطلوب | مطور | full-stack | لانشاء | متجر | الكتروني | متكامل | لوحه | تحكم | احترافيه | المتطلبات | انشاء | متجر | الكتروني | تصميم | متجر | الكتروني | اداره | المتاجر | الالكترونيه | برمجه | تطوير | البرمجيات | unknown,24,1750.0,USD,fixed,انشاء متجر الكتروني | تصميم متجر الكتروني | اداره المتاجر الالكترونيه | برمجه | تطوير البرمجيات,unknown,2026-06-15 15:34:55
Mostaqel.com,https://mostaql.com/project/1250137-%D9%85%D8%B7%D9%84%D9%88%D8%A8-%D8%B9%D9%85%D9%84-%D9%85%D9%8A%D8%B2%D8%A7%D9%86%D9%8A%D8%A9-2025,مطلوب عمل ميزانية 2025,مطلوب عمل ميزانيه 2025 مطلوب عمل ميزانيه 2025 علما بانه لايوجد لدي برنامج حسابي فقط كشف حساب بنكي محاسبه محاسبه الضرايب ,مطلوب عمل ميزانيه 2025 مطلوب عمل ميزانيه 2025 علما بانه لايوجد لدي برنامج حسابي فقط كشف حساب بنكي محاسبه محاسبه الضرايب محاسبه ماليه محاسبه تكاليف الاداره الماليه unknown,مطلوب عمل ميزانية 2025 علماً بأنه لايوجد لدي برنامج حسابي فقط كشف حساب بنكي,مطلوب | عمل | ميزانيه | 2025 | مطلوب | عمل | ميزانيه | 2025 | علما | بانه | لايوجد | لدي | برنامج | حسابي | فقط | كشف | حساب | بنكي | محاسبه | محاسبه | الضرايب | محاسبه | ماليه | محاسبه | تكاليف | الاداره | الماليه | unknown,28,75.0,USD,fixed,محاسبه | محاسبه الضرايب | محاسبه ماليه | محاسبه تكاليف | الاداره الماليه,unknown,2026-06-15 15:18:34
Mostaqel.com,https://mostaql.com/project/1250133-%D8%AA%D8%B7%D8%A8%D9%8A%D9%82-%D8%A8%D8%AF%D9%8A-%D8%A7%D8%B9%D9%85%D9%84%D9%88-%D9%88%D9%8A%D8%A8,تطبيق بدي اعملو ويب,تطبيق بدي اعملو ويب انا بدي مبرمج ويب لارا بيل انا عندي تطبيق بدي اعملو ويب شرط يكون سريع السورس كود برمجه برمجه مواقع ت,تطبيق بدي اعملو ويب انا بدي مبرمج ويب لارا بيل انا عندي تطبيق بدي اعملو ويب شرط يكون سريع السورس كود برمجه برمجه مواقع تطوير البرمجيات هندسه البرمجيات تصميم موقع الكتروني unknown,انا بدي مبرمج ويب لارا بيل انا عندي تطبيق بدي اعملو ويب شرط يكون سريع مع السورس كود,تطبيق | بدي | اعملو | ويب | انا | بدي | مبرمج | ويب | لارا | بيل | انا | عندي | تطبيق | بدي | اعملو | ويب | شرط | يكون | سريع | السورس | كود | برمجه | برمجه | مواقع | تطوير | البرمجيات | هندسه | البرمجيات | تصميم | موقع | الكتروني | unknown,32,37.5,USD,fixed,برمجه | برمجه مواقع | تطوير البرمجيات | هندسه البرمجيات | تصميم موقع الكتروني,unknown,2026-06-15 15:17:39
Mostaqel.com,https://mostaql.com/project/1250117-%D8%B9%D9%85%D9%84-%D8%AA%D8%AC%D8%AF%D9%8A%D8%AF-%D8%AA%D8%B5%D9%85%D9%8A%D9%85-%D8%AF%D8%A7%D8%AE%D9%84%D9%8A-%D9%88%D8%AE%D8%A7%D8%B1%D8%AC%D9%8A,عمل تجديد تصميم داخلي وخارجي,عمل تجديد تصميم داخلي وخارجي عمل مخطط للاسقف والجدران والارضيات وتوزيع الاثاث اعاده توزيع الاناره والافياش الكهرباييه وع,عمل تجديد تصميم داخلي وخارجي عمل مخطط للاسقف والجدران والارضيات وتوزيع الاثاث اعاده توزيع الاناره والافياش الكهرباييه وعمل تصميمات ال3d اوتوكاد 3ds max تصميم فلل مخططات فلل تصميم 3d اظهار معماري البناء المعماري تصميم معماري تصميم مخططات معماريه تصميم داخلي هندسه معماريه unknown,عمل مخطط للاسقف والجدران والارضيات وتوزيع الأثاث. إعادة توزيع الانارة والافياش الكهربائية وعمل تصميمات ال3D,عمل | تجديد | تصميم | داخلي | وخارجي | عمل | مخطط | للاسقف | والجدران | والارضيات | وتوزيع | الاثاث | اعاده | توزيع | الاناره | والافياش | الكهرباييه | وعمل | تصميمات | ال3d | اوتوكاد | 3ds | max | تصميم | فلل | مخططات | فلل | تصميم | 3d | اظهار | معماري | البناء | المعماري | تصميم | معماري | تصميم | مخططات | معماريه | تصميم | داخلي | هندسه | معماريه | unknown,43,750.0,USD,fixed,اوتوكاد | 3ds max | تصميم فلل | مخططات فلل | تصميم 3d | اظهار معماري | البناء المعماري | تصميم معماري | تصميم مخططات معماريه | تصميم داخلي | هندسه معماريه,unknown,2026-06-15 15:14:30
Mostaqel.com,https://mostaql.com/project/1250043-%D9%85%D8%AF%D8%B1%D8%A8-%D9%84%D8%A7%D9%8A%D9%81-%D9%83%D9%88%D8%AA%D8%B4-%D9%85%D8%B3%D8%A7%D8%B9%D8%AF-%D8%B4%D8%AE%D8%B5%D9%8A,مدرب لايف كوتش مساعد شخصي,مدرب لايف كوتش مساعد شخصي مطلوب مدرب اهداف وانتاجيه life coach productivity coach تدريب خطه عمل مايكروسوفت اكسل التخطيط ,مدرب لايف كوتش مساعد شخصي مطلوب مدرب اهداف وانتاجيه life coach productivity coach تدريب خطه عمل مايكروسوفت اكسل التخطيط الاستراتيجي تدريب الحياه unknown,مطلوب مدرب أهداف وإنتاجية (Life Coach / Productivity Coach),مدرب | لايف | كوتش | مساعد | شخصي | مطلوب | مدرب | اهداف | وانتاجيه | life | coach | productivity | coach | تدريب | خطه | عمل | مايكروسوفت | اكسل | التخطيط | الاستراتيجي | تدريب | الحياه | unknown,23,75.0,USD,fixed,تدريب | خطه عمل | مايكروسوفت اكسل | التخطيط الاستراتيجي | تدريب الحياه,unknown,2026-06-15 15:13:08
Mostaqel.com,https://mostaql.com/project/1250118-%D8%B7%D9%84%D8%A8-%D8%A5%D8%B9%D8%AF%D8%A7%D8%AF-%D9%85%D8%AE%D8%B7%D8%B7%D8%A7%D8%AA-%D9%87%D9%86%D8%AF%D8%B3%D9%8A%D8%A9-%D9%84%D8%AA%D8%AC%D9%87%D9%8A%D8%B2-%D9%85%D8%AD%D9%84-%D8%AA%D8%AC%D8%A7%D8%B1%D9%8A,طلب إعداد مخططات هندسية لتجهيز محل تجاري,طلب اعداد مخططات هندسيه لتجهيز محل تجاري تنويه البدا بالمطلوب والتفاصيل هندسه معماريه تصميم داخلي مخططات تنفيذيه تصميم م,طلب اعداد مخططات هندسيه لتجهيز محل تجاري تنويه البدا بالمطلوب والتفاصيل هندسه معماريه تصميم داخلي مخططات تنفيذيه تصميم مخططات معماريه تصميم هندسي تصميم محلات تجاريه unknown,تنويه قبل البدأ بالمطلوب والتفاصيل,طلب | اعداد | مخططات | هندسيه | لتجهيز | محل | تجاري | تنويه | البدا | بالمطلوب | والتفاصيل | هندسه | معماريه | تصميم | داخلي | مخططات | تنفيذيه | تصميم | مخططات | معماريه | تصميم | هندسي | تصميم | محلات | تجاريه | unknown,26,175.0,USD,fixed,هندسه معماريه | تصميم داخلي | مخططات تنفيذيه | تصميم مخططات معماريه | تصميم هندسي | تصميم محلات تجاريه,unknown,2026-06-15 15:07:08
Mostaqel.com,https://mostaql.com/project/1250114-%D8%AF%D8%B1%D8%A7%D8%B3%D8%A9-%D8%AC%D8%AF%D9%88%D9%89-%D9%84%D9%85%D9%86%D8%AA%D8%AC%D8%B9-%D8%B3%D9%8A%D8%A7%D8%AD%D9%8A-%D8%A8%D8%B3%D9%88%D8%B1%D9%8A%D8%A7,دراسة جدوى لمنتجع سياحي بسوريا,دراسه جدوي لمنتجع سياحي بسوريا منتجع سياحي بسوريا لاتقل 100 صفحه 50 عربي و50 انكليزيه اداره المشاريع تحليل الاعمال خطه ع,دراسه جدوي لمنتجع سياحي بسوريا منتجع سياحي بسوريا لاتقل 100 صفحه 50 عربي و50 انكليزيه اداره المشاريع تحليل الاعمال خطه عمل بحث السوق دراسه جدوي unknown,منتجع سياحي بسوريا لاتقل عن 100 صفحه 50 عربي و50 انكليزيه,دراسه | جدوي | لمنتجع | سياحي | بسوريا | منتجع | سياحي | بسوريا | لاتقل | 100 | صفحه | 50 | عربي | و50 | انكليزيه | اداره | المشاريع | تحليل | الاعمال | خطه | عمل | بحث | السوق | دراسه | جدوي | unknown,26,75.0,USD,fixed,اداره المشاريع | تحليل الاعمال | خطه عمل | بحث السوق | دراسه جدوي,unknown,2026-06-15 15:04:47
Mostaqel.com,https://mostaql.com/project/1249945-%D9%85%D8%B3%D9%88%D9%82-%D9%85%D8%AD%D8%AA%D8%B1%D9%81-%D9%84%D9%85%D8%AA%D8%AC%D8%B1-%D8%A7%D9%84%D9%83%D8%AA%D8%B1%D9%88%D9%86%D9%8A,مسوق محترف لمتجر الكتروني,مسوق محترف لمتجر الكتروني تسويق رقمي دوام جزيي التسويق الالكتروني خطه تسويقيه اداره المتاجر الالكترونيه التسويق عبر مواق,مسوق محترف لمتجر الكتروني تسويق رقمي دوام جزيي التسويق الالكتروني خطه تسويقيه اداره المتاجر الالكترونيه التسويق عبر مواقع التواصل الاجتماعي اداره التسويق unknown,تسويق رقمي (دوام جزئي),مسوق | محترف | لمتجر | الكتروني | تسويق | رقمي | دوام | جزيي | التسويق | الالكتروني | خطه | تسويقيه | اداره | المتاجر | الالكترونيه | التسويق | عبر | مواقع | التواصل | الاجتماعي | اداره | التسويق | unknown,23,175.0,USD,fixed,التسويق الالكتروني | خطه تسويقيه | اداره المتاجر الالكترونيه | التسويق عبر مواقع التواصل الاجتماعي | اداره التسويق,unknown,2026-06-15 15:00:51
Mostaqel.com,https://mostaql.com/project/1250113-%D9%86%D8%B4%D8%B1-%D8%A8%D8%AD%D8%AB,نشر بحث,نشر بحث السلام عليكم كتابه البحوث البحث العلمي الكتابه القانونيه البحوث القانونيه النشر الالكتروني النشر العلمي unknown,نشر بحث السلام عليكم كتابه البحوث البحث العلمي الكتابه القانونيه البحوث القانونيه النشر الالكتروني النشر العلمي unknown,السلام عليكم,نشر | بحث | السلام | عليكم | كتابه | البحوث | البحث | العلمي | الكتابه | القانونيه | البحوث | القانونيه | النشر | الالكتروني | النشر | العلمي | unknown,17,175.0,USD,fixed,كتابه البحوث | البحث العلمي | الكتابه القانونيه | البحوث القانونيه | النشر الالكتروني | النشر العلمي,unknown,2026-06-15 14:34:17
Mostaqel.com,https://mostaql.com/project/1250109-%D9%85%D8%AF%D8%B1%D8%A7%D8%A1-%D8%AD%D8%B3%D8%A7%D8%A8%D8%A7%D8%AA-%D8%B3%D9%88%D8%B4%D9%8A%D8%A7%D9%84-%D9%85%D9%8A%D8%AF%D9%8A%D8%A7,مدراء حسابات سوشيال ميديا,مدراء حسابات سوشيال ميديا منصه سهاله الثامنه نبحث مدراء حسابات سوشيال ميديا تيك توك اكس انستقرام يكون ملم بخوارزميات الم,مدراء حسابات سوشيال ميديا منصه سهاله الثامنه نبحث مدراء حسابات سوشيال ميديا تيك توك اكس انستقرام يكون ملم بخوارزميات المنصات والعمل جزيي وليس اداره كامله عشان الحسابات اوريدي جديده لايوجد الحسابات مشتركين نبحث شخص يزيد المشاهدات بالمحتوي تصميم بوستات سوشيال ميديا التسويق عبر مواقع التواصل الاجتماعي التسويق الالكتروني التسويق عبر محركات البحث اداره حسابات التواصل الاجتماعي كتابه محتوي سوشيال ميديا التصميم الابداعي تصميم موشن جرافيك unknown,نحن منصة سهالة الثامنة نبحث عن مدراء حسابات سوشيال ميديا ( تيك توك - اكس - انستقرام). يكون ملم بخوارزميات المنصات والعمل جزئي وليس ادارة كامله عشان الحسابات اوريدي جديده لايوجد في الحسابات مشتركين نبحث شخص يزيد المشاهدات بالمحتوى,مدراء | حسابات | سوشيال | ميديا | منصه | سهاله | الثامنه | نبحث | مدراء | حسابات | سوشيال | ميديا | تيك | توك | اكس | انستقرام | يكون | ملم | بخوارزميات | المنصات | والعمل | جزيي | وليس | اداره | كامله | عشان | الحسابات | اوريدي | جديده | لايوجد | الحسابات | مشتركين | نبحث | شخص | يزيد | المشاهدات | بالمحتوي | تصميم | بوستات | سوشيال | ميديا | التسويق | عبر | مواقع | التواصل | الاجتماعي | التسويق | الالكتروني | التسويق | عبر | محركات | البحث | اداره | حسابات | التواصل | الاجتماعي | كتابه | محتوي | سوشيال | ميديا | التصميم | الابداعي | تصميم | موشن | جرافيك | unknown,66,175.0,USD,fixed,تصميم بوستات سوشيال ميديا | التسويق عبر مواقع التواصل الاجتماعي | التسويق الالكتروني | التسويق عبر محركات البحث | اداره حسابات التواصل الاجتماعي | كتابه محتوي سوشيال ميديا | التصميم الابداعي | تصميم موشن جرافيك,unknown,2026-06-15 14:25:52
Mostaqel.com,https://mostaql.com/project/1249340-%D9%85%D8%AE%D8%B7%D8%B7-%D9%85%D8%B9%D9%85%D8%A7%D8%B1%D9%8A-%D8%A7%D9%86%D8%B4%D8%A7%D8%A6%D9%8A-%D9%83%D9%87%D8%B1%D8%A8%D8%A7%D8%A1-%D9%85%D9%8A%D9%83%D8%A7%D9%86%D9%8A%D9%83%D9%8A-%D9%84%D8%A5%D9%86%D8%B4%D8%A7%D8%A1-%D8%AB%D9%84%D8%A7%D8%AB-%D9%88%D8%B1%D8%B4-%D9%85%D8%AA%D9%84%D8%A7%D8%B5%D9%82%D8%A9-%D8%B9%D9%84%D9%89-%D9%82%D8%B7%D8%B9%D8%A9-%D8%A7%D8%B1%D8%B6-%D9%88%D8%A7%D8%AD%D8%AF%D8%A9,مخطط معماري، انشائي كهرباء ميكانيكي. لإنشاء ثلاث ورش متلاصقة على قطعة ارض واحدة,مخطط معماري، انشايي كهرباء ميكانيكي لانشاء ورش متلاصقه علي قطعه ارض واحده مطلوب مخطط معماري، انشايي كهرباء ميكانيكي سلام,مخطط معماري، انشايي كهرباء ميكانيكي لانشاء ورش متلاصقه علي قطعه ارض واحده مطلوب مخطط معماري، انشايي كهرباء ميكانيكي سلامه موقع عام اوتوكاد مخططات تنفيذيه تصميم مخططات معماريه الهندسه تصميم هندسي unknown,مطلوب: مخطط: معماري، انشائي كهرباء ميكانيكي سلامة موقع عام.,مخطط | معماري، | انشايي | كهرباء | ميكانيكي | لانشاء | ورش | متلاصقه | علي | قطعه | ارض | واحده | مطلوب | مخطط | معماري، | انشايي | كهرباء | ميكانيكي | سلامه | موقع | عام | اوتوكاد | مخططات | تنفيذيه | تصميم | مخططات | معماريه | الهندسه | تصميم | هندسي | unknown,31,75.0,USD,fixed,اوتوكاد | مخططات تنفيذيه | تصميم مخططات معماريه | الهندسه | تصميم هندسي,unknown,2026-06-15 14:01:59
Mostaqel.com,https://mostaql.com/project/1250103-%D8%AD%D9%85%D9%84%D8%A9-%D8%B9%D9%84%D9%89-%D8%A7%D9%84%D8%AA%D9%8A%D9%83-%D8%AA%D9%88%D9%83,حملة على التيك توك,حمله علي التيك توك ارغب اطلاق حمله علي التيك توك التسويق علي تيك توك حمله اعلانيه انشاء حمله اعلانيه التسويق الالكتروني ,حمله علي التيك توك ارغب اطلاق حمله علي التيك توك التسويق علي تيك توك حمله اعلانيه انشاء حمله اعلانيه التسويق الالكتروني اداره التسويق unknown,ارغب في اطلاق حملة على التيك توك,حمله | علي | التيك | توك | ارغب | اطلاق | حمله | علي | التيك | توك | التسويق | علي | تيك | توك | حمله | اعلانيه | انشاء | حمله | اعلانيه | التسويق | الالكتروني | اداره | التسويق | unknown,24,75.0,USD,fixed,التسويق علي تيك توك | حمله اعلانيه | انشاء حمله اعلانيه | التسويق الالكتروني | اداره التسويق,unknown,2026-06-15 14:01:33
Mostaqel.com,https://mostaql.com/project/1250093-%D8%AA%D8%B1%D9%82%D9%8A%D8%A9-%D9%85%D9%86%D8%B5%D8%A9-%D8%AA%D8%AC%D8%A7%D8%B1%D8%A9-%D8%A5%D9%84%D9%83%D8%AA%D8%B1%D9%88%D9%86%D9%8A%D8%A9-%D8%AD%D8%AF%D9%8A%D8%AB%D8%A9,ترقية منصة تجارة إلكترونية حديثة,ترقيه منصه تجاره الكترونيه حديثه نعمل علي ترقيه منصه تجاره الكترونيه الي بنيه حديثه وقابله للتوسع باستخدام next.js الاصد,ترقيه منصه تجاره الكترونيه حديثه نعمل علي ترقيه منصه تجاره الكترونيه الي بنيه حديثه وقابله للتوسع باستخدام next.js الاصدار 14 وnestjs وpostgresql وauth.js تطوير البرمجيات اداره المواقع برمجه برمجه مواقع بايثون جافا سكريبت html css unknown,نحن نعمل على ترقية منصة تجارة إلكترونية إلى بنية حديثة وقابلة للتوسع باستخدام Next.js (الإصدار 14) وNestJS وPostgreSQL وAuth.js.,ترقيه | منصه | تجاره | الكترونيه | حديثه | نعمل | علي | ترقيه | منصه | تجاره | الكترونيه | الي | بنيه | حديثه | وقابله | للتوسع | باستخدام | next.js | الاصدار | 14 | وnestjs | وpostgresql | وauth.js | تطوير | البرمجيات | اداره | المواقع | برمجه | برمجه | مواقع | بايثون | جافا | سكريبت | html | css | unknown,36,3750.0,USD,fixed,تطوير البرمجيات | اداره المواقع | برمجه | برمجه مواقع | بايثون | جافا سكريبت | html | css,unknown,2026-06-15 13:20:44
Mostaqel.com,https://mostaql.com/project/1250031-%D8%AA%D8%B7%D9%88%D9%8A%D8%B1-%D9%85%D8%B3%D8%A7%D8%B9%D8%AF-%D8%B0%D9%83%D9%8A-%D8%B9%D8%A8%D8%B1-%D9%88%D8%A7%D8%AA%D8%B3%D8%A7%D8%A8-%D9%84%D9%84%D8%A5%D8%B3%D8%AA%D8%B9%D9%84%D8%A7%D9%85-%D8%B9%D9%86-%D8%A7%D9%84%D8%A8%D9%8A%D8%A7%D9%86%D8%A7%D8%AA-%D9%88%D8%A5%D8%AF%D8%A7%D8%B1%D8%A9-%D8%A7%D9%84%D9%85%D8%AA%D8%A7%D8%A8%D8%B9%D8%A9,تطوير مساعد ذكي عبر واتساب للإستعلام عن البيانات وإدارة المتابعة,تطوير مساعد ذكي عبر واتساب للاستعلام البيانات واداره المتابعه تطوير مساعد ذكي عبر واتساب للاستعلام البيانات واداره المتا,تطوير مساعد ذكي عبر واتساب للاستعلام البيانات واداره المتابعه تطوير مساعد ذكي عبر واتساب للاستعلام البيانات واداره المتابعه الذكاء الاصطناعي برمجه اندرويد برمجه تطوير البرمجيات برمجه مواقع برمجه قواعد البيانات اداره قواعد البيانات تطوير قاعده بيانات الاتمه بالذكاء الاصطناعي الاتمته unknown,# تطوير مساعد ذكي عبر واتساب للإستعلام عن البيانات وإدارة المتابعة,تطوير | مساعد | ذكي | عبر | واتساب | للاستعلام | البيانات | واداره | المتابعه | تطوير | مساعد | ذكي | عبر | واتساب | للاستعلام | البيانات | واداره | المتابعه | الذكاء | الاصطناعي | برمجه | اندرويد | برمجه | تطوير | البرمجيات | برمجه | مواقع | برمجه | قواعد | البيانات | اداره | قواعد | البيانات | تطوير | قاعده | بيانات | الاتمه | بالذكاء | الاصطناعي | الاتمته | unknown,41,75.0,USD,fixed,الذكاء الاصطناعي | برمجه اندرويد | برمجه | تطوير البرمجيات | برمجه مواقع | برمجه قواعد البيانات | اداره قواعد البيانات | تطوير قاعده بيانات | الاتمه بالذكاء الاصطناعي | الاتمته,unknown,2026-06-15 13:15:44
Mostaqel.com,https://mostaql.com/project/1250092-%D8%AA%D8%AD%D9%88%D9%84-%D8%A7%D9%84%D9%86%D8%B5-%D8%A7%D9%84%D8%A7%D8%AC%D9%88%D8%B1-%D8%A5%D9%84%D9%89-%D9%85%D9%84%D9%81-txt-%D9%84%D8%AF%D9%8A-%D8%B1%D8%A7%D8%A8%D8%B7-%D8%A7%D9%84%D9%85%D9%88%D9%82%D8%B9-%D8%A7%D8%A8%D9%8A-%D9%86%D9%81%D8%B3-%D8%A7%D9%84%D9%85%D8%AD%D8%AA%D9%88%D9%8A%D8%A7%D8%AA,تحول النص الاجور إلى ملف txt لدي رابط الموقع ابي نفس المحتويات,تحول النص الاجور الي ملف txt لدي رابط الموقع ابي المحتويات سلام عليكم ابي نسخ موقع صفحه وحده يحول النص الي ملف txt ادخال,تحول النص الاجور الي ملف txt لدي رابط الموقع ابي المحتويات سلام عليكم ابي نسخ موقع صفحه وحده يحول النص الي ملف txt ادخال بيانات html اعاده صياغه المحتوي جافا سكريبت خدمه العملاء unknown,سلام عليكم ابي نسخ موقع صفحة وحدة يحول النص الى ملف txt,تحول | النص | الاجور | الي | ملف | txt | لدي | رابط | الموقع | ابي | المحتويات | سلام | عليكم | ابي | نسخ | موقع | صفحه | وحده | يحول | النص | الي | ملف | txt | ادخال | بيانات | html | اعاده | صياغه | المحتوي | جافا | سكريبت | خدمه | العملاء | unknown,34,37.5,USD,fixed,ادخال بيانات | html | اعاده صياغه المحتوي | جافا سكريبت | خدمه العملاء,unknown,2026-06-15 13:06:11
Mostaqel.com,https://mostaql.com/project/1250091-%D8%AA%D8%B7%D9%88%D9%8A%D8%B1-%D9%85%D9%84%D9%81-excel-%D9%84%D8%A5%D8%AF%D8%A7%D8%B1%D8%A9-%D9%85%D8%AE%D8%B2%D9%88%D9%86-%D9%85%D8%AE%D8%AA%D8%A8%D8%B1-%D8%B7%D8%A8%D9%8A-%D9%85%D8%B9-barcode-system-%D9%88-dashboard-%D8%A7%D8%AD%D8%AA%D8%B1%D8%A7%D9%81%D9%8A,تطوير ملف Excel لإدارة مخزون مختبر طبي مع Barcode System و Dashboard احترافي,تطوير ملف excel لاداره مخزون مختبر طبي barcode system dashboard احترافي لدي ملف excel مستخدم حاليا لاداره مخزون مختبر طب,تطوير ملف excel لاداره مخزون مختبر طبي barcode system dashboard احترافي لدي ملف excel مستخدم حاليا لاداره مخزون مختبر طبي، وارغب تطويره وتحويله الي نظام احترافي داخل excel الحفاظ علي الملف الحالي وتطويره قدر الامكان، وليس انشاء ملف جديد الصفر الا اذا ضروريا تقنيا مايكروسوفت اكسل جداول بيانات جوجل تصميم داش بورد تطوير قاعده بيانات برمجه قواعد البيانات power bi unknown,لدي ملف Excel مستخدم حاليًا لإدارة مخزون مختبر طبي، وأرغب في تطويره وتحويله إلى نظام احترافي داخل Excel مع الحفاظ على الملف الحالي وتطويره قدر الإمكان، وليس إنشاء ملف جديد من الصفر إلا إذا كان ذلك ضروريًا تقنيًا.,تطوير | ملف | excel | لاداره | مخزون | مختبر | طبي | barcode | system | dashboard | احترافي | لدي | ملف | excel | مستخدم | حاليا | لاداره | مخزون | مختبر | طبي، | وارغب | تطويره | وتحويله | الي | نظام | احترافي | داخل | excel | الحفاظ | علي | الملف | الحالي | وتطويره | قدر | الامكان، | وليس | انشاء | ملف | جديد | الصفر | الا | اذا | ضروريا | تقنيا | مايكروسوفت | اكسل | جداول | بيانات | جوجل | تصميم | داش | بورد | تطوير | قاعده | بيانات | برمجه | قواعد | البيانات | power | bi | unknown,61,175.0,USD,fixed,مايكروسوفت اكسل | جداول بيانات جوجل | تصميم داش بورد | تطوير قاعده بيانات | برمجه قواعد البيانات | power bi,unknown,2026-06-15 13:01:26
Mostaqel.com,https://mostaql.com/project/1250090-%D8%AD%D9%84-%D9%85%D8%B4%D9%83%D9%84%D8%A9-%D8%A7%D9%8A%D9%85%D9%8A%D9%84-zoho-%D9%84%D8%A7-%D9%8A%D8%B1%D8%B3%D9%84,حل مشكلة ايميل Zoho لا يرسل,حل مشكله ايميل zoho يرسل السلام عليكم تصميم موقع الكتروني حل المشكلات استكشاف الاخطاء واصلاحها اداره البريد الالكتروني z,حل مشكله ايميل zoho يرسل السلام عليكم تصميم موقع الكتروني حل المشكلات استكشاف الاخطاء واصلاحها اداره البريد الالكتروني zoho unknown,السلام عليكم,حل | مشكله | ايميل | zoho | يرسل | السلام | عليكم | تصميم | موقع | الكتروني | حل | المشكلات | استكشاف | الاخطاء | واصلاحها | اداره | البريد | الالكتروني | zoho | unknown,20,37.5,USD,fixed,تصميم موقع الكتروني | حل المشكلات | استكشاف الاخطاء واصلاحها | اداره البريد الالكتروني | zoho,unknown,2026-06-15 13:00:16
Mostaqel.com,https://mostaql.com/project/1250087-%D8%B9%D9%85%D9%84-%D9%85%D8%A7%D8%AA%D8%B1%D9%8A%D8%A7%D9%84-%D8%AA%D8%AF%D8%B1%D9%8A%D8%A8-%D9%84%D8%B4%D8%B1%D9%83%D8%A9-%D8%AA%D8%AF%D8%B1%D9%8A%D8%A8-%D9%83%D9%88%D8%B1%D8%B3%D8%A7%D8%AA-%D8%A8%D8%B1%D9%85%D8%AC%D8%A9-%D9%88%D8%B1%D8%A8%D9%88%D8%AA%D9%83%D8%B3-%D9%88%D8%A7%D9%84%D8%AA%D8%AF%D8%B1%D9%8A%D8%A8-%D8%A7%D9%84%D8%A7%D9%88%D9%86-%D8%A7%D9%84%D8%A7%D9%8A%D9%86-%D8%A7%D9%88-%D8%A7%D9%84%D8%A7%D9%88%D9%81-%D9%84%D8%A7%D9%8A%D9%86,عمل ماتريال تدريب لشركة تدريب كورسات برمجة وربوتكس والتدريب الاون الاين او الاوف لاين,عمل ماتريال تدريب لشركه تدريب كورسات برمجه وربوتكس والتدريب الاون الاين او الاوف لاين انا بفتح شركه تدريب برمجه وربوتكس ,عمل ماتريال تدريب لشركه تدريب كورسات برمجه وربوتكس والتدريب الاون الاين او الاوف لاين انا بفتح شركه تدريب برمجه وربوتكس للاطفال تعلم الاله التعلم العميق keras rnn الانحدار svm jupyter الاتمه بالذكاء الاصطناعي الذكاء الاصطناعي تصميم الحقايب التدريبيه unknown,انا بفتح شركه تدريب برمجه وربوتكس للاطفال,عمل | ماتريال | تدريب | لشركه | تدريب | كورسات | برمجه | وربوتكس | والتدريب | الاون | الاين | او | الاوف | لاين | انا | بفتح | شركه | تدريب | برمجه | وربوتكس | للاطفال | تعلم | الاله | التعلم | العميق | keras | rnn | الانحدار | svm | jupyter | الاتمه | بالذكاء | الاصطناعي | الذكاء | الاصطناعي | تصميم | الحقايب | التدريبيه | unknown,39,175.0,USD,fixed,تعلم الاله | التعلم العميق | keras | rnn | الانحدار | svm | jupyter | الاتمه بالذكاء الاصطناعي | الذكاء الاصطناعي | تصميم الحقايب التدريبيه,unknown,2026-06-15 12:49:40
Mostaqel.com,https://mostaql.com/project/1250083-%D8%A8%D8%B1%D9%86%D8%A7%D9%85%D8%AC-%D9%85%D8%AD%D8%A7%D8%B3%D8%A8%D9%8A-%D9%88-pos-%D9%84%D9%84%D8%B3%D9%88%D8%A8%D8%B1%D9%85%D8%A7%D8%B1%D9%83%D8%AA,برنامج محاسبي و POS للسوبرماركت,برنامج محاسبي pos للسوبرماركت السلام عليكم محاسبه ماليه دوت نت فريموورك برمجه مواقع البرمجه بطريقه mvc تطوير البرمجيات ه,برنامج محاسبي pos للسوبرماركت السلام عليكم محاسبه ماليه دوت نت فريموورك برمجه مواقع البرمجه بطريقه mvc تطوير البرمجيات هندسه البرمجيات برمجه asp.net asp.net mvc asp.net core asp unknown,السلام عليكم,برنامج | محاسبي | pos | للسوبرماركت | السلام | عليكم | محاسبه | ماليه | دوت | نت | فريموورك | برمجه | مواقع | البرمجه | بطريقه | mvc | تطوير | البرمجيات | هندسه | البرمجيات | برمجه | asp.net | asp.net | mvc | asp.net | core | asp | unknown,28,1750.0,USD,fixed,محاسبه ماليه | دوت نت فريموورك | برمجه مواقع | البرمجه بطريقه mvc | تطوير البرمجيات | هندسه البرمجيات | برمجه | asp.net | asp.net mvc | asp.net core | asp,unknown,2026-06-15 12:29:49
Mostaqel.com,https://mostaql.com/project/1250081-%D8%A5%D8%B9%D8%A7%D8%AF%D8%A9-%D8%A8%D8%AB-iptv,إعادة بث iptv,اعاده بث iptv السلام عليكم ورحمه الله وبركاته برمجه تطوير البرمجيات هندسه البرمجيات برمجه مواقع حل المشكلات unknown,اعاده بث iptv السلام عليكم ورحمه الله وبركاته برمجه تطوير البرمجيات هندسه البرمجيات برمجه مواقع حل المشكلات unknown,السلام عليكم ورحمة الله وبركاته,اعاده | بث | iptv | السلام | عليكم | ورحمه | الله | وبركاته | برمجه | تطوير | البرمجيات | هندسه | البرمجيات | برمجه | مواقع | حل | المشكلات | unknown,18,37.5,USD,fixed,برمجه | تطوير البرمجيات | هندسه البرمجيات | برمجه مواقع | حل المشكلات,unknown,2026-06-15 12:22:37
Mostaqel.com,https://mostaql.com/project/1250078-%D9%85%D8%B7%D9%84%D9%88%D8%A8-%D8%B9%D9%85%D9%84-%D8%B3%D9%8A%D8%B1%D8%A9-%D8%B0%D8%A7%D8%AA%D9%8A%D8%A9-cv-%D8%A5%D8%AD%D8%AA%D8%B1%D8%A7%D9%81%D9%8A,مطلوب عمل سيرة ذاتية CV إحترافي,مطلوب عمل سيره ذاتيه cv احترافي احتاج الي تصميم سيره ذاتيه cv احترافيه وعصريه باللغه العربيه كتابه سيره ذاتيه انشاء سيره,مطلوب عمل سيره ذاتيه cv احترافي احتاج الي تصميم سيره ذاتيه cv احترافيه وعصريه باللغه العربيه كتابه سيره ذاتيه انشاء سيره ذاتيه ترجمه السيره الذاتيه مايكروسوفت وورد تحويل pdf التدقيق اللغوي تدقيق حسابات unknown,أحتاج إلى تصميم سيرة ذاتية (CV) احترافية وعصرية باللغة العربية,مطلوب | عمل | سيره | ذاتيه | cv | احترافي | احتاج | الي | تصميم | سيره | ذاتيه | cv | احترافيه | وعصريه | باللغه | العربيه | كتابه | سيره | ذاتيه | انشاء | سيره | ذاتيه | ترجمه | السيره | الذاتيه | مايكروسوفت | وورد | تحويل | pdf | التدقيق | اللغوي | تدقيق | حسابات | unknown,34,37.5,USD,fixed,كتابه سيره ذاتيه | انشاء سيره ذاتيه | ترجمه السيره الذاتيه | مايكروسوفت وورد | تحويل pdf | التدقيق اللغوي | تدقيق حسابات,unknown,2026-06-15 12:20:18
Mostaqel.com,https://mostaql.com/project/1250077-%D8%AA%D8%B5%D9%85%D9%8A%D9%85-%D9%85%D8%B9%D9%85%D8%A7%D8%B1%D9%8A-%D9%81%D9%82%D8%B7-%D9%88%D8%AA%D9%88%D8%B2%D9%8A%D8%B9,تصميم معماري فقط وتوزيع,تصميم معماري فقط وتوزيع شرط ان يكون لديه سوابق خبرات بتصميم محلات الورد والهدايا لفهم طبيعه العمل هندسه معماريه تصميم مع,تصميم معماري فقط وتوزيع شرط ان يكون لديه سوابق خبرات بتصميم محلات الورد والهدايا لفهم طبيعه العمل هندسه معماريه تصميم معماري البناء المعماري تصميم ديكور تصميم داخلي تصميم محلات تجاريه unknown,شرط ان يكون لديه سوابق خبرات بتصميم محلات الورد والهدايا لفهم طبيعه العمل,تصميم | معماري | فقط | وتوزيع | شرط | ان | يكون | لديه | سوابق | خبرات | بتصميم | محلات | الورد | والهدايا | لفهم | طبيعه | العمل | هندسه | معماريه | تصميم | معماري | البناء | المعماري | تصميم | ديكور | تصميم | داخلي | تصميم | محلات | تجاريه | unknown,31,175.0,USD,fixed,هندسه معماريه | تصميم معماري | البناء المعماري | تصميم ديكور | تصميم داخلي | تصميم محلات تجاريه,unknown,2026-06-15 12:19:52
Mostaqel.com,https://mostaql.com/project/1250071-%D8%A5%D8%B9%D8%AF%D8%A7%D8%AF-%D8%AF%D8%B1%D8%A7%D8%B3%D8%A9-%D8%A3%D9%88%D9%84%D9%8A%D8%A9-%D9%88%D8%B9%D8%B1%D8%B6-%D8%AA%D9%82%D8%AF%D9%8A%D9%85%D9%8A-%D9%84%D9%85%D8%B4%D8%B1%D9%88%D8%B9-%D8%A8%D9%86%D9%8A%D8%A9-%D8%AA%D8%AD%D8%AA%D9%8A%D8%A9-%D9%84%D9%84%D8%B9%D9%85%D9%84%D8%A7%D8%AA-%D8%A7%D9%84%D9%85%D8%B3%D8%AA%D9%82%D8%B1%D8%A9,إعداد دراسة أولية وعرض تقديمي لمشروع بنية تحتية للعملات المستقرة,اعداد دراسه اوليه وعرض تقديمي لمشروع بنيه تحتيه للعملات المستقره ابحث مستشار متخصص التقنيه الماليه fintech ولديه خبره سا,اعداد دراسه اوليه وعرض تقديمي لمشروع بنيه تحتيه للعملات المستقره ابحث مستشار متخصص التقنيه الماليه fintech ولديه خبره سابقه اعداد ملفات التقديم لمختبرات التقنيه الماليه او المشاريع المرتبطه بالاصول الرقميه والعملات المستقره stable coins كتابه الاعمال الكتابه التقنيه اداره المشاريع تحليل الاعمال تصميم عروض تقديميه unknown,أبحث عن مستشار متخصص في التقنية المالية (FinTech) ولديه خبرة سابقة في إعداد ملفات التقديم لمختبرات التقنية المالية أو المشاريع المرتبطة بالأصول الرقمية والعملات المستقرة Stable coins.,اعداد | دراسه | اوليه | وعرض | تقديمي | لمشروع | بنيه | تحتيه | للعملات | المستقره | ابحث | مستشار | متخصص | التقنيه | الماليه | fintech | ولديه | خبره | سابقه | اعداد | ملفات | التقديم | لمختبرات | التقنيه | الماليه | او | المشاريع | المرتبطه | بالاصول | الرقميه | والعملات | المستقره | stable | coins | كتابه | الاعمال | الكتابه | التقنيه | اداره | المشاريع | تحليل | الاعمال | تصميم | عروض | تقديميه | unknown,46,175.0,USD,fixed,كتابه الاعمال | الكتابه التقنيه | اداره المشاريع | تحليل الاعمال | تصميم عروض تقديميه,unknown,2026-06-15 12:17:22
Mostaqel.com,https://mostaql.com/project/1250073-%D9%85%D8%B7%D9%84%D9%88%D8%A8-%D9%85%D8%B7%D9%88%D8%B1-laravel-%D8%A3%D9%88-nodejs-%D9%84%D8%A8%D9%86%D8%A7%D8%A1-%D9%86%D8%B8%D8%A7%D9%85-%D9%88%D8%B3%D9%8A%D8%B7-middleware,مطلوب مطور Laravel أو Node.js لبناء نظام وسيط (Middleware),مطلوب مطور laravel او node.js لبناء نظام وسيط middleware لارافيل node.js تطوير البرمجيات هندسه البرمجيات برمجه برمجه موا,مطلوب مطور laravel او node.js لبناء نظام وسيط middleware لارافيل node.js تطوير البرمجيات هندسه البرمجيات برمجه برمجه مواقع unknown,:,مطلوب | مطور | laravel | او | node.js | لبناء | نظام | وسيط | middleware | لارافيل | node.js | تطوير | البرمجيات | هندسه | البرمجيات | برمجه | برمجه | مواقع | unknown,19,375.0,USD,fixed,لارافيل | node.js | تطوير البرمجيات | هندسه البرمجيات | برمجه | برمجه مواقع,unknown,2026-06-15 12:10:50
Mostaqel.com,https://mostaql.com/project/1250066-%D9%86%D8%B8%D8%A7%D9%85-%D8%A7%D9%84%D9%85%D8%AD%D8%A7%D9%85%D8%A7%D8%A9-%D9%88%D9%85%D8%AA%D8%A7%D8%A8%D8%B9%D8%A9-%D8%A7%D9%84%D9%82%D8%B6%D8%A7%D9%8A%D8%A7,نظام المحاماة ومتابعة القضايا,نظام المحاماه ومتابعه القضايا اريد نظام الكتروني لاداره القضايا القانونيه لحظه تسجيل العميل وحتي اغلاق القضيه او تنفيذ ا,نظام المحاماه ومتابعه القضايا اريد نظام الكتروني لاداره القضايا القانونيه لحظه تسجيل العميل وحتي اغلاق القضيه او تنفيذ الحكم، اداره الجلسات، المستندات، الاشعارات، التقارير، والفوتره معالجه البيانات هندسه البرمجيات front end تطوير الويب برمجه unknown,اريد نظام إلكتروني لإدارة القضايا القانونية من لحظة تسجيل العميل وحتى إغلاق القضية أو تنفيذ الحكم، مع إدارة الجلسات، المستندات، الإشعارات، التقارير، والفوترة.,نظام | المحاماه | ومتابعه | القضايا | اريد | نظام | الكتروني | لاداره | القضايا | القانونيه | لحظه | تسجيل | العميل | وحتي | اغلاق | القضيه | او | تنفيذ | الحكم، | اداره | الجلسات، | المستندات، | الاشعارات، | التقارير، | والفوتره | معالجه | البيانات | هندسه | البرمجيات | front | end | تطوير | الويب | برمجه | unknown,35,1750.0,USD,fixed,معالجه البيانات | هندسه البرمجيات | front end | تطوير الويب | برمجه,unknown,2026-06-15 12:07:13
Mostaqel.com,https://mostaql.com/project/1240097-%D8%AA%D8%B1%D8%AC%D9%85%D8%A9-%D8%AA%D9%82%D8%B1%D9%8A%D8%B1-%D9%85%D9%86-%D8%A7%D9%84%D8%B9%D8%B1%D8%A8%D9%8A%D8%A9-%D8%A5%D9%84%D9%89-%D8%A7%D9%84%D8%A7%D9%86%D8%AC%D9%84%D9%8A%D8%B2%D9%8A%D8%A9-%D8%A8%D8%A7%D8%AD%D8%AA%D8%B1%D8%A7%D9%81%D9%8A%D8%A9,ترجمة تقرير من العربية إلى الانجليزية باحترافية,ترجمه تقرير العربيه الي الانجليزيه باحترافيه المطلوب ترجمه تقرير احترافي مصمم بالانديزاين علي شكل دي اف العربيه الي الان,ترجمه تقرير العربيه الي الانجليزيه باحترافيه المطلوب ترجمه تقرير احترافي مصمم بالانديزاين علي شكل دي اف العربيه الي الانجليزيه تنسيق النصوص الترجمه التحريريه الترجمه الانجليزيه للعربيه الترجمه الترجمه العربيه الي الانجليزيه unknown,المطلوب ترجمة تقرير احترافي مصمم بالانديزاين على شكل بي دي اف من العربية إلى الانجليزية,ترجمه | تقرير | العربيه | الي | الانجليزيه | باحترافيه | المطلوب | ترجمه | تقرير | احترافي | مصمم | بالانديزاين | علي | شكل | دي | اف | العربيه | الي | الانجليزيه | تنسيق | النصوص | الترجمه | التحريريه | الترجمه | الانجليزيه | للعربيه | الترجمه | الترجمه | العربيه | الي | الانجليزيه | unknown,32,37.5,USD,fixed,تنسيق النصوص | الترجمه التحريريه | الترجمه الانجليزيه للعربيه | الترجمه | الترجمه العربيه الي الانجليزيه,unknown,2026-06-15 11:52:11
Mostaqel.com,https://mostaql.com/project/1250065-%D8%A5%D8%B9%D8%AF%D8%A7%D8%AF-%D9%88%D8%A7%D8%AA%D8%B3%D8%A7%D8%A8-%D8%A8%D8%B2%D9%86%D8%B3-api-%D9%85%D8%B9-%D9%85%D9%8A%D8%AA%D8%A7-%D9%88%D8%AA%D8%AD%D9%82%D9%82-%D8%B1%D8%A8%D8%B7%D9%87-%D9%85%D8%B9-%D8%B3%D9%84%D8%A9,إعداد واتساب بزنس API مع ميتا وتحقق ربطه مع سلة,اعداد واتساب بزنس api ميتا وتحقق ربطه سله السلام عليكم التسويق عبر الفيس بوك برمجه اندرويد التسويق عبر الانترنت التسويق ,اعداد واتساب بزنس api ميتا وتحقق ربطه سله السلام عليكم التسويق عبر الفيس بوك برمجه اندرويد التسويق عبر الانترنت التسويق عبر واتساب هندسه البرمجيات unknown,السلام عليكم,اعداد | واتساب | بزنس | api | ميتا | وتحقق | ربطه | سله | السلام | عليكم | التسويق | عبر | الفيس | بوك | برمجه | اندرويد | التسويق | عبر | الانترنت | التسويق | عبر | واتساب | هندسه | البرمجيات | unknown,25,37.5,USD,fixed,التسويق عبر الفيس بوك | برمجه اندرويد | التسويق عبر الانترنت | التسويق عبر واتساب | هندسه البرمجيات,unknown,2026-06-15 11:41:31
Mostaqel.com,https://mostaql.com/project/1250063-%D8%A7%D8%B3%D8%AA%D8%B4%D8%A7%D8%B1%D8%A9-%D8%AD%D9%88%D9%84-%D8%A5%D8%AC%D8%B1%D8%A7%D8%A1%D8%A7%D8%AA-%D9%81%D8%AA%D8%AD-%D9%85%D9%84%D9%81-%D8%AA%D8%A7%D9%85%D9%8A%D9%86%D9%8A-%D9%84%D9%84%D8%B4%D8%B1%D9%83%D8%A9,استشارة حول إجراءات فتح ملف تاميني للشركة,استشاره حول اجراءات فتح ملف تاميني للشركه السلام عليكم ورحمه الله وبركاته محاسبه ماليه محاسبه استشارات الشركات الناشيه ق,استشاره حول اجراءات فتح ملف تاميني للشركه السلام عليكم ورحمه الله وبركاته محاسبه ماليه محاسبه استشارات الشركات الناشيه قانون العمل استشارات التامينات unknown,السلام عليكم ورحمه الله وبركاته,استشاره | حول | اجراءات | فتح | ملف | تاميني | للشركه | السلام | عليكم | ورحمه | الله | وبركاته | محاسبه | ماليه | محاسبه | استشارات | الشركات | الناشيه | قانون | العمل | استشارات | التامينات | unknown,23,37.5,USD,fixed,محاسبه ماليه | محاسبه | استشارات الشركات الناشيه | قانون العمل | استشارات التامينات,unknown,2026-06-15 11:32:53
Mostaqel.com,https://mostaql.com/project/1250060-%D9%85%D8%B9%D9%84%D9%82-%D8%B5%D9%88%D8%AA%D9%8A,معلق صوتي,معلق صوتي السلام عليكم ورحمه الله وبركاته، الاداء الصوتي هندسه الصوت الانتاج الصوتي التعليق الصوتي صوتيات التمثيل الصوتي,معلق صوتي السلام عليكم ورحمه الله وبركاته، الاداء الصوتي هندسه الصوت الانتاج الصوتي التعليق الصوتي صوتيات التمثيل الصوتي unknown,السلام عليكم ورحمة الله وبركاته،,معلق | صوتي | السلام | عليكم | ورحمه | الله | وبركاته، | الاداء | الصوتي | هندسه | الصوت | الانتاج | الصوتي | التعليق | الصوتي | صوتيات | التمثيل | الصوتي | unknown,19,37.5,USD,fixed,الاداء الصوتي | هندسه الصوت | الانتاج الصوتي | التعليق الصوتي | صوتيات | التمثيل الصوتي,unknown,2026-06-15 11:31:03
Mostaqel.com,https://mostaql.com/project/1250059-%D8%AA%D8%B5%D9%85%D9%8A%D9%85-%D8%AD%D8%AF%D9%8A%D9%82%D8%A9-%D8%A7%D9%84%D9%85%D9%86%D8%B2%D9%84,تصميم حديقة المنزل,تصميم حديقه المنزل تصميم حديقه المنزل التصميم الخارجي البناء المعماري هندسه معماريه الفكره التصميميه اظهار معماري تصميم ,تصميم حديقه المنزل تصميم حديقه المنزل التصميم الخارجي البناء المعماري هندسه معماريه الفكره التصميميه اظهار معماري تصميم 3d 3ds max unknown,تصميم حديقة المنزل,تصميم | حديقه | المنزل | تصميم | حديقه | المنزل | التصميم | الخارجي | البناء | المعماري | هندسه | معماريه | الفكره | التصميميه | اظهار | معماري | تصميم | 3d | 3ds | max | unknown,21,75.0,USD,fixed,التصميم الخارجي | البناء المعماري | هندسه معماريه | الفكره التصميميه | اظهار معماري | تصميم 3d | 3ds max,unknown,2026-06-15 11:24:26
Mostaqel.com,https://mostaql.com/project/1250055-%D8%AF%D8%B1%D8%A7%D8%B3%D8%A9-%D8%AC%D8%AF%D9%88%D9%89-%D8%A7%D9%84%D9%85%D8%B4%D8%B1%D9%88%D8%B9-%D8%B9%D9%82%D8%A7%D8%B1%D9%8A,دراسة جدوى المشروع عقاري,دراسه جدوي المشروع عقاري مطلوب دراسه جد لمشروع عقاري سلطنه عمان قيمه المشروع 60 000 000 الدراسه عباره انشاء الفندق نجوم ,دراسه جدوي المشروع عقاري مطلوب دراسه جد لمشروع عقاري سلطنه عمان قيمه المشروع 60 000 000 الدراسه عباره انشاء الفندق نجوم بقيمه 60 000 000 التحليل المالي دراسه جدوي جدوله المشروع اداره المشاريع تحليل الاعمال اداره اعمال تقييم الاعمال unknown,"مطلوب دراسة جد لمشروع عقاري في سلطنة عمان قيمة المشروع 60,000,000€ الدراسة عبارة عن إنشاء الفندق خمس نجوم بقيمة 60,000,000€",دراسه | جدوي | المشروع | عقاري | مطلوب | دراسه | جد | لمشروع | عقاري | سلطنه | عمان | قيمه | المشروع | 60 | 000 | 000 | الدراسه | عباره | انشاء | الفندق | نجوم | بقيمه | 60 | 000 | 000 | التحليل | المالي | دراسه | جدوي | جدوله | المشروع | اداره | المشاريع | تحليل | الاعمال | اداره | اعمال | تقييم | الاعمال | unknown,40,375.0,USD,fixed,التحليل المالي | دراسه جدوي | جدوله المشروع | اداره المشاريع | تحليل الاعمال | اداره اعمال | تقييم الاعمال,unknown,2026-06-15 11:23:53
