platform,title,url,budget_min,budget_max,budget_currency,budget_type,skills,category,posted_date,full_description,description_snippet
Freelancer.com,Seeking Website Developer for Grow-stage Startup,https://www.freelancer.com/projects/web-development/seeking-website-developer-for-grow,15.0,25.0,USD,hourly,WEB DEVELOPMENT | Web Development | Mobile App Development | JavaScript | Content Management System (CMS) | PHP | Website Design | HTML | Graphic Design,Unknown,Unknown,"I hope you are doing well.
I am reaching out regarding the development of a professional, fully functional, and mobile-responsive website for our organisation.
Project Requirements
We are seeking a website that includes:
Home, About Us, Services, Blog, Contact Us, Booking, and Privacy Policy pages
Integrated live chat functionality for real-time client communication
A booking system for phone consultations
A clean, modern, and user-friendly design
Full mobile responsiveness and strong performance
Built on a free or cost-effective platform with easy content management
Service Request
As we are currently in the early stages of growth with limited funding, we would like to kindly ask if you would be open to providing this service at no upfront cost.
Partnership Opportunity
In return, we are very interested in forming a long-term partnership. As our organisation grows, we are open to:
Ongoing paid work opportunities
Revenue-sharing or collaboration on future projects
Referrals and long-term business engagement
We believe this could develop into a mutually beneficial relationship and would love to explore how we can work together.
Please let us know if this opportunity is of interest, and we would be happy to discuss further details.","I hope you are doing well. I am reaching out regarding the development of a professional, fully functional, and mobile-responsive website for our organisation. Project Requirements We are seeking a website that includes: Home, About Us, Services, Blo"
Freelancer.com,Excel Project Data Entry,https://www.freelancer.com/projects/administrative-support/excel-project-data-entry,1500.0,3000.0,USD,fixed,ADMINISTRATIVE SUPPORT | Administrative Support | Microsoft Office | Microsoft Word | Microsoft Outlook | Excel | Data Entry | Research | Project Management,Unknown,Unknown,"Job Summary

A Project Management Data Entry Clerk is responsible for entering, updating, organizing, and maintaining project-related information in company databases and management systems. The role supports project managers by ensuring accurate records, tracking project progress, and handling administrative tasks efficiently.

Key Responsibilities
 • Enter and update project data into spreadsheets, databases, and project management software.
 • Maintain accurate records of project schedules, budgets, reports, and team activities.
 • Assist project managers with administrative and documentation tasks.
 • Prepare project reports, summaries, and status updates.
 • Review data for errors or missing information and correct inconsistencies.
 • Organize digital and physical project files for easy access and retrieval.
 • Monitor deadlines and help track project milestones.
 • Communicate with team members to collect and verify project information.
 • Ensure confidentiality and security of company data.
 • Support meetings by preparing documents, taking notes, and updating records afterward.

Required Skills and Qualifications
 • High school diploma or equivalent; additional certification in administration or project management is an advantage.
 • Strong typing and data entry skills with high accuracy.
 • Proficiency in Microsoft Office tools such as Excel, Word, and Outlook.
 • Familiarity with project management software such as Trello, Asana, or Microsoft Project.
 • Good organizational and time-management skills.
 • Ability to work independently and meet deadlines.
 • Strong communication and attention to detail.

Preferred Qualities
 • Ability to multitask in a fast-paced environment.
 • Problem-solving and analytical skills.
 • Team-oriented attitude with professionalism and reliability.","Job Summary A Project Management Data Entry Clerk is responsible for entering, updating, organizing, and maintaining project-related information in company databases and management systems. The role supports project managers by ensuring accurate reco"
Freelancer.com,Canadian Mortgage Lead Generation -- 2,https://www.freelancer.com/projects/digital-marketing/canadian-mortgage-lead-generation-40458116,3000.0,5000.0,USD,fixed,DIGITAL MARKETING | Digital Marketing | Google Ads | Facebook Ads | Leads | Telemarketing | Sales | Internet Marketing,Unknown,Unknown,"I run a nationwide Canadian company that specializes in mortgage refinances and debt-consolidation solutions. To keep pace with demand, I need a reliable partner who can deliver a steady flow of qualified, exclusive leads through either telemarketing or online campaigns. 

Exactly what I’m after 
• Refinance leads: Canadian homeowners who have equity and are open to lowering their rate or accessing cash. 
• Debt-consolidation leads: Canadians carrying significant credit-card balances and looking to roll that debt into a new mortgage or secured loan. 

Lead criteria 
• Resident of Canada, 25-65 years old 
• Minimum unsecured-debt balance of about $25 k 
• Full contact details (name, phone, email, province, best time to talk) 
• Clear consent to be contacted by an agent 

Delivery & compliance 
Live transfers, real-time web posts, or next-day CSV files all work for me—as long as the data is accurate and the lead is exclusive for at least 30 days. All outreach must follow Canadian DNCL and CASL regulations. 

When you respond, please outline: 
1. Your lead-generation method (e.g., outbound calling, Google/Facebook ads). 
2. How many leads you can supply each week. 
3. Any sample leads or recordings that show quality. 
4. Your cost-per-lead or transfer rate and any volume discounts. 

I’m ready to launch immediately and will scale volume quickly once quality is proven. If you can consistently connect me with motivated homeowners and over-leveraged credit-card borrowers, let’s get started.","I run a nationwide Canadian company that specializes in mortgage refinances and debt-consolidation solutions. To keep pace with demand, I need a reliable partner who can deliver a steady flow of qualified, exclusive leads through either telemarketing"
Freelancer.com,"Boise Candidate Degree Verification [Boise, ID 83709, USA]",https://www.freelancer.com/projects/report-writing/boise-candidate-degree-verification,10.0,50.0,USD,fixed,REPORT WRITING | Report Writing | Research | Local Job | Data Entry | Photography,Unknown,Unknown,"I need a reliable partner to run a focused background check on a job applicant currently living in Boise, ID 83709. The only element I want investigated is verification of the applicant’s undergraduate degree—dates attended, major, and confirmation that the credential was awarded.

You will contact the relevant registrar or authorized third-party service, obtain official confirmation, and share a brief report that includes:

• the issuing institution’s name and location 
• the degree conferred, major or concentration 
• graduation date (or confirmation of non-completion) 
• the registrar or verifier’s point of contact for audit purposes 
• any discrepancies found

Please carry out the check in compliance with all federal and Idaho state privacy laws and deliver your report within five business days of acceptance. Let me know if you have secured data-handling procedures in place or need any additional candidate information from me before you begin.","I need a reliable partner to run a focused background check on a job applicant currently living in Boise, ID 83709. The only element I want investigated is verification of the applicant’s undergraduate degree—dates attended, major, and confirmation t"
Freelancer.com,Remove Background From 25 Images,https://www.freelancer.com/projects/background-removal/remove-background-from-images,8.0,30.0,EUR,fixed,BACKGROUND REMOVAL | Background Removal | Image Processing | Image Analysis | Image Consultation | Photoshop | Photo Editing | Graphic Design | Photoshop Design,Unknown,Unknown,"Hi,

I am looking for someone who can edit around 25 images and make the backgrounds transparent.

The images need to be delivered in high quality, preferably as PNG files with a clean transparent background. Some images may need careful editing around the edges, so I am looking for someone who can work professionally and accurately.

I may also provide a specific background color if needed, but the main requirement is that the images are made transparent.

Requirements:

Remove the background from around 25 images
Deliver the final files as transparent PNG
Keep the quality sharp and professional
Clean edges, no rough cuts
Fast delivery preferred

Please send me your price for all 25 images and your estimated delivery time.

Thank you.","Hi, I am looking for someone who can edit around 25 images and make the backgrounds transparent. The images need to be delivered in high quality, preferably as PNG files with a clean transparent background. Some images may need careful editing around"
Freelancer.com,Load Pantec Truck Saturday 23rd May at 3pm for 2 hrs,https://www.freelancer.com/projects/removalist/load-pantec-truck-saturday-may,50.0,50.0,USD,hourly,REMOVAL SERVICES | Removal Services | Logistics | Moving | Packing & Shipping | Delivery,Unknown,Unknown,"I have a 3-tonne Pantec truck arriving at my place in Campbell, ACT this Saturday afternoon at 3 pm. I need two strong, reliable removalist-style labourers for about two hours to help lift and pack household furniture safely into the truck.

Access is straightforward: everything comes out the front door and down a short veranda with just three stair risers—no full flights or elevators to worry about. Your job is to carry each piece, load it efficiently, and position it so it travels securely.

I’ll supply straps and blankets, removal dolly; please bring work gloves and, if you have them. Experience with manual handling techniques is important, and being on time is critical because the truck is booked on a tight schedule.

If you’re fit, careful with furniture, and confident you can wrap this up in the two-hour window, I’d love to hear from you.","I have a 3-tonne Pantec truck arriving at my place in Campbell, ACT this Saturday afternoon at 3 pm. I need two strong, reliable removalist-style labourers for about two hours to help lift and pack household furniture safely into the truck. Access is"
Freelancer.com,Playful Pet Shop Design - 20/05/2026 19:47 EDT,https://www.freelancer.com/projects/branding/playful-pet-shop-design-edt,0.0,0.0,Unknown,fixed,BRANDING | Branding | Corporate Identity | Creative Design | Graphic Design | Illustration | Logo Design | Visual Design | Website Design,Unknown,Unknown,"I'm seeking a designer to create a playful and colorful pet shop. 

Key focus:
- Branding and logo

Ideal Skills and Experience:
- Experience in retail design
- Strong portfolio in playful, colorful themes
- Expertise in branding and logo creation","I'm seeking a designer to create a playful and colorful pet shop. Key focus: - Branding and logo Ideal Skills and Experience: - Experience in retail design - Strong portfolio in playful, colorful themes - Expertise in branding and logo creation"
Freelancer.com,Alpha Datapath & Control Logic,https://www.freelancer.com/projects/digital-design/alpha-datapath-control-logic,250.0,750.0,USD,fixed,DIGITAL DESIGN | Digital Design | Signal Processing | Simulation | Embedded Systems | Engineering | Verilog / VHDL | Electronics | Circuit Design,Unknown,Unknown,"I need a complete 32-bit datapath and the accompanying control logic that can execute the Alpha instruction subset consisting of sll, xor, and or. This is strictly a computer-architecture exercise, so the deliverable should remain at the logic-gate or block-diagram level rather than being written in an HDL. 

What I expect to receive: 
• A clearly drawn schematic (PDF or PNG) showing every functional block—register file, ALU, shifter, control unit, multiplexers, and any intermediate buses—wired for 32-bit operation. 
• A micro-operation schedule or timing table that explains how each of the three instructions moves through the datapath. 
• The control truth tables or finite-state-machine diagram that generate the required control signals. 

I will test your work by walking through all three instructions and verifying signal values cycle by cycle, so please annotate the diagram or provide a brief walkthrough for each step. If you simulate the design in any tool, feel free to include screenshots or waveforms, but simulation files are optional. Clarity and correctness of the architectural design are the priority.","I need a complete 32-bit datapath and the accompanying control logic that can execute the Alpha instruction subset consisting of sll, xor, and or. This is strictly a computer-architecture exercise, so the deliverable should remain at the logic-gate o"
Freelancer.com,Streamlined Website Redesign for Conversions,https://www.freelancer.com/projects/web-development/streamlined-website-redesign-for,30.0,250.0,USD,fixed,WEB DEVELOPMENT | Web Development | UI / User Interface | UX / User Experience | PHP | Website Design | HTML | WordPress,Unknown,Unknown,"My current site does its job, but the flow feels clunky and visitors are not picking up the phone. I want a full redesign that showcases our products and services clearly, guides users effortlessly through the content, and puts a prominent “Call Now” action in front of them at every logical point.

Key focus areas 
• Navigation – simplify the menu, tighten page hierarchy, and make it obvious where to click next. 
• Design layout – refresh the overall look so it feels clean, modern, and consistent on desktop, tablet, and mobile. Visuals must highlight what we do, not distract. 
• Performance – while speed isn’t my top complaint, I still expect quick-loading pages and lightweight code.

Functionality requests 
• Click-to-call buttons and a streamlined contact page. 
• Responsive layout tested on major browsers and devices. 
• Easy-to-update platform (WordPress, Webflow, or a similarly straightforward CMS—open to your recommendation). 
• Basic hand-off guide so I can make small text or photo changes on my own.

Acceptance criteria 
1. New navigation structure approved and implemented. 
2. Consistent, modern page templates delivered in the agreed CMS. 
3. Phone and contact elements tested and working on mobile and desktop. 
4. Final site passes a quick Google PageSpeed or GTmetrix check in the green range. 
5. Handoff document supplied.

No SEO campaigns or keyword work are needed; I’m strictly after a site that looks sharp, loads fast, and funnels prospects to a call. If you’re confident you can deliver that experience, I’m ready to get started.","My current site does its job, but the flow feels clunky and visitors are not picking up the phone. I want a full redesign that showcases our products and services clearly, guides users effortlessly through the content, and puts a prominent “Call Now”"
Freelancer.com,Marketing & Operations Virtual Assistant (GoHighLevel / CRM / Admin Support),https://www.freelancer.com/projects/crm/marketing-operations-virtual-assistant,2.0,8.0,USD,hourly,CRM | CRM | GoHighLevel | Administrative Support | Marketing | Virtual Assistant | Data Entry | Social Media Management | Google Sheets | Google Ads | Facebook Marketing,Unknown,Unknown,"Summary
# Marketing & Operations Virtual Assistant (GoHighLevel / CRM / Admin Support)

Please include the word ‘birdie’ in your application so we know you read the full post. If you don't you will be immediately dismissed.

Additionally, when you apply please provide a short video entry of yourself explaining your relevant experience.

We are looking for a highly organized, detail-oriented Virtual Assistant to help support and grow a fast-growing indoor golf and events business.

This is not a basic admin role.

You will work directly with ownership and play an important role in helping organize operations, support marketing initiatives, manage systems, and help keep projects moving forward.

We are looking for someone who is:

* Reliable
* Detail-oriented
* Organized
* Tech-savvy
* Eager to learn
* Able to take ownership of tasks and follow through

This role will start heavily focused on administrative support, CRM management, and marketing assistance, but over time will evolve into a much larger operational support role.

---

## About Us

Smash Factor Lounge is an indoor golf and social facility based in California.

We host:

* Corporate and private events
* Golf leagues and tournaments
* Demo days and community events
* Membership programs
* Customer engagement and marketing campaigns

We are actively building systems, workflows, processes, and training materials as we continue to grow.

This role is extremely important in helping us stay organized and scale effectively.

---

## Responsibilities

Tasks may include:

* Data entry
* KPI tracking and reporting
* CRM management (GoHighLevel)
* Creating and maintaining workflows/automations
* Social media support
* Responding to comments/messages
* SMS communication management
* Research tasks
* Marketing support projects
* Organizing documents and systems
* Assisting with SOPs and training documentation in Trainual
* General administrative and operational support

---

## Software & Platforms

Experience with these is a plus:

* GoHighLevel (GHL)
* Trainual
* Google Sheets / Docs
* CRM systems
* Social media platforms

You do NOT need to be an expert in everything listed above.

We are looking for someone who is:

* Quick to learn
* Curious
* Resourceful
* Comfortable learning new systems

We are willing to pay for courses and certifications as needed for the right candidate.

---

## Requirements

* Strong written English
* Good organizational skills
* Detail-oriented
* Reliable and dependable
* Comfortable with technology and software
* Able to manage multiple tasks
* Good communication skills
* Able to work independently

---

## Compensation

* Starting pay:

 * $500/month
* 3-month trial period
* Increase to $600/month after 6 months based on performance

This is a long-term opportunity for the right person.

Working Hours:

Monday–Friday
9:00 AM – 6:00 PM Pacific Time (US)
Must be available and responsive during these hours

---

## Ideal Candidate

The ideal candidate is someone who genuinely enjoys:

* Organizing
* Building systems
* Learning software
* Helping a business grow
* Supporting operations behind the scenes

If you are proactive, dependable, and eager to grow with a company long term, we’d love to hear from you.","Summary # Marketing & Operations Virtual Assistant (GoHighLevel / CRM / Admin Support) Please include the word ‘birdie’ in your application so we know you read the full post. If you don't you will be immediately dismissed. Additionally, when you appl"
Freelancer.com,"Field Services Enterprise Campaign (Field Sales, Laptop & PC Repairs)",https://www.freelancer.com/projects/field-sales/field-services-enterprise-campaign-field,10.0,30.0,USD,fixed,FIELD SALES | Field Sales | B2B Marketing | Lead Generation | Sales Management | Data Analysis | Enterprise Sales | Data Entry | Data Collection | Leads | Bulk Marketing,Unknown,Unknown,"This brief runs alongside the marketplace verticals brief (v2). It covers the enterprise field services motion: field sales, laptop and PC repair, POS repair, and satellite / telecom equipment installation. Different buyers, different cycle length, larger deal sizes. Keep the two pipelines separate in HubSpot.
Purpose
This brief tells you exactly which contacts to source for the US outbound email campaign. The campaign feeds an automated, personalised email and LinkedIn sequence. Bad data wastes campaign spend, so read the data quality and acceptance sections carefully. Batches that fail the checks will be rejected and require redelivery.
What we sell
Freelancer.com Enterprise delivers managed field services to enterprise customers using a global freelance workforce. We carry the SLA, the COI program, the dispatch operation and the technician quality. We have run the model live at scale: 90,000+ work orders delivered for HP across 5 countries, 5,000+ eNodeB CCTV sites installed in India, satellite link installations across Tier 2/3 markets.
This brief targets US enterprise buyers who buy managed field services as a program. We compete with Compucom, Unisys, Stefanini, NTT Data and the Tier 1 MSPs, but with a more flexible cost structure and global delivery reach.
Channel and volume
Email, mobile and LinkedIn
Daily target: 50 verified enterprise contacts per business day.
Steady state: 250 per week, approximately 1,000 per month.
Enterprise outbound runs at lower volume than the marketplace motion (which targets 100 / day) because the bar is higher: senior buyers at $1B+ companies.
Initial proof batch: first 50 contacts delivered day one. We QA that batch end-to-end before greenlighting the daily cadence.
Quality over quantity. Deliver 30 contacts that pass every check rather than 50 with rejects. Enterprise rejects are very costly because the same buyer cannot be re-engaged for 6+ months.

1. Verticals to target
Source contacts ONLY from companies that fall cleanly into one of these four verticals. If a company spans more than one, pick the dominant one. If the fit is ambiguous, drop the contact and move on.
- Field Sales
B2B field sales reps selling client's product or service in person to businesses. Includes door-to-door SMB sales, route-based reseller programs, payment acquisition, telecom and energy commercial sales, food service supply, and SaaS field reps.
PhonePe-style payment field sales, Square Field Sales, Toast outside sales, Yelp local sales, Constellation Energy commercial, ADP, Heartland Payments, Worldpay, Shift4, Clover field reps
- Laptop & PC Repairs
Onsite, in-home, and in-office laptop, desktop and printer break-fix. Includes warranty repairs, hardware swaps, motherboard and screen replacements, imaging, deskside support, parts handling and return logistics.
Lenovo, Dell, Acer, ASUS, MSI, Brother, Canon, Lexmark, Ricoh, Konica Minolta, Asurion, Encompass, NSI Industries, Service Net, Compucom, Unisys, Stefanini, NTT Data, Decisive Group

Please see attached file for full brief.","This brief runs alongside the marketplace verticals brief (v2). It covers the enterprise field services motion: field sales, laptop and PC repair, POS repair, and satellite / telecom equipment installation. Different buyers, different cycle length, l"
Freelancer.com,Contact 250 US Biz Podcasts plus more work when successful,https://www.freelancer.com/projects/web-scraping/contact-biz-podcasts-plus-more,10.0,30.0,USD,fixed,WEB SCRAPING | Web Scraping | Research | Lead Generation | Data Collection | Data Entry | Excel | Web Search | Copy Typing,Unknown,Unknown,"I need support reaching out to U.S.-based business and finance podcasts so they will consider interviewing Adam Cox, founder of AdamMoney. Your sole outreach channel will be each show’s website contact form; no email blasts or social-media DMs, please. 

Here is how each milestone works: 
• You contact 250 podcasts that primarily serve small- and medium-sized business audiences. 
• In every form you submit an introductory note that positions Adam, his expertise and the value he can bring to their listeners (I will supply a short template—use it verbatim). 
• For each show you must capture a clear screenshot of the completed form before you hit Send, copy the show’s URL and the visible contact details, then upload all three items through the form I provide. 

Payment ladder 
Milestone 1 (first 250) $5 
Milestone 2     $8 
Each additional milestone rises by $3 until capping at $30. If you try to renegotiate rates, the workload increases to 350 shows per milestone and future raises drop to $2 with a $20 cap—so sticking to the original scale is in your best interest. 

Deliverables (per milestone) 
1. 250 screenshots of submitted website contact forms. 
2. Spreadsheet (or CSV) listing podcast name, URL, and the contact page link. 
3. All files uploaded via the dedicated form. 

I review every submission for accurate targeting and complete evidence before releasing payment. If this sounds clear, tell me when you can start and how quickly you can deliver the first 250 contacts.","I need support reaching out to U.S.-based business and finance podcasts so they will consider interviewing Adam Cox, founder of AdamMoney. Your sole outreach channel will be each show’s website contact form; no email blasts or social-media DMs, pleas"
Freelancer.com,Goa Live Performance Videography,https://www.freelancer.com/projects/videography/goa-live-performance-videography,0.0,0.0,Unknown,fixed,VIDEOGRAPHY | Videography | Video Editing | Color Grading | Video Production | Cinematography | Post-Production | Sound Design | Content Creation | Video Services,Unknown,Unknown,"I need a single-person videographer based in Goa to cover an artist’s live performance in Bambolim on 5 June 2026. The brief is simple:

• Shoot the entire set in a live-event style, capturing continuous, unobstructed coverage from start to finish. 
• Record clean audio with a wireless mic system synced to camera. 
• Grab cutaway shots of genuine audience reactions that I can weave into the main edit later.

You’ll bring your own high-end camera, lenses, stabilisation gear and the wireless mic pack; no additional crew or rentals will be arranged from my side. Please include every cost—gear, travel within Goa, operator fee, basic colour pass, and file delivery—in your proposal so I know the day rate upfront.

Final deliverables: 
– One UHD master of the full performance (camera audio replaced with your wireless feed). 
– Separate folder of the best audience-reaction clips. 
– All footage transferred via drive link or SSD hand-off the same week.
_ Raw footage to be transferred instantly

Only local Goans with proven live-event experience will be considered, as familiarity with venues and light conditions here is crucial. Share samples that reflect similar work and confirm your availability for the entire day on 5 June 2026.","I need a single-person videographer based in Goa to cover an artist’s live performance in Bambolim on 5 June 2026. The brief is simple: • Shoot the entire set in a live-event style, capturing continuous, unobstructed coverage from start to finish. • "
Freelancer.com,Dynamic Video Effects & Transitions Editing,https://www.freelancer.com/projects/adobe-premiere-pro/dynamic-video-effects-transitions,30.0,250.0,USD,fixed,ADOBE PREMIERE PRO | Adobe Premiere Pro | DaVinci Resolve | Post-Production | Video Processing | After Effects | Video Editing | Animation | Video Services,Unknown,Unknown,"I have raw footage ready to go and I need it tightened up with energetic, eye-catching effects and transitions. The goal is to keep viewers glued to the screen, so I’m after a style that feels dynamic and flashy rather than subtle or minimal.

Here’s what I’m after: 
• Clean cuts where necessary, but the real focus is on inventive, seamless transitions that add momentum. 
• Bold effects—speed ramps, zooms, whip-pans, glitch hits, light leaks—whatever sells the excitement without sacrificing clarity. 
• No text overlays or graphic inserts are required; I only want well-executed effects and transitions enhancing the footage itself. 

I typically work with 1080p and 4K files, so please be comfortable handling large source media and exporting in high-quality H.264. If you use tools like Adobe Premiere Pro, After Effects, or DaVinci Resolve, just let me know which, as long as the final project file and an exported MP4 are delivered.

Acceptance criteria: 
1. Final video plays back smoothly with no audio-video sync issues. 
2. At least three distinct, well-polished dynamic transitions appear within the first 30 seconds. 
3. Overall pacing feels fast but coherent; key subjects remain in focus and legible. 
4. Delivery includes: a) rendered MP4, b) project file with all effects intact, c) any preset or plugin details if used.

If you have a reel featuring similar high-energy edits, I’d love to see it so I can be sure our styles align.","I have raw footage ready to go and I need it tightened up with energetic, eye-catching effects and transitions. The goal is to keep viewers glued to the screen, so I’m after a style that feels dynamic and flashy rather than subtle or minimal. Here’s "
Freelancer.com,Fun Birthday Video Creation,https://www.freelancer.com/projects/capcut/fun-birthday-video-creation,10.0,30.0,USD,fixed,CAPCUT | CapCut | Creative Design | Video Ads | Video Processing | Video Editing | Video Production | Video Services | Videography,Unknown,Unknown,"I'm seeking a talented CapCut editor to create a fun and lively birthday video. The video will include:

- Photos
- Video clips
- Text messages and captions

Ideal skills and experience:
- Proficiency in CapCut
- Experience in creating engaging birthday videos
- Ability to incorporate various media types seamlessly
- Creative and fun editing style

Please share samples of similar work. Looking forward to your bids!",I'm seeking a talented CapCut editor to create a fun and lively birthday video. The video will include: - Photos - Video clips - Text messages and captions Ideal skills and experience: - Proficiency in CapCut - Experience in creating engaging birthda
Freelancer.com,Simple Clip Merging,https://www.freelancer.com/projects/video-post-editing/simple-clip-merging,10.0,30.0,USD,fixed,VIDEO POST-EDITING | Video Post-editing | Video Processing | Video Conferencing | Video Streaming | Video Editing | Video Services | Video Production | After Effects,Unknown,Unknown,"I need three video clips combined into one. 

Requirements:
- Just straightforward cuts, no transitions needed.
- Maintain original color, no correction or enhancement.

Ideal Skills:
- Experience with video editing software
- Ability to merge clips seamlessly
- Basic understanding of video formats and exports

Please provide a sample of similar work if available.","I need three video clips combined into one. Requirements: - Just straightforward cuts, no transitions needed. - Maintain original color, no correction or enhancement. Ideal Skills: - Experience with video editing software - Ability to merge clips sea"
Freelancer.com,Influencers Needed to Boost Engagement,https://www.freelancer.com/projects/influencer-marketing/influencers-needed-boost-engagement,50.0,50.0,USD,hourly,INFLUENCER MARKETING | Influencer Marketing | Social Media Marketing | Esports | Social Media Management | Content Marketing | Affiliate Marketing | Digital Marketing | Brand Management,Unknown,Unknown,"I’m growing an online community and want to spark real engangement . If you already speak to a sizeable audience—whether that’s on Instagram, YouTube, TikTok, or another active channel—I’d love to team up. our Niches are Esports and table tennis

The job is simple. You grab a referal link, people subscribe through your link you get paid $7.50 for each sign up [login to view URL] a free trial so it advertises itself","I’m growing an online community and want to spark real engangement . If you already speak to a sizeable audience—whether that’s on Instagram, YouTube, TikTok, or another active channel—I’d love to team up. our Niches are Esports and table tennis The "
Freelancer.com,Intestate Asset Distribution Specialist,https://www.freelancer.com/projects/legal-consultation/intestate-asset-distribution-specialist,250.0,750.0,USD,fixed,LEGAL CONSULTATION | Legal Consultation | Documentation | Conflict Resolution | Legal | Legal Research | Contracts | Legal Writing,Unknown,Unknown,"I'm seeking a professional to assist with probate document preparation, specifically for intestate matters. The primary task will be asset distribution.

Key Requirements:
- Prepare necessary probate documents for intestate cases.
- Assist in distributing assets according to legal guidelines.

Ideal Skills and Experience:
- Experience with probate law and intestate succession.
- Strong organizational and legal documentation skills.
- Ability to identify and work with heirs.","I'm seeking a professional to assist with probate document preparation, specifically for intestate matters. The primary task will be asset distribution. Key Requirements: - Prepare necessary probate documents for intestate cases. - Assist in distribu"
Freelancer.com,Crop Growth Data Analytics Tool,https://www.freelancer.com/projects/data-analytics/crop-growth-data-analytics-tool,750.0,1500.0,EUR,fixed,DATA ANALYTICS | Data Analytics | Software Development | Data Visualization | Predictive Analytics | Python | Machine Learning (ML) | Software Architecture | Java,Unknown,Unknown,"I'm seeking a skilled developer to create a comprehensive data analytics and monitoring platform focused on crop growth. This agricultural tech project aims to enhance the efficiency and productivity of crop cultivation through advanced data insights.

Key Requirements:
- Develop a user-friendly platform to monitor and analyze crop growth data.
- Integrate sensors and IoT devices for real-time data collection.
- Utilize machine learning algorithms to predict growth patterns and identify potential issues.
- Provide detailed visualizations and reports to aid decision-making.

Ideal Skills and Experience:
- Strong background in agricultural technology.
- Proficiency in data analytics and machine learning.
- Experience with IoT and sensor integration.
- Excellent software development skills.
- Ability to create intuitive user interfaces.

Please include relevant past work and a portfolio.",I'm seeking a skilled developer to create a comprehensive data analytics and monitoring platform focused on crop growth. This agricultural tech project aims to enhance the efficiency and productivity of crop cultivation through advanced data insights
Freelancer.com,WordPress E-Commerce Site Audit,https://www.freelancer.com/projects/woocommerce/wordpress-commerce-site-audit,10.0,150.0,USD,fixed,WOOCOMMERCE | WooCommerce | Website Audit | Website Optimization | Performance Tuning | WordPress | PHP | JavaScript | CSS,Unknown,Unknown,"My WooCommerce store is built on WordPress with the Porto theme, and I want a fresh, expert perspective on how it can work better. The two areas I need you to dig into are:

• User experience – I’ve had multiple reports of navigation difficulties. I need a clear diagnosis of what’s causing the slow loading times and a roadmap for speeding things up.

Please audit the live site using tools you trust (e.g., Google PageSpeed Insights, GTmetrix, Lighthouse, Query Monitor, Chrome DevTools). I’m interested not only in the raw scores but also in practical, prioritized recommendations that balance quick wins and longer-term fixes.

Deliverables 
1. A concise report summarising key findings. 
2. A prioritized action list with estimated effort or complexity for each item. 
3. Clarification of any critical issues that require immediate attention versus nice-to-have improvements.

Thank you 
Rudy","My WooCommerce store is built on WordPress with the Porto theme, and I want a fresh, expert perspective on how it can work better. The two areas I need you to dig into are: • User experience – I’ve had multiple reports of navigation difficulties. I n"
Freelancer.com,3D Product Prototype Rendering,https://www.freelancer.com/contest/d-product-prototype-rendering-2743227,0.0,0.0,Unknown,unknown,Browse Jobs | 3D CAD | 3D CAD | 3D Design | 3D Modelling | 3D Rendering | Blender | Blender 3D | View more | Projects,Unknown,Unknown,Unknown,"Render file. -Use Color as the color reference -For label, use KG and reference Laser"
Freelancer.com,Classic Architecture Firm Website Redesign,https://www.freelancer.com/projects/web-design/classic-architecture-firm-website,0.0,0.0,Unknown,fixed,WEB DESIGN | Web Design | Figma | Adobe XD | UI / User Interface | Graphic Design | Logo Design | Website Design | Photoshop | UX / User Experience | Website Development,Unknown,Unknown,"I’m ready to give my MEP Consulting firm’s site a fresh look that feels timeless and professional, without losing the brand identity clients already recognize. The single biggest objective is a stronger visual design, so every page should immediately convey the quality and precision we bring to our projects.

What I’m keeping
Our existing logo and brand color palette must remain intact. Everything else—imagery, spacing, hierarchy, subtle textures, even iconography—can be re-imagined as long as the final result looks cohesive with those colors.

Desired direction
• Overall mood: classic, refined, professional 
• Target audience: property developers, corporate clients, and municipal decision-makers 
• Platforms: desktop, tablet, and mobile (responsive behavior is non-negotiable)

Deliverables
1. High-fidelity mock-ups (home, portfolio, project detail, about, contact) in Figma or Adobe XD 
2. A lightweight style guide summarizing color usage, typography scale, and component states 
3. Handover package ready for developers—exportable assets, grid specs, and any custom CSS notes

Acceptance criteria
• Visual language dovetails with our retained logo/colors 
• Navigation stays intuitive on all breakpoints 
• Design passes basic accessibility checks (contrast AA or better) 
• Final files are fully editable

Please share links to architecture or engineering sites you’ve designed; seeing work in a similar sector will help me choose quickly. I’m looking forward to collaborating on an elegant redesign that elevates our firm’s online presence.","I’m ready to give my MEP Consulting firm’s site a fresh look that feels timeless and professional, without losing the brand identity clients already recognize. The single biggest objective is a stronger visual design, so every page should immediately"
Freelancer.com,House Interior Wall Framing Layout,https://www.freelancer.com/projects/2d-drafting/house-interior-wall-framing-layout,15.0,25.0,USD,hourly,2D DRAFTING | 2D Drafting | Construction | Home Design,Unknown,Unknown,"I’m ready to translate my new-build floor plan into a precise interior wall framing layout. The concept is a traditional room arrangement that clearly defines each space rather than an open plan. The finished design must show a living room, kitchen, and three separate bedrooms, with stud positions, door and window openings, and all critical dimensions called out so my framer can move straight from the drawings to the job site.

Please provide:

• Scaled floor-plan drawings (PDF + source file) showing every interior wall, clearly marked. 
• A framing legend or schedule that specifies stud size, spacing, header details, and any load-bearing notes. 
• A simple wall-count or materials take-off would be appreciated if it fits your workflow.

I’ll supply any additional measurements you request and will review one round of revisions to make sure the plan aligns with local code. If you have experience with common U.S. framing standards and can deliver clean, construction-ready drawings, I’d like to work together.","I’m ready to translate my new-build floor plan into a precise interior wall framing layout. The concept is a traditional room arrangement that clearly defines each space rather than an open plan. The finished design must show a living room, kitchen, "
Freelancer.com,Professional Corporate Information Website,https://www.freelancer.com/projects/web-development/professional-corporate-information,250.0,750.0,USD,fixed,WEB DEVELOPMENT | Web Development | UI / User Interface | UX / User Experience | Web Design | Website Design | HTML | Graphic Design | PHP | Website Development | Website Optimization,Unknown,Unknown,"We are looking for a skilled web developer to build and enhance a professional corporate information website for our company. The website structure is partially prepared, and we need an experienced developer to improve the design, add full functionality, and create a modern, user-friendly experience.

The final website should present our company professionally while making it easy for visitors to learn about our services and get in touch with us.

Required Website Sections
About Us
Services
Contact Us
Client Testimonials
Multiple Call-to-Action (CTA) sections
Additional pages or sections as needed
Responsibilities
Improve the overall visual design and layout
Develop responsive pages for desktop and mobile devices
Optimize user experience and navigation
Implement testimonial and contact features
Ensure fast loading speed and clean functionality
Make the website modern, professional, and easy to manage
Ideal Skills & Experience
Strong experience in corporate website development
Proficiency in modern web development tools and platforms
Good understanding of UI/UX best practices
Experience building responsive and visually appealing websites
Ability to communicate clearly and collaborate effectively
Attention to detail and problem-solving skills","We are looking for a skilled web developer to build and enhance a professional corporate information website for our company. The website structure is partially prepared, and we need an experienced developer to improve the design, add full functional"
Freelancer.com,Worldwide Compliance Audit for Trading Platform,https://www.freelancer.com/projects/compliance/worldwide-compliance-audit-for-trading,15.0,25.0,USD,hourly,COMPLIANCE | Compliance | AI Consulting | AI Development | AI Content Writing | Legal | Contracts | Legal Research | Legal Writing,Unknown,Unknown,"I am launching an online AI-driven service that delivers high-level insights on forex, commodities, equities, and crypto markets. The first drafts of my Terms of Service, Privacy Policy, Risk Disclosure, and Cookie Policy are ready, but I need a qualified lawyer to make sure every word stands up to scrutiny across the United States, the European Union, and the broader Asia-Pacific region.

Scope of work 
You will examine the current drafts, flag gaps, rewrite or annotate where needed, and prepare any additional clauses that a cross-border financial information platform must carry. In particular, I want airtight coverage for data privacy requirements (think GDPR, CCPA and their regional equivalents), consumer-protection language for digital services, and the financial-regulation touchpoints that arise when publishing market commentary or AI-generated signals.

Deliverables 
• Finalised Terms of Service 
• Finalised Privacy Policy 
• Updated Risk/Trading Disclaimer 
• Cookie Policy aligned with EU and US standards 
• A brief compliance memo summarising key laws referenced and practical maintenance tips 

Acceptance criteria 
All documents should be legally coherent, use clear plain-English wording fit for a global retail audience, and cite the relevant statutes or regulatory frameworks you relied on. Everything must be ready for publication without further edits.

Application guidance 
When you respond, focus on your direct experience handling cross-border fintech or market-data platforms. A concise overview of similar projects or jurisdictions you routinely cover is enough; no extensive proposal is necessary at this stage.","I am launching an online AI-driven service that delivers high-level insights on forex, commodities, equities, and crypto markets. The first drafts of my Terms of Service, Privacy Policy, Risk Disclosure, and Cookie Policy are ready, but I need a qual"
Freelancer.com,Commercial Jet Maintenance Hangar,https://www.freelancer.com/projects/3d-modelling/commercial-jet-maintenance-hangar,15.0,25.0,USD,hourly,3D MODELLING | 3D Modelling | 3D Rendering | 3D Visualization | Adobe Illustrator | AutoCAD | Building Architecture | Building Design | Exterior Design | Graphic Design | Interior Design,Unknown,Unknown,"Attached are floor plans and Elevations of this hangar.
Our clients is asking that we give this building some curb appeal/character.
I've also attached a picture of a plane showing the company's colors which can be applied on the exterior walls.
Let me know if you can help me with this project.
Thank you.",Attached are floor plans and Elevations of this hangar. Our clients is asking that we give this building some curb appeal/character. I've also attached a picture of a plane showing the company's colors which can be applied on the exterior walls. Let 
Freelancer.com,Complete GoHighLevel Dental Setup,https://www.freelancer.com/projects/go-high-level/complete-gohighlevel-dental-setup,0.0,0.0,Unknown,fixed,GOHIGHLEVEL | GoHighLevel | CRM | Automation | Lead Generation | Email Marketing | Digital Marketing | Twilio | Stripe | Funnel | Automation Codeless Program,Unknown,Unknown,"I need a seasoned GoHighLevel specialist to build out my entire agency account so I can roll out a turnkey SaaS solution for dental clinics across the USA and Canada.

Scope of work 
– Configure the agency settings, custom branding, domains and SaaS-mode plans. 
– Build a master dental sub-account that includes lead-gen funnels, pipelines, forms, calendars and CRM stages, then package it as a snapshot I can clone in minutes. 
– Create appointment-scheduling automations that send reminders, confirmations and easy reschedule links to patients. (“Automations” is the feature I value most here.) 
– Develop automation workflows that prioritise lead nurturing, moving every new lead from first opt-in to booked appointment with smart delays, conditional logic and clear reporting. 
– Set up SMS / email integrations, Twilio, Mailgun, Stripe billing, call tracking, reputation management, user permissions and HIPAA-friendly configurations. 
– Build reporting dashboards that make ROI easy to demonstrate.

Deliverables 
• Fully configured agency account, plus one reusable dental snapshot 
• At least three high-converting lead funnels with thank-you pages and tracking pixels installed 
• End-to-end lead-nurturing workflow tested (email, SMS, voicemail drop) 
• Automated appointment-reminder sequence tied to the calendar 
• Custom pipeline, tags and metrics dashboard 
• Loom walkthrough video and concise hand-over documentation

I’m ready to move quickly; show me examples of previous GoHighLevel builds—particularly for healthcare or multi-location clients—and let me know how soon you can have this live.","I need a seasoned GoHighLevel specialist to build out my entire agency account so I can roll out a turnkey SaaS solution for dental clinics across the USA and Canada. Scope of work – Configure the agency settings, custom branding, domains and SaaS-mo"
Freelancer.com,Legal Representation for Home Report Dispute,https://www.freelancer.com/projects/legal-consultation/legal-representation-for-home-report,700.0,1500.0,GBP,fixed,LEGAL CONSULTATION | Legal Consultation | Property Law | Litigation | Property Management | Legal | Legal Research | Employment Law | Report Writing | Legal Writing | Legal Analysis,Unknown,Unknown,"I need an experienced attorney to represent me in court against a surveyor regarding a Home Report. The report has a defective property condition, and I have photographs to support my claim. Also, I had a Level 3 carried out 15/01/2026

Key requirements:
- Legal expertise in property disputes
- Court representation experience
- Strong evidence handling and presentation skills

Ideal skills and experience:
- Background in real estate law
- Proven track record in similar cases
- Excellent communication and negotiation skills

Please include relevant experience in your bids.","I need an experienced attorney to represent me in court against a surveyor regarding a Home Report. The report has a defective property condition, and I have photographs to support my claim. Also, I had a Level 3 carried out 15/01/2026 Key requiremen"
Freelancer.com,Flutter-based ERP/Accounting Mobile App Code,https://www.freelancer.com/projects/dot-net/flutter-based-erp-accounting-mobile,250.0,750.0,USD,fixed,.NET | .NET | Accounting | Android | C# Programming | ERP | Flutter | Mobile App Development | SQLite,Unknown,Unknown,"Ready-Made Source Code Required for an Accounting / ERP Mobile Application (Android)

We are looking for a ready-made source code for a professional Accounting or ERP Mobile Application developed using Flutter, with a strong and scalable architecture suitable for future development and commercial use.

Technical Requirements:

- Developed using Flutter
- Supports Android platform
- Database support:
 - SQLite
 - SQL Server
- Clean and well-structured code (Clean Code)
- Following SOLID principles
- Built using Clean Architecture
- Clear layered project structure
- Easy to maintain and extend
- No complex or tightly coupled code
- Following best software engineering practices
- Preferred:
 - Repository Pattern
 - Professional State Management
 - Offline support

Required Features:

- Sales Management
- Purchase Management
- Inventory Management
- Customers & Suppliers Management
- Cash & Accounts Management
- Invoicing System
- Reports
- Users & Permissions Management

Required from Applicants:

- Send screenshots or demo video of the system
- Explain the technologies used
- Provide demo version if available
- Clarify whether the source code is complete and fully editable
- Explain the project structure and architecture
- Mention the requested price

Priority will be given to professional, scalable, and commercially usable source codes, not educational projects or poorly organized codebases.","Ready-Made Source Code Required for an Accounting / ERP Mobile Application (Android) We are looking for a ready-made source code for a professional Accounting or ERP Mobile Application developed using Flutter, with a strong and scalable architecture "
Freelancer.com,Modern Officer Announcement Graphic,https://www.freelancer.com/projects/adobe-illustrator/modern-officer-announcement-graphic,10.0,30.0,USD,fixed,ADOBE ILLUSTRATOR | Adobe Illustrator | Adobe Photoshop | Branding | Creative Design | Graphic Design | Logo Design | Photoshop | Illustrator | Visual Design | Digital Art,Unknown,Unknown,"I want to unveil our newly elected 2026–2027 officers with a fresh, modern graphic that feels distinctly “us.” The graphic’s look should lean creative rather than corporate or minimalist and, most importantly, stay within our established company colors for brand consistency. 

Here’s the core content you’ll be weaving into the design: each officer’s name paired with their role, displayed clearly and attractively. I can supply a high-resolution group photo that may work well as a subtle background layer—let me know if that fits your vision or if you prefer a clean canvas instead. I’ll also forward our logo files so you have flexibility to place the mark tastefully without overpowering the main information. 

You’ll deliver: 
• A polished, ready-to-post graphic (PNG or JPEG for web/social). 
• The editable source file (Adobe Illustrator or Photoshop) so future committees can update roles or colors easily. 

Once you indicate the exact dimensions and any additional assets you need—font preferences, officer list spreadsheet, brand guidelines—I’ll share them right away so you can jump straight into layout and styling. Looking forward to seeing your creative take on this announcement.","I want to unveil our newly elected 2026–2027 officers with a fresh, modern graphic that feels distinctly “us.” The graphic’s look should lean creative rather than corporate or minimalist and, most importantly, stay within our established company colo"
Freelancer.com,Modern Service Award Certificate Design,https://www.freelancer.com/projects/adobe-illustrator/modern-service-award-certificate-design,30.0,250.0,USD,fixed,ADOBE ILLUSTRATOR | Adobe Illustrator | Adobe Creative Cloud | Design | Visual Design | Graphic Design | Adobe InDesign | Illustrator | Brochure Design | Print Design,Unknown,Unknown,"I'm looking for a modern and clean design for a service awards certificate for our manufacturing company. The certificate should prominently feature our company logo. 

Ideal skills and experience:
- Strong graphic design skills
- Experience with certificate design
- Proficiency in design software (e.g., Adobe Illustrator, InDesign)
- Attention to detail and ability to create a professional, modern look
- 1 Day turnaround
- Editable design (we will need to insert years of service 5, 10, 15 etc, and recipient names)
- Signature space for - Executive Chairman and Founder
- Signature space for - Managing Director
- Elphinstone logo 
- Space for gold foil embossed custom stamp
- Portrait orientation 
- Incorporate company colours of black and yellow, while remaining light in colour
- Professional, similar to University graduate certificate design",I'm looking for a modern and clean design for a service awards certificate for our manufacturing company. The certificate should prominently feature our company logo. Ideal skills and experience: - Strong graphic design skills - Experience with certi
Freelancer.com,Bangalore Event Decor Lead Generation,https://www.freelancer.com/projects/lead-generation/bangalore-event-decor-lead-generation,0.0,0.0,Unknown,fixed,LEAD GENERATION | Lead Generation | Marketing | Social Media Marketing | Digital Marketing | Leads | Research | Data Entry | Sales,Unknown,Unknown,"I’m looking for a proactive marketer who can quickly fill my pipeline with fresh, verified leads for private-party décor in Bangalore. The sooner I can start talking to potential clients planning birthdays, anniversaries, baby showers, housewarmings and similar intimate celebrations, the better—speed is critical on this assignment.

Your task is to research, identify and deliver contact details for decision-makers who are actively seeking (or are very likely to need) event decoration services within the city. Online prospecting through social media groups, local listings, Instagram hashtags, LinkedIn searches, wedding portals that also cater to private parties, or any other clever channel you know will all work for me, as long as the leads are accurate and current.

When you send your bid, focus on your experience with lead generation or outreach in the Bangalore events market (or comparable local B2C niches). I don’t need a long proposal—just prove you’ve done this before and can move fast.

I’ll review responses immediately and want to kick things off as soon as we agree on a workable approach.","I’m looking for a proactive marketer who can quickly fill my pipeline with fresh, verified leads for private-party décor in Bangalore. The sooner I can start talking to potential clients planning birthdays, anniversaries, baby showers, housewarmings "
Freelancer.com,Minimal Edgy Logo for Ultramarathon,https://www.freelancer.com/projects/adobe-illustrator/minimal-edgy-logo-for-ultramarathon,250.0,750.0,USD,fixed,ADOBE ILLUSTRATOR | Adobe Illustrator | Vector Design | Branding | Visual Design | Logo Design | Graphic Design | Illustrator | Photoshop,Unknown,Unknown,"I’m launching a new line of ultra-running apparel and need a logo that feels instantly recognisable yet stays stripped-back and minimal. The mark will live on shirts, caps, and race vests, so it must read clearly at a glance, even when printed small or heat-pressed onto technical fabrics. 

I only want text—no icons or graphic flourishes—so the character shapes themselves have to carry the personality: edgy, athletic, and confident without becoming loud or busy. Clean negative space, sharp geometry and a balanced wordmark are what I’m after. Think more “can spot it on the course in a split-second” than “detailed illustration.”

You’ll hand over: 
• The final wordmark in vector format (AI / EPS) 
• Web-ready PNG and transparent SVG versions 
• A simple usage sheet showing colour, black, and white treatments 

Please create the artwork in Adobe Illustrator or an equivalent vector tool so I can scale it up for banners or down for neck labels without loss of quality. Once delivered, I’ll test the file on sublimation and screen-print mock-ups; if everything holds crisp and legible, the job is done.","I’m launching a new line of ultra-running apparel and need a logo that feels instantly recognisable yet stays stripped-back and minimal. The mark will live on shirts, caps, and race vests, so it must read clearly at a glance, even when printed small "
Freelancer.com,Expert Direct Marketer for Student Recruitment (Bangladesh Based),https://www.freelancer.com/projects/lead-generation/expert-direct-marketer-for-student,10.0,20.0,GBP,fixed,LEAD GENERATION | Lead Generation | Marketing Strategy | Digital Marketing | Email Marketing | Internet Marketing | Leads | Sales | Marketing,Unknown,Unknown,"Project Overview:
We are a UK-based company seeking a highly professional, results-driven direct marketing expert or agency. Your goal is to recruit genuine, qualified students (primarily from Bangladesh/Dhaka, but open globally) who wish to pursue higher education in the United Kingdom.
IMPORTANT: This is STRICTLY a performance-based partnership. We are not looking for general marketing, ad management, or raw lead generation. We do not pay for clicks, impressions, or a spreadsheet of unqualified names. We want actual, successful student enrollments.
Our Payment Structure:
Initial Payout: You will receive a small, fixed payment immediately upon a student’s successful admission and official enrollment into a UK university.
Prominent Bonus: You will receive a significant, high-value bonus extra once MRB Ventures receives the final commission from the university.
Core Responsibilities:
Generate high-quality inquiries from students genuinely interested in UK higher education.
Pre-screen and strictly qualify all candidates before handing them over to our team (must verify academic eligibility, valid IELTS/English test scores, and genuine financial maintenance funds).
Manage initial communications and follow-ups professionally in both English and the local language.
Ensure all student expectations align with current UK Student Visa regulations (including the recent rules regarding dependents).

If you are a true expert who delivers actual enrollments rather than empty metrics, please apply. In your proposal, tell us about your specific plan, how you gonna to do the job. Applications asking for upfront fees or hourly retainers will be ignored.","Note: We ares seeking experts from Bangladesh Only. Project Overview: We are a UK-based company seeking a highly professional, results-driven direct marketing expert or agency. Your goal is to recruit genuine, qualified students (primarily from Bangl"
Freelancer.com,Android Doordash Order Grabber App,https://www.freelancer.com/projects/android-app-development/android-doordash-order-grabber-app,250.0,750.0,USD,fixed,ANDROID APP DEVELOPMENT | Android App Development | API | Automation | Mobile Development | Android | Mobile App Development | Java | PHP,Unknown,Unknown,"I'm looking for an experienced mobile app developer to create an Android app that automatically accepts Doordash orders. 

Key features:
- Automatic order acceptance
- Android compatibility

Ideal skills and experience:
- Proficiency in Android app development
- Experience with automation tools and APIs
- Familiarity with Doordash platform and its operations

Please provide examples of similar work.",I'm looking for an experienced mobile app developer to create an Android app that automatically accepts Doordash orders. Key features: - Automatic order acceptance - Android compatibility Ideal skills and experience: - Proficiency in Android app deve
Freelancer.com,Forensic Handwriting Analysis for Will,https://www.freelancer.com/projects/case-study-writing/forensic-handwriting-analysis-for-will,750.0,1500.0,USD,fixed,CASE STUDY WRITING | Case Study Writing | Data Analysis | Document Checking | Forensic Consulting | Legal Consultation | Legal Research | Legal Writing | Report Writing | Research | Risk Assessment,Unknown,Unknown,"I need a qualified forensic handwriting analyst to verify the authenticity of a holographic will for a probate case. 

My friend died over the weekend and I ma going to petition the probate court to be appointed as Executor since I am her sole devisee. 

I am looking for a report to verify the authenticity of the will. Normally, two family members would provide affidavits but she has no family.

In the alternative, I can petition to be appointed as special administrator for the limited purpose of accessing her personal belongings in order to provide more handwriting samples to verify the authenticity of the handwritten will. 

Requirements:
- Expertise in document authenticity analysis
- Experience with wills and legal documents
- Detailed reporting on findings

Ideal Skills:
- Forensic handwriting analysis certification
- Background in legal investigations
- Strong analytical and observational skills",I need a qualified forensic handwriting analyst to verify the authenticity of a holographic will for a probate case. My friend died over the weekend and I ma going to petition the probate court to be appointed as Executor since I am her sole devisee.
Freelancer.com,High-End Event Planner Logo Design - 19/05/2026 19:22 EDT,https://www.freelancer.com/contest/highend-event-planner-logo-design-edt-2742786,0.0,0.0,Unknown,unknown,Browse Jobs | Adobe Illustrator | Adobe Illustrator | Adobe Photoshop | Branding | Business Card Design | Graphic Design | View more | Projects,Unknown,Unknown,Unknown,"Project Title: Luxury Modern Logo Design for High-End Event Planning Company Project Description: I am looking for a professional logo designer to create a luxury, modern logo for my event planning company Le Prestige Events. Le Prestige Events is a "
Freelancer.com,Revit Residential Detail Design,https://www.freelancer.com/projects/revit/revit-residential-detail-design,8.0,30.0,EUR,fixed,REVIT | Revit | Revit Architecture | 3D Modelling | 3D Rendering | Building Architecture | AutoCAD | Interior Design | Autodesk Revit,Unknown,Unknown,"I am developing a residential project in Revit and have reached the stage where precise detailing is essential. The core model is already laid out; what I now require is thorough structural and interior design refinement directly inside Revit Architecture.

Scope 
• Structural design: add beams, columns, foundations and connections to a level ready for permit drawings and clash-free coordination. 
• Interior design: complete wall, ceiling and millwork build-ups, finish schedules, fixture placement and any custom families needed for kitchens, bathrooms and built-ins. 

Deliverables 
1. Updated Revit (.rvt) file with all structural and interior elements fully modeled and properly categorized. 
2. Sheet set including plans, sections, elevations and at least three enlarged details illustrating key connections and interiors. 
3. Schedules for finishes, doors, windows and structural components. 
4. A brief summary of any custom families created and where they are used.

Acceptance criteria 
– Model opens error-free in Revit 2022 or later. 
– No category warnings or unconnected elements. 
– Sheets print to A1 at 1:100 / 1:20 scales with correct title-blocks. 
– All schedules cross-check against visible model elements.

Please base the work on standard North American building practice unless otherwise requested, and keep file naming clean for version control.",I am developing a residential project in Revit and have reached the stage where precise detailing is essential. The core model is already laid out; what I now require is thorough structural and interior design refinement directly inside Revit Archite
Freelancer.com,Custom AOSP ROM Development,https://www.freelancer.com/projects/android-app-development/custom-aosp-rom-development,0.0,0.0,Unknown,fixed,ANDROID APP DEVELOPMENT | Android App Development | Mobile Development | Android SDK | Android Studio | Android | Mobile App Development | Java | PHP,Unknown,Unknown,"Here is a stronger and much more technically precise version that will attract actual Android systems developers instead of generic app developers.

Custom Android AOSP ROM Development (Advanced Isolation + Framework Customization)

I am looking for an experienced Android systems developer to build a custom Android ROM based on AOSP for a Realme C21Y (Unisoc/SPD platform).

This is not a standard Android app project. I need deep framework-level Android customization focused on:

* custom app isolation architecture
* framework-level service modification
* privacy-focused system design
* advanced multi-user environment behavior
* custom location/system service behavior
* telemetry reduction and system optimization

The ROM should prioritize:

* stability
* clean architecture
* performance
* modularity
* privacy-focused behavior

Main Requirements

Core ROM Features

* Build and maintain custom AOSP-based ROM
* Multi-user isolation enhancements
* Framework-level customization of Android system services
* Performance optimization for target hardware
* Stable rooted environment compatibility

Framework Modifications

Experience modifying:

* LocationManagerService
* PackageManagerService
* AppOps
* Sensor framework
* Binder IPC related services
* system_server behavior

Custom Features

* Custom app isolation behavior
* Selective package visibility filtering
* Per-app permission restriction logic
* Framework-level location virtualization concepts
* Background service stability improvements
* Optional custom settings/configuration panel

Root/Hooking Compatibility

Knowledge of:

* KernelSU/APatch
* Zygisk
* LSPosed/Xposed architecture
* Android runtime hooking concepts

Security / Privacy

Strong understanding of:

* Android security model
* SELinux policy
* Android multi-user architecture
* Privacy-focused Android design
* Telemetry reduction strategies

Preferred Skills

Developer should ideally have experience with:

* AOSP compilation
* Device trees/vendor blobs
* Custom ROM development
* Android internals
* Linux kernel basics
* SELinux
* Binder IPC
* Android framework engineering
* Performance optimization
* System-level debugging

Deliverables

* Bootable ROM image
* Source code/modification documentation
* Flashing instructions
* Recovery/rollback instructions
* Stable update path
* Documentation of framework modifications

Important

Please apply only if you have real experience with:

* AOSP/framework development
* custom ROM engineering
* Android system internals

This project requires systems-level Android knowledge, not standard Android app development.

Please provide:

* examples of previous ROM/framework work
* GitHub/GitLab if available
* experience with AOSP or custom Android systems
* devices/platforms previously supported",Custom Android AOSP ROM Development (Advanced Isolation + Framework Customization) I am looking for an experienced Android systems developer to build a custom Android ROM based on AOSP for a Realme C21Y (Unisoc/SPD platform). This is not a standard A
Freelancer.com,WordPress Layout & Color Revamp,https://www.freelancer.com/projects/web-design/wordpress-layout-color-revamp,10.0,30.0,USD,fixed,WEB DESIGN | Web Design | WordPress Design | UI / User Interface | UX / User Experience | WordPress | HTML | CSS | PHP,Unknown,Unknown,"My WordPress site needs a fresh visual update focused purely on design. I already have clear references for the look I’m after and will share them the moment we start. The scope is two-fold: 

• Restructure the current page layout so content flows more intuitively on desktop, tablet, and mobile. 
• Replace the existing color palette with the one from my references, applying it consistently to backgrounds, buttons, links, and any theme accents.

Typography will stay as is, so you can concentrate on layout blocks, theme settings, and CSS color variables without touching font files. Please work within the current theme (no rebuild), keep all plugins and functionality intact, and test changes across the latest versions of Chrome, Safari, Firefox, and Edge.

Deliverables:
1. Updated theme files or a child-theme with the new layout and color scheme. 
2. A brief changelog so I can track what was modified. 
3. Confirmation that the site remains responsive and error-free after the update.

If this sounds straightforward, let’s get started—I’m ready to provide the design references right away.",My WordPress site needs a fresh visual update focused purely on design. I already have clear references for the look I’m after and will share them the moment we start. The scope is two-fold: • Restructure the current page layout so content flows more
Freelancer.com,"Site Verification in Surat Thani, Thailand",https://www.freelancer.com/projects/photography/site-verification-surat-thani-thailand,10.0,20.0,USD,fixed,PHOTOGRAPHY | Photography | Local Job | Inspections | Business Analysis | Travel Ready,Unknown,Unknown,"Confirmis ([login to view URL]) is a Singapore-based business information provider specializing in connecting businesses with global capabilities; comprised of industry veterans, Confirmis's business model is designed to overcome perennial lack of data (let alone quality data) to support effective decision-making, particularly in developing economies.

As a Site Verifier, you will be responsible for verifying a residence existence through visual data by conducting a site visit to ensure that we provide reliable and accurate information to our client.

JOB DESCRIPTION:
• Take pictures of the residence and its vicinity per Confirmis’ standard operating guidelines.
• Take picture of the surrounding area and provide observation about the residence

REQUIREMENTS:
• Must be living in (or nearby) Cholokrat Road, Makhamtia Subdistrict, Mueang Surat Thani District, Surat Thani Province, TH 
• Has a camera or phone/tablet of quality with a camera, internet access
• Must be available during business hours (9 AM - 4 PM) on working days

Please see the attached file for the site visit guidelines. You are only required to deliver the pictures, video & observations and are not expected to assemble a report like the Sample Report.

Note:
- 1 city can only be taken by one freelancer (on a first-come, first-served basis)
- The milestone will be released the following week (Monday) after the site visit to give us time to organize the report and contact you if we need additional clarification.","Confirmis () is a Singapore-based business information provider specializing in connecting businesses with global capabilities; comprised of industry veterans, Confirmis's business model is designed to overcome perennial lack of data (let alone quali"
Freelancer.com,Large Pavilion Material Takeoff,https://www.freelancer.com/projects/construction/large-pavilion-material-takeoff,10.0,30.0,USD,fixed,CONSTRUCTION | Construction | Excel | Building Design | Building Engineering | AutoCAD | CAD/CAM | Building Architecture | Civil Engineering,Unknown,Unknown,"The PDF drawings for my pavilion—well over 400 sq ft—are ready, and I now need a precise, purchase-ready material takeoff. Every stick of lumber called out in the plans must be specified as pine, and all anchors, straps, and connectors must reference the exact Simpson Strong-Tie part numbers the plans require. There are several custom structural details in the drawings, so the list has to capture those non-standard members and any associated hardware rather than defaulting to generic items.

Please work directly from the PDFs, pull every beam, post, rafter, purlin, joist hanger, bolt, screw, and piece of hardware, and summarise them in an organised spreadsheet or marked-up table. Quantities, dimensions, grades, and manufacturer SKUs should be crystal-clear so I can hand the sheet straight to my supplier without back-and-forth clarification. 

Deliverables 
• Complete bill of materials grouped by category (lumber, Simpson Strong-Tie hardware, fasteners, roofing layer, miscellaneous) 
• Reference column tying each item back to the drawing sheet/detail number 
• File format: Excel or Google Sheet, plus a PDF export for quick viewing 

I will forward the PDFs the moment we start; accuracy and alignment with the unique features shown in those drawings are the success criteria.","The PDF drawings for my pavilion—well over 400 sq ft—are ready, and I now need a precise, purchase-ready material takeoff. Every stick of lumber called out in the plans must be specified as pine, and all anchors, straps, and connectors must reference"
Freelancer.com,Nursing Essay Level 7,https://www.freelancer.com/projects/academic-writing/nursing-essay-level,20.0,250.0,GBP,fixed,ACADEMIC WRITING | Academic Writing | Essay Writing | Public Health | Research Writing | Report Writing | Research | Technical Writing | Medical Writing,Unknown,Unknown,"I need a comprehensive Level 7 nursing essay. The topic and specific guidelines will be provided upon selection. 

Requirements: 
- In-depth understanding of advanced nursing concepts 
- Strong analytical and critical thinking skills 
- Ability to construct well-organized essays with clear arguments 
- Proficiency in Harvard referencing 

Ideal Skills and Experience: 
- Advanced degree in nursing or related field 
- Experience in academic writing at Level 7 
- Familiarity with current healthcare policies and ethical issues in nursing 

Please provide samples of previous Level 7 nursing essays.

2500 WORDS .",I need a comprehensive Level 7 nursing essay. The topic and specific guidelines will be provided upon selection. Requirements: - In-depth understanding of advanced nursing concepts - Strong analytical and critical thinking skills - Ability to constru
Freelancer.com,"Site Verification in Nonthaburi, Thailand",https://www.freelancer.com/projects/photography/site-verification-nonthaburi-thailand,10.0,15.0,USD,fixed,PHOTOGRAPHY | Photography | Local Job | Inspections | Travel Ready | Business Analysis,Unknown,Unknown,"Confirmis ([login to view URL]) is a Singapore-based business information provider specializing in connecting businesses with global capabilities; comprised of industry veterans, Confirmis's business model is designed to overcome perennial lack of data (let alone quality data) to support effective decision-making, particularly in developing economies.

As a Site Verifier, you will be responsible for verifying a residence existence through visual data by conducting a site visit to ensure that we provide reliable and accurate information to our client.

JOB DESCRIPTION:
• Take pictures of the residence and its vicinity per Confirmis’ standard operating guidelines.
• Take picture of the surrounding area and provide observation about the residence

REQUIREMENTS:
• Must be living in (or nearby) the following addresses (you may choose one or more)
1. Soi Tonsan 5, Chaengwattana Road, Pakkret Subdistrict, Pakkret District, Nonthaburi, TH
2. Pimolraj Subdistrict, Bang Bua Thong District, Nonthaburi Province, TH
• Has a camera or phone/tablet of quality with a camera, internet access
• Must be available during business hours (9 AM - 4 PM) on working days

Please see the attached file for the site visit guidelines. You are only required to deliver the pictures, video & observations and are not expected to assemble a report like the Sample Report.

Note:
- 1 city can only be taken by one freelancer (on a first-come, first-served basis)
- The milestone will be released the following week (Monday) after the site visit to give us time to organize the report and contact you if we need additional clarification.","Confirmis () is a Singapore-based business information provider specializing in connecting businesses with global capabilities; comprised of industry veterans, Confirmis's business model is designed to overcome perennial lack of data (let alone quali"
Freelancer.com,Draw two draw.io / app.diagrams.net flowcharts in a video (Windows makes) with written Description,https://www.freelancer.com/projects/draw-io/draw-two-draw-app-diagrams,15.0,20.0,USD,fixed,DRAW.IO | Draw.io | Flow Charts,Unknown,Unknown,"Attached are 2 jpegs that I want to learn how to draw using the [login to view URL] application.

1. Write up the detailed descriptions of how you will do each.
2. Create them in two videos.
3. Copy into (1) the time in each video that each step in (1) is occurring.

If you need a way to create a video of your screen, windows will:

1. Start the [login to view URL] app.
2. Hold down the windows key and the Alt key. 
3. Tap the R key.
4. A Red square will appear in the upper right corner of your screen indicating that a video is being made.
5. When you finish click the white square to stop the video creation.
6. In File Explorer on the left side above windows (C:) is “Videos”. Click Videos, then click ""Captures”. The last video made will be the [login to view URL] video.

To apply please send a sample of a [login to view URL] flowchart you have made most similar to my two jpegs and tell me the next prime number after 13.

Charlie",Attached are 2 jpegs that I want to learn how to draw using the application. 1. Write up the detailed descriptions of how you will do each. 2. Create them in two videos. 3. Copy into (1) the time in each video that each step in (1) is occurring. If y
Freelancer.com,Muslim Marriage App and Website Development,https://www.freelancer.com/projects/app-development/muslim-marriage-app-website-development,250.0,750.0,GBP,fixed,APP DEVELOPMENT | App Development | Web Development | UI / User Interface | iOS Development | iPhone | Mobile App Development | Android | Graphic Design | Website Design | Mobile Development,Unknown,Unknown,"Hello,

Would like an full app development for a Muslim marriage match making app - Similar to Muzz dating app, [login to view URL] 

Additional I would like website representing similar - [login to view URL]

Please come back with a full proposal and quote.

Kind regards.
Asy","Hello, Would like an full app development for a Muslim marriage match making app - Similar to Muzz dating app, Additional I would like website representing similar - Please come back with a full proposal and quote. Kind regards. Asy"
Freelancer.com,"Site Verification in Bangkok (Lak Si, Bueng Kum, Saphan Sung Districts), Thailand",https://www.freelancer.com/projects/photography/site-verification-bangkok-lak-bueng,10.0,15.0,USD,fixed,PHOTOGRAPHY | Photography | Local Job | Inspections | Travel Ready | Business Analysis,Unknown,Unknown,"Confirmis ([login to view URL]) is a Singapore-based business information provider specializing in connecting businesses with global capabilities; comprised of industry veterans, Confirmis's business model is designed to overcome perennial lack of data (let alone quality data) to support effective decision-making, particularly in developing economies.

As a Site Verifier, you will be responsible for verifying a residence existence through visual data by conducting a site visit to ensure that we provide reliable and accurate information to our client.

JOB DESCRIPTION:
• Take pictures of the residence and its vicinity per Confirmis’ standard operating guidelines.
• Take picture of the surrounding area and provide observation about the residence

REQUIREMENTS:
• Must be living in (or nearby) the following addresses (you may choose one or more)
1. Vista Park Village, Vibhavadi 2 Road, Vibhavadi Rangsit, Talat Bang Khen Subdistrict, Lak Si District, Bangkok, TH
2. Nawamin Road, Khlong Kum Subdistrict, Bueng Kum District, Bangkok, Thailand
3. Ramkhamhaeng Road, Rat Phatthana Subdistrict, Saphan Sung District, Bangkok, TH
• Has a camera or phone/tablet of quality with a camera, internet access
• Must be available during business hours (9 AM - 4 PM) on working days

Please see the attached file for the site visit guidelines. You are only required to deliver the pictures, video & observations and are not expected to assemble a report like the Sample Report.

Note:
- 1 city can only be taken by one freelancer (on a first-come, first-served basis)
- The milestone will be released the following week (Monday) after the site visit to give us time to organize the report and contact you if we need additional clarification.","Confirmis () is a Singapore-based business information provider specializing in connecting businesses with global capabilities; comprised of industry veterans, Confirmis's business model is designed to overcome perennial lack of data (let alone quali"
Freelancer.com,AI Padel Coaching Mobile App MVP – React Native / Flutter,https://www.freelancer.com/projects/ai-hw-sw/padel-tennis-coaching-platform,250.0,1000.0,GBP,fixed,AI (ARTIFICIAL INTELLIGENCE) HW/SW | AI (Artificial Intelligence) HW/SW | React Native | Video Processing | AI Development | AngularJS | PHP | Node.js | JavaScript,Unknown,Unknown,"Overview:

I’m building a mobile-first AI sports coaching platform for padel tennis that combines:

* AI-powered video analysis of player matches
* Human coach feedback system
* Booking system for coaching sessions
* Player progress tracking over time

This is an MVP stage project, but it must be built with a scalable architecture for future AI expansion.

I am looking for a serious full-stack mobile developer or small team with experience in:

* React Native (or Flutter if strongly justified)
* Backend development (Firebase / Supabase / Node.js)
* Video processing workflows
* Basic AI / computer vision integration (or ability to implement APIs)

⸻

Core MVP Features:

1. User App (Mobile)

* User registration / login
* Upload padel match videos (from phone)
* View AI-generated analysis report
* View coach feedback
* Booking coaching sessions

⸻

2. Video Analysis System (MVP version)

Initial version does NOT need full custom AI model.

Acceptable approach:

* Video upload → backend processing
* Frame extraction (ffmpeg or similar)
* AI-generated insights via API (OpenAI or similar vision-capable model)
* Output structured feedback:
 * positioning mistakes
 * shot selection issues
 * tactical advice
 * 2–3 drills for improvement

Important: system must be built so AI layer can be improved later.

⸻

3. Coaching Booking System

* Calendar-based booking (availability slots)
* Stripe payments integration
* Coach assignment system (simple version)

⸻

4. Admin Panel (Basic)

* View users
* View uploaded videos
* View coaching bookings
* Manage pricing

⸻
Technical Requirements:

You MUST have experience in:

* React Native or Flutter production apps
* Backend APIs (Node.js / Firebase / Supabase)
* Stripe integration
* File/video upload systems
* Working with AI APIs (OpenAI, vision models, or similar)

Bonus (strong advantage):

* Experience with sports analytics apps
* Video processing pipelines (ffmpeg, cloud storage)
* AI agent workflows or automation systems

⸻

Important Notes:

* This is NOT a UI-only project
* This is NOT a simple CRUD app
* You must be able to design scalable architecture
* You must be comfortable working with ambiguous AI requirements
* Clean, modular code is essential (this will scale into a startup)

⸻

Deliverables:

1. Fully working mobile MVP (iOS + Android)
2. Backend API + database setup
3. Video upload + processing pipeline
4. AI feedback system (API-based acceptable for MVP)
5. Booking + Stripe payment system
6. Basic admin dashboard
7. Deployment setup

⸻

Budget:

Open to proposals.

Please break down:

* MVP cost
* Timeline (weeks, not months)
* Tech stack recommendation

I am prioritising:

* Quality architecture
* Fast MVP delivery
* Scalability for AI expansion

⸻

To Apply, please include:

1. Examples of apps you’ve built (especially mobile apps)
2. Any experience with video processing or AI APIs
3. Your recommended tech stack for this project
4. Rough timeline + cost estimate
5. One suggestion on how you would improve this product

⸻

Generic proposals will be ignored.

I am specifically looking for developers who understand:

* product thinking
* scalable architecture
* AI integration potential",Overview: I’m building a mobile-first AI sports coaching platform for padel tennis that combines: * AI-powered video analysis of player matches * Human coach feedback system * Booking system for coaching sessions * Player progress tracking over time 
Freelancer.com,Professional Motion Graphics Animation,https://www.freelancer.com/projects/2d-animation/professional-motion-graphics-animation,250.0,750.0,USD,fixed,2D ANIMATION | 2D Animation | 3D Animation | After Effects | Animation | Cinema 4D | Motion Graphics | Video Editing | Video Production,Unknown,Unknown,"I'm looking for a skilled motion graphics animator to create a 1 minute and 30 second video. The animation should be professional in tone and completed within 3 weeks.

Ideal Skills and Experience:
- Proficiency in motion graphics software (e.g., After Effects, Cinema 4D)
- Strong portfolio showcasing professional animations
- Ability to meet deadlines and communicate effectively
- Experience in creating engaging, professional content

Please provide samples of previous work and a brief outline of your approach to the project.","I'm looking for a skilled motion graphics animator to create a 1 minute and 30 second video. The animation should be professional in tone and completed within 3 weeks. Ideal Skills and Experience: - Proficiency in motion graphics software (e.g., Afte"
Freelancer.com,Cermetek Website & Database Rescue,https://www.freelancer.com/projects/html/cermetek-website-database-rescue,50.0,50.0,USD,hourly,HTML | HTML | Website Management,Unknown,Unknown,"The DB/Webiste developer disappeared and left little documentation. We
urgently need to be able to access and modify both. A descripiption of the
scope of the project is attacched to this message. Please review it
and let me know if you are interested.",The DB/Webiste developer disappeared and left little documentation. We urgently need to be able to access and modify both. A descripiption of the scope of the project is attacched to this message. Please review it and let me know if you are intereste
Mostaqel.com,كتابة تقرير وحدة الدراسات العليا والبحث العلمي,https://mostaql.com/project/1242405-%D9%83%D8%AA%D8%A7%D8%A8%D8%A9-%D8%AA%D9%82%D8%B1%D9%8A%D8%B1-%D9%88%D8%AD%D8%AF%D8%A9-%D8%A7%D9%84%D8%AF%D8%B1%D8%A7%D8%B3%D8%A7%D8%AA-%D8%A7%D9%84%D8%B9%D9%84%D9%8A%D8%A7-%D9%88%D8%A7%D9%84%D8%A8%D8%AD%D8%AB-%D8%A7%D9%84%D8%B9%D9%84%D9%85%D9%8A,50.0,100.0,USD,fixed,الكتابة على الإنترنت | الكتابة الإبداعية | التدقيق اللغوي | تدقيق حسابات | التدوين | تصحيح إملائي | كتابة المحتوى | كتابة مقالات | تنسيق الكتب,Unknown,2026-05-20 22:02:32,السلام عليكم ورحمة الله وبركاته,Unknown
Mostaqel.com,انشاء موقع لمطعم متخصص في الاكلات البحرية,https://mostaql.com/project/1225266-%D8%A7%D9%86%D8%B4%D8%A7%D8%A1-%D9%85%D9%88%D9%82%D8%B9-%D9%84%D9%85%D8%B7%D8%B9%D9%85-%D9%85%D8%AA%D8%AE%D8%B5%D8%B5-%D9%81%D9%8A-%D8%A7%D9%84%D8%A7%D9%83%D9%84%D8%A7%D8%AA-%D8%A7%D9%84%D8%A8%D8%AD%D8%B1%D9%8A%D8%A9,250.0,500.0,USD,fixed,برمجة | إنشاء موقع إلكتروني | Front End | Back End | تطوير البرمجيات,Unknown,2026-05-20 21:56:03,أبحث عن مطور محترف لتنفيذ موقع إلكتروني احترافي لمطعم، يعرض المنيو والخدمات بشكل جذاب وسهل الاستخدام.,Unknown
Mostaqel.com,مبرمج تطبيقات,https://mostaql.com/project/1242233-%D9%85%D8%A8%D8%B1%D9%85%D8%AC-%D8%AA%D8%B7%D8%A8%D9%8A%D9%82%D8%A7%D8%AA,500.0,1000.0,USD,fixed,برمجة التطبيقات | تطوير التطبيقات | اختبار تطبيقات الجوال | إنشاء تطبيق | واجهة برمجة التطبيقات | تصميم تطبيقات,Unknown,2026-05-20 21:36:21,"مطلوب مطور لبناء تطبيق وموقع لإدارة ""ردود الشاحنات"" وتوثيقها بالصور حسب نوع النشاط مع نظام تقارير",Unknown
Mostaqel.com,تطبيقات احصائية في تدريس العلوم,https://mostaql.com/project/1242402-%D8%AA%D8%B7%D8%A8%D9%8A%D9%82%D8%A7%D8%AA-%D8%A7%D8%AD%D8%B5%D8%A7%D8%A6%D9%8A%D8%A9-%D9%81%D9%8A-%D8%AA%D8%AF%D8%B1%D9%8A%D8%B3-%D8%A7%D9%84%D8%B9%D9%84%D9%88%D9%85,25.0,50.0,USD,fixed,التحليل الإحصائي | تدريس خصوصي | تدريب عن بعد | النظام الإحصائي SPSS | الإحصاء,Unknown,2026-05-20 21:33:17,اريد مدرسـ/ ـة تعليم تطبيقات احصائية في تدريس العلوم - باحثة دكتوراة واريد توجيهات حول بعض الاستفسارات مثل برنامج spss-,Unknown
Mostaqel.com,تصميم متجر إلكتروني على منصة زد,https://mostaql.com/project/1242386-%D8%AA%D8%B5%D9%85%D9%8A%D9%85-%D9%85%D8%AA%D8%AC%D8%B1-%D8%A5%D9%84%D9%83%D8%AA%D8%B1%D9%88%D9%86%D9%8A-%D8%B9%D9%84%D9%89-%D9%85%D9%86%D8%B5%D8%A9-%D8%B2%D8%AF,50.0,100.0,USD,fixed,تصميم موقع إلكتروني | برمجة مواقع | CSS | جافا سكريبت | التجارة الإلكترونية | منصة زد | إنشاء متجر إلكتروني | تصميم متجر إلكتروني,Unknown,2026-05-20 20:52:19,تصميم متجر على منصة زد,Unknown
Mostaqel.com,جمع وتنظيم منيوهات مطاعم محددة,https://mostaql.com/project/1242393-%D8%AC%D9%85%D8%B9-%D9%88%D8%AA%D9%86%D8%B8%D9%8A%D9%85-%D9%85%D9%86%D9%8A%D9%88%D9%87%D8%A7%D8%AA-%D9%85%D8%B7%D8%A7%D8%B9%D9%85-%D9%85%D8%AD%D8%AF%D8%AF%D8%A9,50.0,100.0,USD,fixed,مايكروسوفت إكسل | البحث على الإنترنت | إدخال بيانات | تخزين البيانات | استخراج البيانات | web scraping,Unknown,2026-05-20 20:51:19,مطلوب شخص لجمع وتنظيم منيوهات مطاعم محددة ١٥ مطعم وتحليل الأسعار,Unknown
Mostaqel.com,مدير حملات اعلانية,https://mostaql.com/project/1242394-%D9%85%D8%AF%D9%8A%D8%B1-%D8%AD%D9%85%D9%84%D8%A7%D8%AA-%D8%A7%D8%B9%D9%84%D8%A7%D9%86%D9%8A%D8%A9,250.0,500.0,USD,fixed,التسويق عبر الإنترنت | التسويق الإلكتروني | التسويق عبر مواقع التواصل الاجتماعي | التسويق عبر محركات البحث | إدارة التسويق | جوجل أدسنس | إعلانات جوجل | إدارة حسابات التواصل الاجتماعي,Unknown,2026-05-20 20:50:03,شخص متفرغ لادارة حملات التسويق عبر منصات التواصل,Unknown
Mostaqel.com,كتابة محتوى إحترافي سعودي,https://mostaql.com/project/1242392-%D9%83%D8%AA%D8%A7%D8%A8%D8%A9-%D9%85%D8%AD%D8%AA%D9%88%D9%89-%D8%A5%D8%AD%D8%AA%D8%B1%D8%A7%D9%81%D9%8A-%D8%B3%D8%B9%D9%88%D8%AF%D9%8A,50.0,100.0,USD,fixed,كتابة المحتوى | الكتابة الإبداعية | كتابة محتوى سوشيال ميديا | التسويق بالمحتوى | إدارة المحتوى | إعادة صياغة المحتوى,Unknown,2026-05-20 20:49:00,احتاج محترف لكتابة محتوى اعلاني للسوشال ميديا و وضع خطه المحتوى لمتجر الكتروني في السعودية يشترط ان يكون خبرة في كتابه المحتوى وان يكون المحتوى بلهجه السعودية ولغه عربية فحصى,Unknown
Mostaqel.com,مصمم محترف,https://mostaql.com/project/1242391-%D9%85%D8%B5%D9%85%D9%85-%D9%85%D8%AD%D8%AA%D8%B1%D9%81,50.0,100.0,USD,fixed,تصميم جرافيك | التصميم الإبداعي | تصميم إعلان | Adobe Illustrator | الفكرة التصميمية | فوتوشوب | تصميم بنرات | تصميمات سوشيال ميديا | تصميم بوستات سوشيال ميديا,Unknown,2026-05-20 20:47:53,أحتاج مصمم خبير وشغله نظيف ومريح للعين,Unknown
Mostaqel.com,مدخل بيانات,https://mostaql.com/project/1242389-%D9%85%D8%AF%D8%AE%D9%84-%D8%A8%D9%8A%D8%A7%D9%86%D8%A7%D8%AA,50.0,100.0,USD,fixed,إدخال بيانات | تدقيق حسابات | مايكروسوفت إكسل | إدارة المتاجر الإلكترونية | ووكومرس | تطوير قاعدة بيانات | استخراج البيانات | تخزين البيانات,Unknown,2026-05-20 20:33:36,مطلوب شخص يقوم بتجميع بيانات و وضعها في اكسل,Unknown
Mostaqel.com,مهندس ميكانيك / مصمم صناعي لتصميم مركبة رباعية هجينة (بدالات + كهرباء) للتصنيع.,https://mostaql.com/project/1242388-%D9%85%D9%87%D9%86%D8%AF%D8%B3-%D9%85%D9%8A%D9%83%D8%A7%D9%86%D9%8A%D9%83-%D9%85%D8%B5%D9%85%D9%85-%D8%B5%D9%86%D8%A7%D8%B9%D9%8A-%D9%84%D8%AA%D8%B5%D9%85%D9%8A%D9%85-%D9%85%D8%B1%D9%83%D8%A8%D8%A9-%D8%B1%D8%A8%D8%A7%D8%B9%D9%8A%D8%A9-%D9%87%D8%AC%D9%8A%D9%86%D8%A9-%D8%A8%D8%AF%D8%A7%D9%84%D8%A7%D8%AA-%D9%83%D9%87%D8%B1%D8%A8%D8%A7%D8%A1-%D9%84%D9%84%D8%AA%D8%B5%D9%86%D9%8A%D8%B9,100.0,250.0,USD,fixed,الهندسة الميكانيكية | الهندسة | تصميم 3D | تجسيد 3D | تصميم نماذج 3D,Unknown,2026-05-20 20:33:09,السلام عليكم، أبحث عن مهندس ميكانيك أو مصمم صناعي محترف لديه خبرة في تصميم المركبات وخلفية ممتازة في برامج التصميم الهندسي (يفضل SolidWorks أو Autodesk Inventor).,Unknown
Mostaqel.com,مصمم محترف لتصميم بوستات,https://mostaql.com/project/1242387-%D9%85%D8%B5%D9%85%D9%85-%D9%85%D8%AD%D8%AA%D8%B1%D9%81-%D9%84%D8%AA%D8%B5%D9%85%D9%8A%D9%85-%D8%A8%D9%88%D8%B3%D8%AA%D8%A7%D8%AA,100.0,250.0,USD,fixed,تصميم جرافيك | فوتوشوب | تصميم إعلان | تصميم شعار | تعديل الصور | Adobe Illustrator | تصميم بوسترات | البحث على الإنترنت | تصميم ملصقات المنتجات | صناعة فيديو إعلاني | تصميم فيديو,Unknown,2026-05-20 20:30:27,احتاج مصمم محترف لتصميم بوستات بصيغه الريلز و البوست لمشروع مغسلة سيارات,Unknown
Mostaqel.com,حملة إعلانية وتصميم فيديو إعلاني,https://mostaql.com/project/1242385-%D8%AD%D9%85%D9%84%D8%A9-%D8%A5%D8%B9%D9%84%D8%A7%D9%86%D9%8A%D8%A9-%D9%88%D8%AA%D8%B5%D9%85%D9%8A%D9%85-%D9%81%D9%8A%D8%AF%D9%8A%D9%88-%D8%A5%D8%B9%D9%84%D8%A7%D9%86%D9%8A,100.0,250.0,USD,fixed,التسويق عبر الإنترنت | التسويق الإلكتروني | التسويق عبر مواقع التواصل الاجتماعي | التسويق عبر محركات البحث | إدارة التسويق | جوجل أدسنس | إعلانات جوجل | تصميم إعلان | إنتاج الفيديو | الترجمة | الكتابة الإبداعية | تحرير المحتوى | هندسة البرمجيات | تصميم داخلي | تدقيق SEO,Unknown,2026-05-20 20:28:10,أريد حملة اعلانية عن طريق الواتس اب علي جميع مواقع التواصل فيس انستجرام سناب,Unknown
Mostaqel.com,خبير محترف في Objective-C,https://mostaql.com/project/1242380-%D8%AE%D8%A8%D9%8A%D8%B1-%D9%85%D8%AD%D8%AA%D8%B1%D9%81-%D9%81%D9%8A-objective-c,100.0,250.0,USD,fixed,حل المشكلات | تطوير البرمجيات | برمجة تطبيقات أيفون | برمجة iOS | برمجة | برمجة التطبيقات | تطوير التطبيقات | اختبار تطبيقات الجوال,Unknown,2026-05-20 20:15:52,مرحبا..,Unknown
Mostaqel.com,تصميم وتنفيذ واجهة إدارة,https://mostaql.com/project/1242379-%D8%AA%D8%B5%D9%85%D9%8A%D9%85-%D9%88%D8%AA%D9%86%D9%81%D9%8A%D8%B0-%D9%88%D8%A7%D8%AC%D9%87%D8%A9-%D8%A5%D8%AF%D8%A7%D8%B1%D8%A9,500.0,1000.0,USD,fixed,تطوير البرمجيات | إدارة المواقع | برمجة | برمجة مواقع | PHP | HTML | CSS | لارافيل | هندسة البرمجيات,Unknown,2026-05-20 19:50:15,أنت مطور محترف متخصص في بناء أنظمة الربط بين منصات متعددة، وأرغب في الاستفادة من خبرتك لتصميم وتنفيذ واجهة إدارة (Admin Panel) متطورة بالإضافة إلى إنشاء API فعّال يربط بين تطبيق تجار الجملة والأسواق المحلية.,Unknown
Mostaqel.com,إعادة تصميم كتالوج وبروفايل,https://mostaql.com/project/1242378-%D8%A5%D8%B9%D8%A7%D8%AF%D8%A9-%D8%AA%D8%B5%D9%85%D9%8A%D9%85-%D9%83%D8%AA%D8%A7%D9%84%D9%88%D8%AC-%D9%88%D8%A8%D8%B1%D9%88%D9%81%D8%A7%D9%8A%D9%84,50.0,100.0,USD,fixed,تصميم جرافيك | تصميم بروفايل | فوتوشوب | التصميم الإبداعي | الفكرة التصميمية | تصميم بوسترات,Unknown,2026-05-20 19:47:26,السلام عليكم ورحمة الله تعالى وبركاته.,Unknown
Mostaqel.com,مصمم لتصميم متجر الكتروني,https://mostaql.com/project/1242375-%D9%85%D8%B5%D9%85%D9%85-%D9%84%D8%AA%D8%B5%D9%85%D9%8A%D9%85-%D9%85%D8%AA%D8%AC%D8%B1-%D8%A7%D9%84%D9%83%D8%AA%D8%B1%D9%88%D9%86%D9%8A,25.0,50.0,USD,fixed,فوتوشوب | تصميم جرافيك | التصميم الإبداعي | Adobe Illustrator | تصميم منتجات | تصميم بنرات,Unknown,2026-05-20 19:27:04,لدي متجر الكتروني واحتاج تصميم بانر وعدد ٤ او ٥ من المنتجات تعرض فيها المنتجات وعرض الصفحات بتصميم احترافي ومحتواها,Unknown
Mostaqel.com,إدارة حملات إعلانية مدفوعة - ميزانية ثابتة | Mavrxwear,https://mostaql.com/project/1242374-%D8%A5%D8%AF%D8%A7%D8%B1%D8%A9-%D8%AD%D9%85%D9%84%D8%A7%D8%AA-%D8%A5%D8%B9%D9%84%D8%A7%D9%86%D9%8A%D8%A9-%D9%85%D8%AF%D9%81%D9%88%D8%B9%D8%A9-%D9%85%D9%8A%D8%B2%D8%A7%D9%86%D9%8A%D8%A9-%D8%AB%D8%A7%D8%A8%D8%AA%D8%A9-mavrxwear,250.0,500.0,USD,fixed,التسويق الإلكتروني | التسويق عبر مواقع التواصل الاجتماعي | التسويق عبر الفيس بوك | حملة إعلانية | إنشاء حملة إعلانية | الإعلان | إعلانات جوجل | إعلانات ممولة,Unknown,2026-05-20 19:25:37,بحث عن متخصص لإدارة حملات إعلانية مدفوعة لبراند Mavrxwear، ملابس أطفال بريميوم تعمل في السوق السعودي.,Unknown
Mostaqel.com,مطلوب مسوق لجمع اميلات وعمل حمله علي الاميلات التي تم جمعها بشرط الحصول علي تقرير وصول,https://mostaql.com/project/1242371-%D9%85%D8%B7%D9%84%D9%88%D8%A8-%D9%85%D8%B3%D9%88%D9%82-%D9%84%D8%AC%D9%85%D8%B9-%D8%A7%D9%85%D9%8A%D9%84%D8%A7%D8%AA-%D9%88%D8%B9%D9%85%D9%84-%D8%AD%D9%85%D9%84%D9%87-%D8%B9%D9%84%D9%8A-%D8%A7%D9%84%D8%A7%D9%85%D9%8A%D9%84%D8%A7%D8%AA-%D8%A7%D9%84%D8%AA%D9%8A-%D8%AA%D9%85-%D8%AC%D9%85%D8%B9%D9%87%D8%A7-%D8%A8%D8%B4%D8%B1%D8%B7-%D8%A7%D9%84%D8%AD%D8%B5%D9%88%D9%84-%D8%B9%D9%84%D9%8A-%D8%AA%D9%82%D8%B1%D9%8A%D8%B1-%D9%88%D8%B5%D9%88%D9%84,50.0,100.0,USD,fixed,البحث على الإنترنت | التسويق عبر البريد الإلكتروني | التسويق عبر محركات البحث | تصميم صفحات الهبوط | تحليل البيانات | البحث والتطوير | إدارة التسويق | إدارة المشاريع | إدارة البريد الإلكتروني | التسويق عبر الإنستقرام | التجارة الإلكترونية | التسويق عبر الفيس بوك | التسويق عبر مواقع التواصل الاجتماعي | التسويق الإلكتروني | التسويق عبر الإنترنت,Unknown,2026-05-20 19:24:01,مطلوب مسوق لجمع اميلات وعمل حمله علي الاميلات التي تم جمعها بشرط الحصول علي تقرير وصول الرسائل فقط وليس بيع,Unknown
Mostaqel.com,حقائب وعروض تدريبية احترافية,https://mostaql.com/project/1242370-%D8%AD%D9%82%D8%A7%D8%A6%D8%A8-%D9%88%D8%B9%D8%B1%D9%88%D8%B6-%D8%AA%D8%AF%D8%B1%D9%8A%D8%A8%D9%8A%D8%A9-%D8%A7%D8%AD%D8%AA%D8%B1%D8%A7%D9%81%D9%8A%D8%A9,100.0,250.0,USD,fixed,تصميم جرافيك | التصميم الإبداعي | فوتوشوب | كتابة المحتوى | تصميم الحقائب التدريبية | استشارات الموارد البشرية | تدريب إدارة الأعمال | البحث والتطوير,Unknown,2026-05-20 19:19:54,ابحث عن عروض تقديمية + مذكرات أنشطة + مذكرة مدرب + مذكرة متدرب ..,Unknown
Mostaqel.com,تطوير إدارة لقراءة ال QR code لبرنامج محاسبي,https://mostaql.com/project/1242363-%D8%AA%D8%B7%D9%88%D9%8A%D8%B1-%D8%A5%D8%AF%D8%A7%D8%B1%D8%A9-%D9%84%D9%82%D8%B1%D8%A7%D8%A1%D8%A9-%D8%A7%D9%84-qr-code-%D9%84%D8%A8%D8%B1%D9%86%D8%A7%D9%85%D8%AC-%D9%85%D8%AD%D8%A7%D8%B3%D8%A8%D9%8A,250.0,500.0,USD,fixed,أودو | تطوير الويب | تطوير قاعدة بيانات | تطوير البرمجيات | هندسة البرمجيات,Unknown,2026-05-20 18:50:13,السلام عليكم و رحمة الله و بركاته,Unknown
Mostaqel.com,مدير تنفيذي,https://mostaql.com/project/1242361-%D9%85%D8%AF%D9%8A%D8%B1-%D8%AA%D9%86%D9%81%D9%8A%D8%B0%D9%8A,500.0,1000.0,USD,fixed,خطة عمل | إدارة أعمال | ريادة الأعمال | تطوير الأعمال | تقييم الأعمال | خطة تسويقية | بحث السوق | كتابة التقارير,Unknown,2026-05-20 18:47:21,نحتاج مدير تنفيذي محترف جداً له خبره سابقه في وكالات التسويق وبذات في السعوديه,Unknown
Mostaqel.com,مطور أتمتة الفيديو بالذكاء الصناعي وربط وسائل التواصل الاجتماعي,https://mostaql.com/project/1242330-%D9%85%D8%B7%D9%88%D8%B1-%D8%A3%D8%AA%D9%85%D8%AA%D8%A9-%D8%A7%D9%84%D9%81%D9%8A%D8%AF%D9%8A%D9%88-%D8%A8%D8%A7%D9%84%D8%B0%D9%83%D8%A7%D8%A1-%D8%A7%D9%84%D8%B5%D9%86%D8%A7%D8%B9%D9%8A-%D9%88%D8%B1%D8%A8%D8%B7-%D9%88%D8%B3%D8%A7%D8%A6%D9%84-%D8%A7%D9%84%D8%AA%D9%88%D8%A7%D8%B5%D9%84-%D8%A7%D9%84%D8%A7%D8%AC%D8%AA%D9%85%D8%A7%D8%B9%D9%8A,500.0,1000.0,USD,fixed,تصميم جرافيك | تعديل الصور | إعادة صياغة المحتوى | ووردبريس | التسويق عبر مواقع التواصل الاجتماعي | الذكاء الاصطناعي | الأتمة بالذكاء الاصطناعي | تخصيص نماذج الذكاء الاصطناعي,Unknown,2026-05-20 18:16:33,نبذة عن المشروع:,Unknown
Mostaqel.com,منظم نقاشات وتفاعل في مجال الأفلام والسينما,https://mostaql.com/project/1242332-%D9%85%D9%86%D8%B8%D9%85-%D9%86%D9%82%D8%A7%D8%B4%D8%A7%D8%AA-%D9%88%D8%AA%D9%81%D8%A7%D8%B9%D9%84-%D9%81%D9%8A-%D9%85%D8%AC%D8%A7%D9%84-%D8%A7%D9%84%D8%A3%D9%81%D9%84%D8%A7%D9%85-%D9%88%D8%A7%D9%84%D8%B3%D9%8A%D9%86%D9%85%D8%A7,25.0,50.0,USD,fixed,كتابة قصة قصيرة | كتابة سيناريو | اللغة العربية | الكتابة الإبداعية | البحث على الإنترنت | كتابة المحتوى | كتابة إعلان | الكتابة على الإنترنت | إنتاج الفيديو | التسويق عبر الإنترنت | تحرير المحتوى | البحث والتطوير | التمثيل الصوتي | صوتيات | الإنتاج الصوتي,Unknown,2026-05-20 18:05:06,أتطلع للتعاون مع مستقل لديه اهتمام وشغف لمتابعة كل جديد بمجال الأفلام والمسلسلات، لنقاش أفكار من الأفلام والمسلسلات لتعزيز مناقشات جذابة تفاعلية.,Unknown
Mostaqel.com,مطلوب Media Buyer & Social Media Manager,https://mostaql.com/project/1242329-%D9%85%D8%B7%D9%84%D9%88%D8%A8-media-buyer-social-media-manager,500.0,1000.0,USD,fixed,التسويق عبر مواقع التواصل الاجتماعي | إدارة التسويق | التسويق الإلكتروني | التسويق عبر الإنترنت | إنشاء حملة إعلانية | حملة إعلانية,Unknown,2026-05-20 17:50:24,مطلوب Media Buyer & Social Media Manager محترف لإدارة وتسويق براند منتجات غذائية,Unknown
Mostaqel.com,مونتاج مقطع يوتيوب,https://mostaql.com/project/1242325-%D9%85%D9%88%D9%86%D8%AA%D8%A7%D8%AC-%D9%85%D9%82%D8%B7%D8%B9-%D9%8A%D9%88%D8%AA%D9%8A%D9%88%D8%A8,25.0,50.0,USD,fixed,مونتاج فيديو | إنشاء فيديو يوتيوب | تصميم فيديو | إنتاج الفيديو | أدوبي بريمير,Unknown,2026-05-20 17:31:03,السلام عليكم ورحمة الله وبركاته لدينا مقطع يوتيوب ونريد مونتاجه,Unknown
Mostaqel.com,اطلب دراسة جدوى لمشروع كامل,https://mostaql.com/project/1242323-%D8%A7%D8%B7%D9%84%D8%A8-%D8%AF%D8%B1%D8%A7%D8%B3%D8%A9-%D8%AC%D8%AF%D9%88%D9%89-%D9%84%D9%85%D8%B4%D8%B1%D9%88%D8%B9-%D9%83%D8%A7%D9%85%D9%84,100.0,250.0,USD,fixed,دراسة جدوى | بحث السوق | خطة عمل | تحليل الأعمال | إدارة المشاريع,Unknown,2026-05-20 17:28:19,مطعم اسماك,Unknown
Mostaqel.com,أخصائي أداء وتسويق رقمي للمتجر الإلكتروني (Media Buyer),https://mostaql.com/project/1242324-%D8%A3%D8%AE%D8%B5%D8%A7%D8%A6%D9%8A-%D8%A3%D8%AF%D8%A7%D8%A1-%D9%88%D8%AA%D8%B3%D9%88%D9%8A%D9%82-%D8%B1%D9%82%D9%85%D9%8A-%D9%84%D9%84%D9%85%D8%AA%D8%AC%D8%B1-%D8%A7%D9%84%D8%A5%D9%84%D9%83%D8%AA%D8%B1%D9%88%D9%86%D9%8A-media-buyer,250.0,500.0,USD,fixed,حملة إعلانية | إنشاء حملة إعلانية | التسويق الإلكتروني | إدارة التسويق | التسويق عبر مواقع التواصل الاجتماعي,Unknown,2026-05-20 17:28:07,نبحث عن أخصائي حملات إعلانية محترف لإدارة وتطوير الحملات التسويقية لمتجر إلكتروني متخصص في مجال الإنارة، بهدف زيادة المبيعات وتحقيق أعلى عائد على الإنفاق الإعلاني عبر منصات الإعلان المختلفة.,Unknown
Mostaqel.com,تصميم واجهة فيلا,https://mostaql.com/project/1242317-%D8%AA%D8%B5%D9%85%D9%8A%D9%85-%D9%88%D8%A7%D8%AC%D9%87%D8%A9-%D9%81%D9%8A%D9%84%D8%A7,50.0,100.0,USD,fixed,تصميم ديكور | تصميم نماذج 3D | تصميم منزل | تصميم 3D | الفكرة التصميمية | الهندسة | أوتوكاد | إظهار معماري | مخططات تنفيذية | مخططات فلل | تصميم هندسي | ريفيت | تصميم الواجهات المعمارية | التصميم الإبداعي,Unknown,2026-05-20 17:18:23,تصميم واجهة فيلا مودرن 3D مع ارسال انواع الخامات ومراعاة توفرها مع ارسال ملفات الاوتوكاد والتصميم واقتراح عدة افكار مختلفة بشرط ان تكون المواد غير مكلفة والالوان متناسقه وقابلة للتنفيذ مع السور والحوش والسطح,Unknown
Mostaqel.com,تصميم 10 فيديوهات قصيرة بالذكاء الاصطناعي مع تعليق صوتي,https://mostaql.com/project/1242315-%D8%AA%D8%B5%D9%85%D9%8A%D9%85-10-%D9%81%D9%8A%D8%AF%D9%8A%D9%88%D9%87%D8%A7%D8%AA-%D9%82%D8%B5%D9%8A%D8%B1%D8%A9-%D8%A8%D8%A7%D9%84%D8%B0%D9%83%D8%A7%D8%A1-%D8%A7%D9%84%D8%A7%D8%B5%D8%B7%D9%86%D8%A7%D8%B9%D9%8A-%D9%85%D8%B9-%D8%AA%D8%B9%D9%84%D9%8A%D9%82-%D8%B5%D9%88%D8%AA%D9%8A,50.0,100.0,USD,fixed,تصميم فيديو | إنتاج الفيديو | مونتاج فيديو | التسويق بالفيديو | صناعة فيديو إعلاني | التعليق الصوتي | الذكاء الاصطناعي,Unknown,2026-05-20 16:49:01,السلام عليكم،,Unknown
Mostaqel.com,تصميم وتطوير Landing Page بسيطة واحترافية,https://mostaql.com/project/1242313-%D8%AA%D8%B5%D9%85%D9%8A%D9%85-%D9%88%D8%AA%D8%B7%D9%88%D9%8A%D8%B1-landing-page-%D8%A8%D8%B3%D9%8A%D8%B7%D8%A9-%D9%88%D8%A7%D8%AD%D8%AA%D8%B1%D8%A7%D9%81%D9%8A%D8%A9,25.0,50.0,USD,fixed,برمجة | التصميم الإبداعي | HTML | CSS | جافا سكريبت | تصميم صفحات الهبوط | إنشاء صفحة هبوط,Unknown,2026-05-20 16:46:41,أحتاج تصميم وبرمجة Landing Page بسيطة وأنيقة، متجاوبة مع جميع الأجهزة، مع تنسيق احترافي وسرعة جيدة.,Unknown
Mostaqel.com,إنشاء متجر إلكتروني احترافي على منصة WordPress,https://mostaql.com/project/1242105-%D8%A5%D9%86%D8%B4%D8%A7%D8%A1-%D9%85%D8%AA%D8%AC%D8%B1-%D8%A5%D9%84%D9%83%D8%AA%D8%B1%D9%88%D9%86%D9%8A-%D8%A7%D8%AD%D8%AA%D8%B1%D8%A7%D9%81%D9%8A-%D8%B9%D9%84%D9%89-%D9%85%D9%86%D8%B5%D8%A9-wordpress,50.0,100.0,USD,fixed,تصميم موقع إلكتروني | برمجة مواقع | إنشاء موقع ووردبريس | ووردبريس | CSS | الفكرة التصميمية | إنشاء متجر إلكتروني | تصميم متجر إلكتروني,Unknown,2026-05-20 16:12:51,مطلوب إنشاء متجر إلكتروني احترافي على منصة WordPress متخصص في بيع اشتراكات وخدمات IPTV، مع تطوير متجر متكامل باستخدام WooCommerce وتصميم واجهة عصرية تعكس هوية النشاط التجاري بشكل احترافي وجذاب.,Unknown
Mostaqel.com,متجر شحن ألعاب,https://mostaql.com/project/1242295-%D9%85%D8%AA%D8%AC%D8%B1-%D8%B4%D8%AD%D9%86-%D8%A3%D9%84%D8%B9%D8%A7%D8%A8,500.0,1000.0,USD,fixed,تطوير البرمجيات | برمجة | برمجة مواقع | إنشاء متجر إلكتروني | تصميم متجر إلكتروني | إدارة المتاجر الإلكترونية,Unknown,2026-05-20 16:00:41,مشابه لموقع,Unknown
Mostaqel.com,رسم مخططات على الاوتوكاد,https://mostaql.com/project/1242298-%D8%B1%D8%B3%D9%85-%D9%85%D8%AE%D8%B7%D8%B7%D8%A7%D8%AA-%D8%B9%D9%84%D9%89-%D8%A7%D9%84%D8%A7%D9%88%D8%AA%D9%88%D9%83%D8%A7%D8%AF,100.0,250.0,USD,fixed,هندسة معمارية | تصميم معماري | أوتوكاد | تصميم الواجهات المعمارية | هندسة مدنية,Unknown,2026-05-20 15:59:03,لدي ملف مكون من عدة مطاليب,Unknown
Mostaqel.com,تصميم عرض تقديمي,https://mostaql.com/project/1242292-%D8%AA%D8%B5%D9%85%D9%8A%D9%85-%D8%B9%D8%B1%D8%B6-%D8%AA%D9%82%D8%AF%D9%8A%D9%85%D9%8A,25.0,50.0,USD,fixed,تصميم بروفايل | تصميم عروض تقديمية | تصميم عروض بوربوينت | تصميم انفوجرافيك | تصميم جرافيك | التصميم الإبداعي | فوتوشوب | الفكرة التصميمية,Unknown,2026-05-20 15:51:20,أبحث عن مصمم/ة محترف جداً لإعداد بروفايل شركة (Corporate Profile) بمستوى الشركات الكبرى في قطاع التوريد والإنشاءات.,Unknown
Mostaqel.com,موقع إلكتروني لبيع العسل,https://mostaql.com/project/1242221-%D9%85%D9%88%D9%82%D8%B9-%D8%A5%D9%84%D9%83%D8%AA%D8%B1%D9%88%D9%86%D9%8A-%D9%84%D8%A8%D9%8A%D8%B9-%D8%A7%D9%84%D8%B9%D8%B3%D9%84,50.0,100.0,USD,fixed,تصميم متجر إلكتروني | إنشاء متجر إلكتروني | PHP | CSS | جافا سكريبت | الفكرة التصميمية | تصميم موقع إلكتروني | ووردبريس | مايكروسوفت وورد,Unknown,2026-05-20 15:43:24,عندي كشك عسل و اريد ابني له متجر إلكتروني للطالبات و للتسويق,Unknown
Mostaqel.com,مصمم جرافيك وهوية بصرية وسوشيال ميديا,https://mostaql.com/project/1242276-%D9%85%D8%B5%D9%85%D9%85-%D8%AC%D8%B1%D8%A7%D9%81%D9%8A%D9%83-%D9%88%D9%87%D9%88%D9%8A%D8%A9-%D8%A8%D8%B5%D8%B1%D9%8A%D8%A9-%D9%88%D8%B3%D9%88%D8%B4%D9%8A%D8%A7%D9%84-%D9%85%D9%8A%D8%AF%D9%8A%D8%A7,50.0,100.0,USD,fixed,تصميم شعار | التصميم الإبداعي | تصميم جرافيك | فوتوشوب | تصميم هوية بصرية | تصميمات سوشيال ميديا,Unknown,2026-05-20 15:32:03,المهام والمسؤوليات:,Unknown
Mostaqel.com,إختيار منتج وإدارة صفحة وتسويق,https://mostaql.com/project/1242274-%D8%A5%D8%AE%D8%AA%D9%8A%D8%A7%D8%B1-%D9%85%D9%86%D8%AA%D8%AC-%D9%88%D8%A5%D8%AF%D8%A7%D8%B1%D8%A9-%D8%B5%D9%81%D8%AD%D8%A9-%D9%88%D8%AA%D8%B3%D9%88%D9%8A%D9%82,100.0,250.0,USD,fixed,وصف المنتجات | تطوير المنتجات | إدارة المنتجات | تسويق منتجات | التسويق الإلكتروني | إدارة التسويق | إدارة حسابات التواصل الاجتماعي | إدارة المبيعات,Unknown,2026-05-20 15:31:04,السلام عليكم احتاج مدير الخدمات السوشيال ميديا لبيع منتجات صحة، منزلية، او الكترونية يمكنك الاختيار بعد ان ترى المنتجات وحسب اختصاصك ورؤيتك للمشروع ),Unknown
Mostaqel.com,إضافة نظام حماية وربط أجهزة (HWID/Device Binding) لنظام تسليم أكواد ألعاب,https://mostaql.com/project/1228942-%D8%A5%D8%B6%D8%A7%D9%81%D8%A9-%D9%86%D8%B8%D8%A7%D9%85-%D8%AD%D9%85%D8%A7%D9%8A%D8%A9-%D9%88%D8%B1%D8%A8%D8%B7-%D8%A3%D8%AC%D9%87%D8%B2%D8%A9-hwiddevice-binding-%D9%84%D9%86%D8%B8%D8%A7%D9%85-%D8%AA%D8%B3%D9%84%D9%8A%D9%85-%D8%A3%D9%83%D9%88%D8%A7%D8%AF-%D8%A3%D9%84%D8%B9%D8%A7%D8%A8,50.0,100.0,USD,fixed,برمجة | تطوير البرمجيات | برمجة مواقع | هندسة البرمجيات | أمن وحماية المواقع | Back End,Unknown,2026-05-20 15:18:23,السلام عليكم،,Unknown
Mostaqel.com,مونتاج عقاري,https://mostaql.com/project/1242284-%D9%85%D9%88%D9%86%D8%AA%D8%A7%D8%AC-%D8%B9%D9%82%D8%A7%D8%B1%D9%8A,25.0,50.0,USD,fixed,إنتاج الفيديو | تصميم فيديو | مونتاج فيديو | صناعة فيديو إعلاني | التسويق بالفيديو,Unknown,2026-05-20 14:47:42,السلام عليكم نحتاج شخص متخصص في المونتاج العقاري ويكون سعره معقول لانه بيكونا بيننا شغل بشكل مستمر اذا اعجبنا شغله,Unknown
Mostaqel.com,بناء تطبيق دليل خدمي وتجاري بالخرائط (No-Code أو فلاتر),https://mostaql.com/project/1242283-%D8%A8%D9%86%D8%A7%D8%A1-%D8%AA%D8%B7%D8%A8%D9%8A%D9%82-%D8%AF%D9%84%D9%8A%D9%84-%D8%AE%D8%AF%D9%85%D9%8A-%D9%88%D8%AA%D8%AC%D8%A7%D8%B1%D9%8A-%D8%A8%D8%A7%D9%84%D8%AE%D8%B1%D8%A7%D8%A6%D8%B7-no-code-%D8%A3%D9%88-%D9%81%D9%84%D8%A7%D8%AA%D8%B1,500.0,1000.0,USD,fixed,ووردبريس | برمجة التطبيقات | برمجة مواقع | محسن مواقع الويب من جوجل | خرائط جوجل | برمجة,Unknown,2026-05-20 14:45:57,مرحباً، مطلوب مبرمج أو مطور خبير لبناء تطبيق دليل تجاري وخدمي يعتمد على الخرائط (Directory App) يربط بين مقدمي الخدمات والزبائن في منطقة محددة.,Unknown
Mostaqel.com,مشروع شركة سياحة اونلاين,https://mostaql.com/project/1242280-%D9%85%D8%B4%D8%B1%D9%88%D8%B9-%D8%B4%D8%B1%D9%83%D8%A9-%D8%B3%D9%8A%D8%A7%D8%AD%D8%A9-%D8%A7%D9%88%D9%86%D9%84%D8%A7%D9%8A%D9%86,1000.0,2500.0,USD,fixed,برمجة التطبيقات | تطوير التطبيقات | تطوير الويب | برمجة مواقع | تطوير الويب الكامل | إنشاء تطبيق,Unknown,2026-05-20 14:37:57,مشروع انشاء موقع الالكتروني حجواز والفنادق و سيارات للكل عميل وانشاء تطبيق ذكي اوندورد واي يو اس,Unknown
Mostaqel.com,تصوير فيديو اعلاني باستخدام كاميرا الهاتف,https://mostaql.com/project/1242275-%D8%AA%D8%B5%D9%88%D9%8A%D8%B1-%D9%81%D9%8A%D8%AF%D9%8A%D9%88-%D8%A7%D8%B9%D9%84%D8%A7%D9%86%D9%8A-%D8%A8%D8%A7%D8%B3%D8%AA%D8%AE%D8%AF%D8%A7%D9%85-%D9%83%D8%A7%D9%85%D9%8A%D8%B1%D8%A7-%D8%A7%D9%84%D9%87%D8%A7%D8%AA%D9%81,25.0,50.0,USD,fixed,تصوير الفيديو | إنتاج الفيديو | مونتاج فيديو | تصميم فيديو | صناعة فيديو إعلاني | التسويق بالفيديو,Unknown,2026-05-20 14:36:22,السلام عليكم ورحمة الله وبركاته,Unknown
Mostaqel.com,تصميم واجهات MVP لنظام حجوزات صالونات وعيادات,https://mostaql.com/project/1242278-%D8%AA%D8%B5%D9%85%D9%8A%D9%85-%D9%88%D8%A7%D8%AC%D9%87%D8%A7%D8%AA-mvp-%D9%84%D9%86%D8%B8%D8%A7%D9%85-%D8%AD%D8%AC%D9%88%D8%B2%D8%A7%D8%AA-%D8%B5%D8%A7%D9%84%D9%88%D9%86%D8%A7%D8%AA-%D9%88%D8%B9%D9%8A%D8%A7%D8%AF%D8%A7%D8%AA,50.0,100.0,USD,fixed,تصميم جرافيك | اللغة العربية | التصميم الإبداعي | Figma | تصميم واجهة المستخدم | تصميم UI UX | تصميم داش بورد | SaaS,Unknown,2026-05-20 14:31:20,نبحث عن مصمم UI/UX لتصميم واجهات MVP لنظام حجوزات متعدد المنشآت للصالونات والعيادات.,Unknown
Mostaqel.com,إنتاج مقطع إعلاني إحترافي,https://mostaql.com/project/1242273-%D8%A5%D9%86%D8%AA%D8%A7%D8%AC-%D9%85%D9%82%D8%B7%D8%B9-%D8%A5%D8%B9%D9%84%D8%A7%D9%86%D9%8A-%D8%A5%D8%AD%D8%AA%D8%B1%D8%A7%D9%81%D9%8A,50.0,100.0,USD,fixed,إنتاج الفيديو | مونتاج فيديو | تصميم فيديو | صناعة فيديو إعلاني | التسويق بالفيديو,Unknown,2026-05-20 14:24:29,اريد انشاء مقطع فديو احترافي بنفس الفكرة الموجودة تم رفع الفديو,Unknown
Mostaqel.com,خبير تقني لنقل وتوجيه أعضاء مستهدفين لمجموعة تليجرام,https://mostaql.com/project/1242247-%D8%AE%D8%A8%D9%8A%D8%B1-%D8%AA%D9%82%D9%86%D9%8A-%D9%84%D9%86%D9%82%D9%84-%D9%88%D8%AA%D9%88%D8%AC%D9%8A%D9%87-%D8%A3%D8%B9%D8%B6%D8%A7%D8%A1-%D9%85%D8%B3%D8%AA%D9%87%D8%AF%D9%81%D9%8A%D9%86-%D9%84%D9%85%D8%AC%D9%85%D9%88%D8%B9%D8%A9-%D8%AA%D9%84%D9%8A%D8%AC%D8%B1%D8%A7%D9%85,100.0,250.0,USD,fixed,التسويق الإلكتروني | إدارة التسويق | التسويق عبر مواقع التواصل الاجتماعي | التسويق عبر الإنترنت | التسويق عبر محركات البحث,Unknown,2026-05-20 14:18:06,"أبحث عن مستقل محترف لديه أدوات وتقنيات متخصصة في منصة تليجرام للقيام بمهمة محددة وهي نقل وإضافة أعضاء مستهدفين من مجموعات ذات صلة ومحددة سلفاً إلى مجموعتي الخاصة بالتسوق، والهدف الإجمالي هو الوصول إلى 50,000 عضو نشط ومستهدف.",Unknown
Mostaqel.com,تصميم اعلان ولوقو,https://mostaql.com/project/1242261-%D8%AA%D8%B5%D9%85%D9%8A%D9%85-%D8%A7%D8%B9%D9%84%D8%A7%D9%86-%D9%88%D9%84%D9%88%D9%82%D9%88,100.0,250.0,USD,fixed,الفكرة التصميمية | فوتوشوب | Adobe Illustrator | تصميم إعلان | تصميم بوسترات | التسويق عبر الإنترنت | التسويق الإلكتروني | التسويق عبر مواقع التواصل الاجتماعي | إعلانات جوجل | تصميم جرافيك,Unknown,2026-05-20 13:51:12,السلام عليكم،,Unknown
Mostaqel.com,مختص رفع منصات وربط دومين وإدارة سيرفر (متفرغ),https://mostaql.com/project/1242264-%D9%85%D8%AE%D8%AA%D8%B5-%D8%B1%D9%81%D8%B9-%D9%85%D9%86%D8%B5%D8%A7%D8%AA-%D9%88%D8%B1%D8%A8%D8%B7-%D8%AF%D9%88%D9%85%D9%8A%D9%86-%D9%88%D8%A5%D8%AF%D8%A7%D8%B1%D8%A9-%D8%B3%D9%8A%D8%B1%D9%81%D8%B1-%D9%85%D8%AA%D9%81%D8%B1%D8%BA,100.0,250.0,USD,fixed,برمجة | تطوير البرمجيات | برمجة مواقع | برمجة قواعد البيانات,Unknown,2026-05-20 13:50:02,أبحث عن شخص محترف ومتفرغ للعمل على:,Unknown
Mostaqel.com,مطلوب مصمم جرافيك ابداعي,https://mostaql.com/project/1242259-%D9%85%D8%B7%D9%84%D9%88%D8%A8-%D9%85%D8%B5%D9%85%D9%85-%D8%AC%D8%B1%D8%A7%D9%81%D9%8A%D9%83-%D8%A7%D8%A8%D8%AF%D8%A7%D8%B9%D9%8A,50.0,100.0,USD,fixed,تصميم جرافيك | التصميم الإبداعي | تصميم شعار | تصميم إعلان,Unknown,2026-05-20 13:42:00,المهام الوظيفية:,Unknown
Mostaqel.com,مونتير محترف لإنتاج فيديوهات إعلانية (Reels),https://mostaql.com/project/1242248-%D9%85%D9%88%D9%86%D8%AA%D9%8A%D8%B1-%D9%85%D8%AD%D8%AA%D8%B1%D9%81-%D9%84%D8%A5%D9%86%D8%AA%D8%A7%D8%AC-%D9%81%D9%8A%D8%AF%D9%8A%D9%88%D9%87%D8%A7%D8%AA-%D8%A5%D8%B9%D9%84%D8%A7%D9%86%D9%8A%D8%A9-reels,50.0,100.0,USD,fixed,مونتاج فيديو | تحرير المحتوى | إعلانات فيس بوك | أدوبي بريمير | إنتاج الفيديو | تصميم فيديو,Unknown,2026-05-20 13:40:36,"""نبحث عن مستقل محترف في مجال المونتاج وتصميم الفيديوهات الإعلانية لإنتاج فيديوهات قصيرة (Reels/TikTok) ذات طابع سينمائي.",Unknown
Mostaqel.com,موظف تشغيل تطبيقات التوصيل في السعودية كيتا هنقر جاهز ذا شفز,https://mostaql.com/project/1242249-%D9%85%D9%88%D8%B8%D9%81-%D8%AA%D8%B4%D8%BA%D9%8A%D9%84-%D8%AA%D8%B7%D8%A8%D9%8A%D9%82%D8%A7%D8%AA-%D8%A7%D9%84%D8%AA%D9%88%D8%B5%D9%8A%D9%84-%D9%81%D9%8A-%D8%A7%D9%84%D8%B3%D8%B9%D9%88%D8%AF%D9%8A%D8%A9-%D9%83%D9%8A%D8%AA%D8%A7-%D9%87%D9%86%D9%82%D8%B1-%D8%AC%D8%A7%D9%87%D8%B2-%D8%B0%D8%A7-%D8%B4%D9%81%D8%B2,100.0,250.0,USD,fixed,تحرير المحتوى | كتابة المحتوى | معالجة البيانات | إدخال بيانات,Unknown,2026-05-20 13:39:26,احتاج موظف تشغيل تطبيقات التوصيل في السعودية كيتا هنقر جاهز ذا شفز,Unknown
Mostaqel.com,تصوير فيديوهات ugc لمنتج رقمي,https://mostaql.com/project/1242002-%D8%AA%D8%B5%D9%88%D9%8A%D8%B1-%D9%81%D9%8A%D8%AF%D9%8A%D9%88%D9%87%D8%A7%D8%AA-ugc-%D9%84%D9%85%D9%86%D8%AA%D8%AC-%D8%B1%D9%82%D9%85%D9%8A,50.0,100.0,USD,fixed,مونتاج فيديو | التسويق عبر الإنترنت | إنتاج الفيديو | كتابة المحتوى | تصميم إعلان,Unknown,2026-05-20 13:28:05,السلام عليكم ?,Unknown
Mostaqel.com,مبرمج بايثون لديه خبرة قوية في python-docx وLibreOffice DOCX->PDF,https://mostaql.com/project/1233466-%D9%85%D8%A8%D8%B1%D9%85%D8%AC-%D8%A8%D8%A7%D9%8A%D8%AB%D9%88%D9%86-%D9%84%D8%AF%D9%8A%D9%87-%D8%AE%D8%A8%D8%B1%D8%A9-%D9%82%D9%88%D9%8A%D8%A9-%D9%81%D9%8A-python-docx-%D9%88libreoffice-docx-pdf,50.0,100.0,USD,fixed,برمجة مواقع | بايثون | تطوير البرمجيات | هندسة البرمجيات | برمجة,Unknown,2026-05-20 13:20:24,المشكلة:,Unknown
Mostaqel.com,مطور/مصمم واجهات (UI/UX) لتحسينات سريعة وإضافة صفحة لموقع قائم,https://mostaql.com/project/1242250-%D9%85%D8%B7%D9%88%D8%B1%D9%85%D8%B5%D9%85%D9%85-%D9%88%D8%A7%D8%AC%D9%87%D8%A7%D8%AA-uiux-%D9%84%D8%AA%D8%AD%D8%B3%D9%8A%D9%86%D8%A7%D8%AA-%D8%B3%D8%B1%D9%8A%D8%B9%D8%A9-%D9%88%D8%A5%D8%B6%D8%A7%D9%81%D8%A9-%D8%B5%D9%81%D8%AD%D8%A9-%D9%84%D9%85%D9%88%D9%82%D8%B9-%D9%82%D8%A7%D8%A6%D9%85,25.0,50.0,USD,fixed,تصميم UI UX | تصميم واجهة وتجربة المستخدم | برمجة | تطوير البرمجيات,Unknown,2026-05-20 13:06:57,تفاصيل المشروع:,Unknown
Mostaqel.com,مدير حملات إعلانية Meta Ads لبراند ملابس رياضية,https://mostaql.com/project/1242253-%D9%85%D8%AF%D9%8A%D8%B1-%D8%AD%D9%85%D9%84%D8%A7%D8%AA-%D8%A5%D8%B9%D9%84%D8%A7%D9%86%D9%8A%D8%A9-meta-ads-%D9%84%D8%A8%D8%B1%D8%A7%D9%86%D8%AF-%D9%85%D9%84%D8%A7%D8%A8%D8%B3-%D8%B1%D9%8A%D8%A7%D8%B6%D9%8A%D8%A9,250.0,500.0,USD,fixed,حملة إعلانية | إنشاء حملة إعلانية | إعلانات ممولة | تحليل البيانات,Unknown,2026-05-20 13:04:09,نبحث عن شخص محترف ومتخصص في إدارة إعلانات Meta Ads Manager للعمل على حملة إعلانية خاصة بإطلاق كولكشن جديد لبراند سعودي للملابس رياضية.,Unknown
Mostaqel.com,تصميم هوية,https://mostaql.com/project/1242240-%D8%AA%D8%B5%D9%85%D9%8A%D9%85-%D9%87%D9%88%D9%8A%D8%A9,100.0,250.0,USD,fixed,التصميم الإبداعي | تصميم جرافيك | الفكرة التصميمية | تصميم شعار,Unknown,2026-05-20 12:24:58,احتاج هوية لمنصة اكترونية فيها الحضور والانصراف والامن والسلامة,Unknown
Mostaqel.com,مونتير فيديو احترافي لعمل فيديو جذاب للسوشال ميديا,https://mostaql.com/project/1242237-%D9%85%D9%88%D9%86%D8%AA%D9%8A%D8%B1-%D9%81%D9%8A%D8%AF%D9%8A%D9%88-%D8%A7%D8%AD%D8%AA%D8%B1%D8%A7%D9%81%D9%8A-%D9%84%D8%B9%D9%85%D9%84-%D9%81%D9%8A%D8%AF%D9%8A%D9%88-%D8%AC%D8%B0%D8%A7%D8%A8-%D9%84%D9%84%D8%B3%D9%88%D8%B4%D8%A7%D9%84-%D9%85%D9%8A%D8%AF%D9%8A%D8%A7,25.0,50.0,USD,fixed,إنتاج الفيديو | التصميم الإبداعي | تحرير المحتوى | مونتاج فيديو | تصميم فيديو,Unknown,2026-05-20 12:24:20,السلام عليكم،,Unknown
Mostaqel.com,مصمم جرافيك ومنتج محتوى إبداعي احترافي لمتجر دايزر,https://mostaql.com/project/1242232-%D9%85%D8%B5%D9%85%D9%85-%D8%AC%D8%B1%D8%A7%D9%81%D9%8A%D9%83-%D9%88%D9%85%D9%86%D8%AA%D8%AC-%D9%85%D8%AD%D8%AA%D9%88%D9%89-%D8%A5%D8%A8%D8%AF%D8%A7%D8%B9%D9%8A-%D8%A7%D8%AD%D8%AA%D8%B1%D8%A7%D9%81%D9%8A-%D9%84%D9%85%D8%AA%D8%AC%D8%B1-%D8%AF%D8%A7%D9%8A%D8%B2%D8%B1,250.0,500.0,USD,fixed,Adobe Illustrator | تعديل الصور | تصميم إعلان | التصميم الإبداعي | فوتوشوب | تصميم جرافيك,Unknown,2026-05-20 12:22:35,نبحث عن مصمم جرافيك ومنتج محتوى محترف جدًا للعمل مع علامة دايزر بشكل جاد وطويل المدى، يمتلك خبرة قوية في التصميم والمونتاج وصناعة المحتوى الإبداعي الحديث، ويكون متمكنًا من توظيف أدوات وتقنيات الذكاء الاصطناعي في إنتاج محتوى بصري استثنائي لمنتجات الإنارة.,Unknown
Mostaqel.com,نظام متابعة (Form Tracking System),https://mostaql.com/project/1242231-%D9%86%D8%B8%D8%A7%D9%85-%D9%85%D8%AA%D8%A7%D8%A8%D8%B9%D8%A9-form-tracking-system,25.0,50.0,USD,fixed,مايكروسوفت إكسل | مايكروسوفت أوفيس | إدخال بيانات,Unknown,2026-05-20 12:20:34,مطلوب شخص لديه خبرة في إعداد وتنظيم ملفات Excel لتطوير نظام متابعة (Form Tracking System).,Unknown
Mostaqel.com,إنشاء موقع إلكتروني لمصنع قائم ينتج مواد غذائية,https://mostaql.com/project/1242225-%D8%A5%D9%86%D8%B4%D8%A7%D8%A1-%D9%85%D9%88%D9%82%D8%B9-%D8%A5%D9%84%D9%83%D8%AA%D8%B1%D9%88%D9%86%D9%8A-%D9%84%D9%85%D8%B5%D9%86%D8%B9-%D9%82%D8%A7%D8%A6%D9%85-%D9%8A%D9%86%D8%AA%D8%AC-%D9%85%D9%88%D8%A7%D8%AF-%D8%BA%D8%B0%D8%A7%D8%A6%D9%8A%D8%A9,250.0,500.0,USD,fixed,إنشاء متجر إلكتروني | برمجة مواقع | تطوير البرمجيات | هندسة البرمجيات | بايثون | PHP | جافا سكريبت | CSS | HTML,Unknown,2026-05-20 12:19:49,إنشاء موقع متجر إلكتروني اونلاين مع ربطه بمواقع البحث وكذلك إخراج الموقع بطريقة تجارية بحتة وكذلك التسويق المنتجات ولاحقا ممكن يكون هناك صيانة دورية,Unknown
Mostaqel.com,مهندس برمجيات او مهندس حاسوب,https://mostaql.com/project/1242223-%D9%85%D9%87%D9%86%D8%AF%D8%B3-%D8%A8%D8%B1%D9%85%D8%AC%D9%8A%D8%A7%D8%AA-%D8%A7%D9%88-%D9%85%D9%87%D9%86%D8%AF%D8%B3-%D8%AD%D8%A7%D8%B3%D9%88%D8%A8,100.0,250.0,USD,fixed,الكتابة الإبداعية | هندسة البرمجيات | البحث العلمي | البحث والتطوير | كتابة المحتوى | كتابة مقالات,Unknown,2026-05-20 12:19:26,كتابة أكاديمية باللغة الإنجليزية، ومتمكن من المراجعة العلمية.,Unknown
Mostaqel.com,إنشاء متجر إلكتروني,https://mostaql.com/project/1242193-%D8%A5%D9%86%D8%B4%D8%A7%D8%A1-%D9%85%D8%AA%D8%AC%D8%B1-%D8%A5%D9%84%D9%83%D8%AA%D8%B1%D9%88%D9%86%D9%8A,50.0,100.0,USD,fixed,تصميم إعلان | شوبيفاي | التصميم الإبداعي | إدارة المتاجر الإلكترونية | إنشاء متجر إلكتروني | تصميم متجر إلكتروني,Unknown,2026-05-20 12:17:03,مطلوب متخصص بانشاء المتاجر الالكترونية على منصة شوبافاي او ايزي اوردر,Unknown
Mostaqel.com,خبير ومطور أتمته ردود تلقائية وتحليل بيانات,https://mostaql.com/project/1242099-%D8%AE%D8%A8%D9%8A%D8%B1-%D9%88%D9%85%D8%B7%D9%88%D8%B1-%D8%A3%D8%AA%D9%85%D8%AA%D9%87-%D8%B1%D8%AF%D9%88%D8%AF-%D8%AA%D9%84%D9%82%D8%A7%D8%A6%D9%8A%D8%A9-%D9%88%D8%AA%D8%AD%D9%84%D9%8A%D9%84-%D8%A8%D9%8A%D8%A7%D9%86%D8%A7%D8%AA,500.0,1000.0,USD,fixed,الذكاء الاصطناعي | الأتمة بالذكاء الاصطناعي | برمجة | برمجة مواقع,Unknown,2026-05-20 12:16:29,مطلوب مطور أتمتته الرد على تعليقات منصات التواصل الاجتماعي,Unknown
Mostaqel.com,مساعدة افتراضية,https://mostaql.com/project/1242224-%D9%85%D8%B3%D8%A7%D8%B9%D8%AF%D8%A9-%D8%A7%D9%81%D8%AA%D8%B1%D8%A7%D8%B6%D9%8A%D8%A9,100.0,250.0,USD,fixed,مساعد افتراضي | تنسيق النصوص | إدخال بيانات | معالجة البيانات,Unknown,2026-05-20 12:15:14,احتاج مساعده افتراضيه للعمل معي في اطلاق ميكرو بروجكت,Unknown
Mostaqel.com,مدرسة لغة انجليزية,https://mostaql.com/project/1242215-%D9%85%D8%AF%D8%B1%D8%B3%D8%A9-%D9%84%D8%BA%D8%A9-%D8%A7%D9%86%D8%AC%D9%84%D9%8A%D8%B2%D9%8A%D8%A9,50.0,100.0,USD,fixed,تعلم اللغة العربية | تعلم اللغة الإنجليزية | تدريب عن بعد | تدريس خصوصي,Unknown,2026-05-20 12:14:13,*مطلوب مُدرسة لغة إنجليزية*,Unknown
Mostaqel.com,كتابة سيرة ذاتية,https://mostaql.com/project/1242220-%D9%83%D8%AA%D8%A7%D8%A8%D8%A9-%D8%B3%D9%8A%D8%B1%D8%A9-%D8%B0%D8%A7%D8%AA%D9%8A%D8%A9,25.0,50.0,USD,fixed,كتابة سيرة ذاتية | إنشاء سيرة ذاتية | ترجمة السيرة الذاتية | مايكروسوفت وورد | تحويل PDF | التدقيق اللغوي | تدقيق حسابات,Unknown,2026-05-20 11:14:51,السلام عليكم,Unknown
Mostaqel.com,كاتب أو كاتبةمقالات محترف ومتوافق مع قواعد السيو (SEO) لموقع إلكتروني,https://mostaql.com/project/1242108-%D9%83%D8%A7%D8%AA%D8%A8-%D8%A3%D9%88-%D9%83%D8%A7%D8%AA%D8%A8%D8%A9%D9%85%D9%82%D8%A7%D9%84%D8%A7%D8%AA-%D9%85%D8%AD%D8%AA%D8%B1%D9%81-%D9%88%D9%85%D8%AA%D9%88%D8%A7%D9%81%D9%82-%D9%85%D8%B9-%D9%82%D9%88%D8%A7%D8%B9%D8%AF-%D8%A7%D9%84%D8%B3%D9%8A%D9%88-seo-%D9%84%D9%85%D9%88%D9%82%D8%B9-%D8%A5%D9%84%D9%83%D8%AA%D8%B1%D9%88%D9%86%D9%8A,250.0,500.0,USD,fixed,خطة تسويقية | التسويق الإلكتروني | التسويق عبر البريد الإلكتروني | التسويق عبر محركات البحث | إدارة التسويق | بحث السوق,Unknown,2026-05-20 11:11:52,السلام عليكم ورحمة الله وبركاته،,Unknown
Mostaqel.com,تصميم داخلي فيلا سكنية,https://mostaql.com/project/1242213-%D8%AA%D8%B5%D9%85%D9%8A%D9%85-%D8%AF%D8%A7%D8%AE%D9%84%D9%8A-%D9%81%D9%8A%D9%84%D8%A7-%D8%B3%D9%83%D9%86%D9%8A%D8%A9,500.0,1000.0,USD,fixed,التصميم الإبداعي | تصميم داخلي | مخططات تنفيذية,Unknown,2026-05-20 11:10:00,السلام عليكم،,Unknown
Mostaqel.com,تصميم فيلا سكنية في الكويت,https://mostaql.com/project/1242212-%D8%AA%D8%B5%D9%85%D9%8A%D9%85-%D9%81%D9%8A%D9%84%D8%A7-%D8%B3%D9%83%D9%86%D9%8A%D8%A9-%D9%81%D9%8A-%D8%A7%D9%84%D9%83%D9%88%D9%8A%D8%AA,100.0,250.0,USD,fixed,تصميم معماري | تحويل PDF | أوتوكاد | تصميم 2d | مخططات تنفيذية | مخططات فلل | تصميم مخططات معمارية,Unknown,2026-05-20 11:09:08,مطلوب مهندس تصميم لفيلا سكنية في الكويت,Unknown
Mostaqel.com,تصميم استيكر احترافي لمنتجات عناية,https://mostaql.com/project/1242211-%D8%AA%D8%B5%D9%85%D9%8A%D9%85-%D8%A7%D8%B3%D8%AA%D9%8A%D9%83%D8%B1-%D8%A7%D8%AD%D8%AA%D8%B1%D8%A7%D9%81%D9%8A-%D9%84%D9%85%D9%86%D8%AA%D8%AC%D8%A7%D8%AA-%D8%B9%D9%86%D8%A7%D9%8A%D8%A9,25.0,50.0,USD,fixed,تصميم ملصقات المنتجات | تصميم أغلفة | برمجة مواقع | لارافيل | أدوبي بريمير | تصميم المطبوعات,Unknown,2026-05-20 11:08:42,أبحث عن مصمم محترف لديه خبرة سابقة في تصميم منتجات التجميل والعناية بالبشرة لتصميم استيكر بسيط وأنيق مع تجهيز ملفات الطباعة للعبوات.,Unknown
Mostaqel.com,متخصص Power BI / Dashboards,https://mostaql.com/project/1242209-%D9%85%D8%AA%D8%AE%D8%B5%D8%B5-power-bi-dashboards,50.0,100.0,USD,fixed,Power BI | تصميم داش بورد | إدخال بيانات | معالجة البيانات,Unknown,2026-05-20 11:07:59,نحن شركة SOLVELEX للمحاماة والاستشارات القانونية، نبحث عن مستقل لديه خبرة في تصميم وتطوير الـ Dashboards باستخدام Power BI أو أدوات مشابهة، وذلك للتعاون معنا بشكل مستمر حسب احتياجات العمل.,Unknown
Mostaqel.com,تصميم الهوية الرقمية والبصرية الكاملة لبراند عبايات,https://mostaql.com/project/1242204-%D8%AA%D8%B5%D9%85%D9%8A%D9%85-%D8%A7%D9%84%D9%87%D9%88%D9%8A%D8%A9-%D8%A7%D9%84%D8%B1%D9%82%D9%85%D9%8A%D8%A9-%D9%88%D8%A7%D9%84%D8%A8%D8%B5%D8%B1%D9%8A%D8%A9-%D8%A7%D9%84%D9%83%D8%A7%D9%85%D9%84%D8%A9-%D9%84%D8%A8%D8%B1%D8%A7%D9%86%D8%AF-%D8%B9%D8%A8%D8%A7%D9%8A%D8%A7%D8%AA,50.0,100.0,USD,fixed,تصميم هوية تجارية | تصميم هوية بصرية | فوتوشوب | تصميم جرافيك | التصميم الإبداعي,Unknown,2026-05-20 11:06:53,سلام عليكم ورحمة الله,Unknown
Mostaqel.com,مراجعة ملف إملائياً,https://mostaql.com/project/1242181-%D9%85%D8%B1%D8%A7%D8%AC%D8%B9%D8%A9-%D9%85%D9%84%D9%81-%D8%A5%D9%85%D9%84%D8%A7%D8%A6%D9%8A%D8%A7,25.0,50.0,USD,fixed,تحرير المحتوى | تنسيق النصوص | تصحيح إملائي | التدقيق اللغوي | اللغة العربية,Unknown,2026-05-20 11:05:39,لدي ملفات وورد فيها اخطاء املائية من همزات وتنوين ومسافات وعلامات ترقيم,Unknown
Mostaqel.com,مبرمج لديه خبرة في ربط رقم جوال بـ واتساب الاعمال لإرسال الرسائل الجماعية بشكل آمن ومنظم.,https://mostaql.com/project/1242178-%D9%85%D8%A8%D8%B1%D9%85%D8%AC-%D9%84%D8%AF%D9%8A%D9%87-%D8%AE%D8%A8%D8%B1%D8%A9-%D9%81%D9%8A-%D8%B1%D8%A8%D8%B7-%D8%B1%D9%82%D9%85-%D8%AC%D9%88%D8%A7%D9%84-%D8%A8%D9%80-%D9%88%D8%A7%D8%AA%D8%B3%D8%A7%D8%A8-%D8%A7%D9%84%D8%A7%D8%B9%D9%85%D8%A7%D9%84-%D9%84%D8%A5%D8%B1%D8%B3%D8%A7%D9%84-%D8%A7%D9%84%D8%B1%D8%B3%D8%A7%D8%A6%D9%84-%D8%A7%D9%84%D8%AC%D9%85%D8%A7%D8%B9%D9%8A%D8%A9-%D8%A8%D8%B4%D9%83%D9%84-%D8%A2%D9%85%D9%86-%D9%88%D9%85%D9%86%D8%B8%D9%85,25.0,50.0,USD,fixed,برمجة | تطوير البرمجيات | برمجة مواقع | برمجة قواعد البيانات,Unknown,2026-05-20 11:05:16,السلام عليكم،,Unknown
Mostaqel.com,بوت رد على وتساب و انستقرام رد ai,https://mostaql.com/project/1242150-%D8%A8%D9%88%D8%AA-%D8%B1%D8%AF-%D8%B9%D9%84%D9%89-%D9%88%D8%AA%D8%B3%D8%A7%D8%A8-%D9%88-%D8%A7%D9%86%D8%B3%D8%AA%D9%82%D8%B1%D8%A7%D9%85-%D8%B1%D8%AF-ai,25.0,50.0,USD,fixed,برمجة | تطوير البرمجيات | برمجة مواقع | برمجة قواعد البيانات | برمجة التطبيقات,Unknown,2026-05-20 11:04:46,1- نوع النشاط أو البيزنس؟,Unknown
Mostaqel.com,تخطيط عدد 2 مبنى دور واحد مع تصميم الواجهات 3D,https://mostaql.com/project/1242203-%D8%AA%D8%AE%D8%B7%D9%8A%D8%B7-%D8%B9%D8%AF%D8%AF-2-%D9%85%D8%A8%D9%86%D9%89-%D8%AF%D9%88%D8%B1-%D9%88%D8%A7%D8%AD%D8%AF-%D9%85%D8%B9-%D8%AA%D8%B5%D9%85%D9%8A%D9%85-%D8%A7%D9%84%D9%88%D8%A7%D8%AC%D9%87%D8%A7%D8%AA-3d,100.0,250.0,USD,fixed,تحويل PDF | أوتوكاد | تصميم 2d | مخططات تنفيذية | مخطط التمديدات الكهربائية | مخططات فلل | تصميم مخططات معمارية,Unknown,2026-05-20 10:25:39,نحتاج تصميم عدد ٢ مبنى,Unknown
Mostaqel.com,كتابة الإطار النظري لبحث علمي,https://mostaql.com/project/1242201-%D9%83%D8%AA%D8%A7%D8%A8%D8%A9-%D8%A7%D9%84%D8%A5%D8%B7%D8%A7%D8%B1-%D8%A7%D9%84%D9%86%D8%B8%D8%B1%D9%8A-%D9%84%D8%A8%D8%AD%D8%AB-%D8%B9%D9%84%D9%85%D9%8A,100.0,250.0,USD,fixed,الكتابة الأكاديمية | البحث العلمي | كتابة المحتوى | كتابة مقالات | إعادة صياغة المحتوى,Unknown,2026-05-20 10:18:50,مرحبا,Unknown
Mostaqel.com,تصميم فيلا,https://mostaql.com/project/1242191-%D8%AA%D8%B5%D9%85%D9%8A%D9%85-%D9%81%D9%8A%D9%84%D8%A7,25.0,50.0,USD,fixed,تصميم مخططات معمارية | مخططات فلل | مخطط التمديدات الكهربائية | تصميم 2d | أوتوكاد | تحويل PDF,Unknown,2026-05-20 09:35:12,عندي فيلا قيد الانشاد تم بناء القاعدة وهي فرشة ورفع الاعمدة ابعادها 20*60 وفي عندي طيران 1.6 بالطابق الثاني بدي تصميم انشائي بحيث يكون الطيران امن,Unknown
Mostaqel.com,اضافة التحقق بواسطة نفاذ في erpnext,https://mostaql.com/project/1242190-%D8%A7%D8%B6%D8%A7%D9%81%D8%A9-%D8%A7%D9%84%D8%AA%D8%AD%D9%82%D9%82-%D8%A8%D9%88%D8%A7%D8%B3%D8%B7%D8%A9-%D9%86%D9%81%D8%A7%D8%B0-%D9%81%D9%8A-erpnext,50.0,100.0,USD,fixed,برمجة | تطوير البرمجيات | برمجة مواقع | برمجة قواعد البيانات,Unknown,2026-05-20 09:33:55,اريد اضافة خاصية التحقق عبر نفاذ في ERPnext,Unknown
Mostaqel.com,إعداد غرفة بيانات استثمارية Investor Data Room متكاملة,https://mostaql.com/project/1242188-%D8%A5%D8%B9%D8%AF%D8%A7%D8%AF-%D8%BA%D8%B1%D9%81%D8%A9-%D8%A8%D9%8A%D8%A7%D9%86%D8%A7%D8%AA-%D8%A7%D8%B3%D8%AA%D8%AB%D9%85%D8%A7%D8%B1%D9%8A%D8%A9-investor-data-room-%D9%85%D8%AA%D9%83%D8%A7%D9%85%D9%84%D8%A9,1000.0,2500.0,USD,fixed,لارافيل | كتابة المحتوى | التخطيط الإستراتيجي | البحث والتطوير | محاسبة | ما قبل الطباعة | دراسة جدوى | بحث السوق | استشارات مالية,Unknown,2026-05-20 09:33:28,التكلفة قابلة للتعديل والتسليم مطلوب غدا مساء ١٠ مساء,Unknown
Mostaqel.com,إعداد فيلم عن تقرير سنوي,https://mostaql.com/project/1242183-%D8%A5%D8%B9%D8%AF%D8%A7%D8%AF-%D9%81%D9%8A%D9%84%D9%85-%D8%B9%D9%86-%D8%AA%D9%82%D8%B1%D9%8A%D8%B1-%D8%B3%D9%86%D9%88%D9%8A,50.0,100.0,USD,fixed,تصميم جرافيك | التصميم الإبداعي | تصميم فيديو | مونتاج فيديو,Unknown,2026-05-20 09:27:30,مطلوب شخص لإعداد فلم قصير عن انجازات وبرامج لجمعية خيرية ، على أن يكون له خبرة سابقة في إعداد الأفلام القصيرة,Unknown
Mostaqel.com,تصميم واجهات وموقع عام وحديقة تجارية ترفيهية مع مناظير 3D احترافية لمشروع حديقة الشراع,https://mostaql.com/project/1242182-%D8%AA%D8%B5%D9%85%D9%8A%D9%85-%D9%88%D8%A7%D8%AC%D9%87%D8%A7%D8%AA-%D9%88%D9%85%D9%88%D9%82%D8%B9-%D8%B9%D8%A7%D9%85-%D9%88%D8%AD%D8%AF%D9%8A%D9%82%D8%A9-%D8%AA%D8%AC%D8%A7%D8%B1%D9%8A%D8%A9-%D8%AA%D8%B1%D9%81%D9%8A%D9%87%D9%8A%D8%A9-%D9%85%D8%B9-%D9%85%D9%86%D8%A7%D8%B8%D9%8A%D8%B1-3d-%D8%A7%D8%AD%D8%AA%D8%B1%D8%A7%D9%81%D9%8A%D8%A9-%D9%84%D9%85%D8%B4%D8%B1%D9%88%D8%B9-%D8%AD%D8%AF%D9%8A%D9%82%D8%A9-%D8%A7%D9%84%D8%B4%D8%B1%D8%A7%D8%B9,250.0,500.0,USD,fixed,التصميم الخارجي | الفكرة التصميمية | تصميم معماري | البناء المعماري | تصميم الواجهات المعمارية | هندسة معمارية | إظهار معماري | تصميم 3D | 3ds Max,Unknown,2026-05-20 09:26:11,نرغب في التعاقد مع مصمم معماري محترف لتطوير التصميم الخارجي والواجهات والمناظير ثلاثية الأبعاد لمشروع حديقة الشراع – The Park | Al Shiraa، وهو مشروع حديقة تجارية ترفيهية في مدينة جدة – حي الشراع – أبحر الشمالية، بمساحة موقع تقريبية 3520 م²، ويضم مباني تجارية مخصصة للمطاعم والكافيهات والأنشطة الترفيهية والخدمية.,Unknown
Mostaqel.com,تحسين SEO و زيادة الزيارات العضوية لموقع منتجات عناية بالبشرة على سلة,https://mostaql.com/project/1242176-%D8%AA%D8%AD%D8%B3%D9%8A%D9%86-seo-%D9%88-%D8%B2%D9%8A%D8%A7%D8%AF%D8%A9-%D8%A7%D9%84%D8%B2%D9%8A%D8%A7%D8%B1%D8%A7%D8%AA-%D8%A7%D9%84%D8%B9%D8%B6%D9%88%D9%8A%D8%A9-%D9%84%D9%85%D9%88%D9%82%D8%B9-%D9%85%D9%86%D8%AA%D8%AC%D8%A7%D8%AA-%D8%B9%D9%86%D8%A7%D9%8A%D8%A9-%D8%A8%D8%A7%D9%84%D8%A8%D8%B4%D8%B1%D8%A9-%D8%B9%D9%84%D9%89-%D8%B3%D9%84%D8%A9,100.0,250.0,USD,fixed,تحسين محركات البحث | تدقيق SEO | تحسين السيو الداخلي | بحث الكلمات المفتاحية | كتابة مقالات متوافقة مع السيو | التسويق عبر محركات البحث | التسويق الإلكتروني,Unknown,2026-05-20 09:19:41,مرحبًا،,Unknown
Mostaqel.com,تهيئة برنامج محاسبي لشركة صغيرة,https://mostaql.com/project/1242168-%D8%AA%D9%87%D9%8A%D8%A6%D8%A9-%D8%A8%D8%B1%D9%86%D8%A7%D9%85%D8%AC-%D9%85%D8%AD%D8%A7%D8%B3%D8%A8%D9%8A-%D9%84%D8%B4%D8%B1%D9%83%D8%A9-%D8%B5%D8%BA%D9%8A%D8%B1%D8%A9,25.0,50.0,USD,fixed,تدقيق حسابات | محاسبة | محاسبة الضرائب | محاسبة مالية | محاسبة تكاليف,Unknown,2026-05-20 08:20:47,عندي شركة صغيره احتاج الى ادخال قيودها وضبط عملياتها المحاسبية عدد القيود تقريبا 250 قيد نصفها عمولات البنك يعني فعليا 125 قيد,Unknown
Mostaqel.com,باك إند لمشروع تطبيق جوال بلغة nodejs,https://mostaql.com/project/1242152-%D8%A8%D8%A7%D9%83-%D8%A5%D9%86%D8%AF-%D9%84%D9%85%D8%B4%D8%B1%D9%88%D8%B9-%D8%AA%D8%B7%D8%A8%D9%8A%D9%82-%D8%AC%D9%88%D8%A7%D9%84-%D8%A8%D9%84%D8%BA%D8%A9-nodejs,100.0,250.0,USD,fixed,node.js | MySQL | flutter | هندسة البرمجيات,Unknown,2026-05-20 08:19:59,أهلًا، عندي الفرونت إند جاهزًا في فلتر.,Unknown
Mostaqel.com,ربط ميكروتك بالواتس اب,https://mostaql.com/project/1242156-%D8%B1%D8%A8%D8%B7-%D9%85%D9%8A%D9%83%D8%B1%D9%88%D8%AA%D9%83-%D8%A8%D8%A7%D9%84%D9%88%D8%A7%D8%AA%D8%B3-%D8%A7%D8%A8,25.0,50.0,USD,fixed,برمجة | تطوير البرمجيات | برمجة مواقع | برمجة قواعد البيانات,Unknown,2026-05-20 08:19:32,اريد ربط راوتر بورد ميكروتك 1100*4 فيرجن 6.49.19 مع برنامج الدود لارسال التنبهات الى هاتفي عن طريق التلجرام او الواتس اب لتزويدي بكافة معلومات الشبكة من توقف راوتر او هبوط سرعة او لوب على خط معين,Unknown
Mostaqel.com,انشاء افلام اعلانية لمنتجات المنيوم من الابواب والنوافذ والزجاج,https://mostaql.com/project/1242151-%D8%A7%D9%86%D8%B4%D8%A7%D8%A1-%D8%A7%D9%81%D9%84%D8%A7%D9%85-%D8%A7%D8%B9%D9%84%D8%A7%D9%86%D9%8A%D8%A9-%D9%84%D9%85%D9%86%D8%AA%D8%AC%D8%A7%D8%AA-%D8%A7%D9%84%D9%85%D9%86%D9%8A%D9%88%D9%85-%D9%85%D9%86-%D8%A7%D9%84%D8%A7%D8%A8%D9%88%D8%A7%D8%A8-%D9%88%D8%A7%D9%84%D9%86%D9%88%D8%A7%D9%81%D8%B0-%D9%88%D8%A7%D9%84%D8%B2%D8%AC%D8%A7%D8%AC,100.0,250.0,USD,fixed,إنتاج الفيديو | مونتاج فيديو | تصميم فيديو | التصميم الإبداعي | التسويق الإلكتروني | التسويق عبر مواقع التواصل الاجتماعي,Unknown,2026-05-20 08:14:34,انشاء وتصميم افلام اعلانية لمنتجات المنيوم من الابواب والنوافذ والزجاج (الدربزين-شورات الحمام) علي التك توك والسناب,Unknown
Mostaqel.com,برمجة ويب سايت,https://mostaql.com/project/1242147-%D8%A8%D8%B1%D9%85%D8%AC%D8%A9-%D9%88%D9%8A%D8%A8-%D8%B3%D8%A7%D9%8A%D8%AA,100.0,250.0,USD,fixed,تصميم تجربة المستخدم | تصميم واجهة المستخدم | التصميم الإبداعي | تصميم مواقع | تصميم موقع إلكتروني,Unknown,2026-05-20 08:13:37,محتاجة اعمل ويب سايت لشركة في مجال التصنيع لمحطات معالجة المياه الشرب والصرف الصحي,Unknown
Mostaqel.com,مختص عربي لإعداد دراسات جدوى مبسطة للمشاريع الصغيرة (تعاون مستمر),https://mostaql.com/project/1242146-%D9%85%D8%AE%D8%AA%D8%B5-%D8%B9%D8%B1%D8%A8%D9%8A-%D9%84%D8%A5%D8%B9%D8%AF%D8%A7%D8%AF-%D8%AF%D8%B1%D8%A7%D8%B3%D8%A7%D8%AA-%D8%AC%D8%AF%D9%88%D9%89-%D9%85%D8%A8%D8%B3%D8%B7%D8%A9-%D9%84%D9%84%D9%85%D8%B4%D8%A7%D8%B1%D9%8A%D8%B9-%D8%A7%D9%84%D8%B5%D8%BA%D9%8A%D8%B1%D8%A9-%D8%AA%D8%B9%D8%A7%D9%88%D9%86-%D9%85%D8%B3%D8%AA%D9%85%D8%B1,100.0,250.0,USD,fixed,الإدارة المالية | دراسة جدوى,Unknown,2026-05-20 08:12:15,السلام عليكم،,Unknown
Mostaqel.com,تصميم هوية بصرية كامله ولوحة لمطعم ايطالي,https://mostaql.com/project/1242157-%D8%AA%D8%B5%D9%85%D9%8A%D9%85-%D9%87%D9%88%D9%8A%D8%A9-%D8%A8%D8%B5%D8%B1%D9%8A%D8%A9-%D9%83%D8%A7%D9%85%D9%84%D9%87-%D9%88%D9%84%D9%88%D8%AD%D8%A9-%D9%84%D9%85%D8%B7%D8%B9%D9%85-%D8%A7%D9%8A%D8%B7%D8%A7%D9%84%D9%8A,50.0,100.0,USD,fixed,تصميم جرافيك | التصميم الإبداعي | تصميم شعار | فوتوشوب | الفكرة التصميمية | تصميم 3D | تصميم هوية تجارية | تصميم هوية بصرية,Unknown,2026-05-20 08:03:44,تصميم هوية بصرية كامله لمطعم ايطالي يقدم البيتزا والبرجر والباستا وبعض المقبلات والهوية تكون شامله للشعار واللوحه وايضا العلب والاكياس وكل مايشتمل عليه البراند,Unknown
Mostaqel.com,تصميم مطعم صغير مع سكن للعمال,https://mostaql.com/project/1242154-%D8%AA%D8%B5%D9%85%D9%8A%D9%85-%D9%85%D8%B7%D8%B9%D9%85-%D8%B5%D8%BA%D9%8A%D8%B1-%D9%85%D8%B9-%D8%B3%D9%83%D9%86-%D9%84%D9%84%D8%B9%D9%85%D8%A7%D9%84,100.0,250.0,USD,fixed,تصميم كافيهات | الفكرة التصميمية | التصميم الإبداعي | أوتوكاد | تصميم 3D,Unknown,2026-05-20 08:03:17,تصميم مطعم ايطالي بمساحة 3.75م عرض وعمق 13م يقدم ماكولات برجر وباستا وبيتزا بالفرن مع بعض الاصناف الجانبية ك فرايز وناقت وسلطه وركن للعصائر وطاولة استقبال وجلستين جانبيه وبار بشكل عرضي امام الطاولات ارغب بتوزيع كامل للمساحات والتصاميم وتوزيع الاضاءه والتكييف ويكون مكان تحضير الطعام مفصول بالكامل عن الكاشير ومنطقة العملاء فقط يوجد زجاج بالوسط يوضح للعميل المطعم من الداخل,Unknown
Mostaqel.com,تصميم بنر اعلاني ملصق على شاحنة,https://mostaql.com/project/1242153-%D8%AA%D8%B5%D9%85%D9%8A%D9%85-%D8%A8%D9%86%D8%B1-%D8%A7%D8%B9%D9%84%D8%A7%D9%86%D9%8A-%D9%85%D9%84%D8%B5%D9%82-%D8%B9%D9%84%D9%89-%D8%B4%D8%A7%D8%AD%D9%86%D8%A9,25.0,50.0,USD,fixed,اللغة الإنجليزية | الذكاء الاصطناعي | Adobe Illustrator | فوتوشوب | تصميم هوية بصرية | تصميم هوية تجارية | التصميم الإبداعي,Unknown,2026-05-20 08:02:49,السلام عليكم مطلوب مصمم جرافيك محترف في استخدام الفوتوشوب و لديه خبرة في استخدام ال AI لتنفيذ تصميم لشاحنة ابعادها 3.54 / 2.33 متر,Unknown
Mostaqel.com,تطوير منصة رقمية احترافية لبيع محتوى وخدمات رقمية,https://mostaql.com/project/1242139-%D8%AA%D8%B7%D9%88%D9%8A%D8%B1-%D9%85%D9%86%D8%B5%D8%A9-%D8%B1%D9%82%D9%85%D9%8A%D8%A9-%D8%A7%D8%AD%D8%AA%D8%B1%D8%A7%D9%81%D9%8A%D8%A9-%D9%84%D8%A8%D9%8A%D8%B9-%D9%85%D8%AD%D8%AA%D9%88%D9%89-%D9%88%D8%AE%D8%AF%D9%85%D8%A7%D8%AA-%D8%B1%D9%82%D9%85%D9%8A%D8%A9,1000.0,2500.0,USD,fixed,تصميم موقع إلكتروني | إنشاء موقع إلكتروني | التجارة الإلكترونية | إنشاء متجر إلكتروني | برمجة مواقع | برمجة iOS | برمجة التطبيقات | برمجة تطبيقات أيفون | تطوير البرمجيات | برمجة | هندسة البرمجيات | برمجة أندرويد,Unknown,2026-05-20 07:00:32,وصف المشروع:,Unknown
Mostaqel.com,صانع محتوى تعليمي لإنتاج سلسلة فيديوهات (شرح برنامج),https://mostaql.com/project/1242117-%D8%B5%D8%A7%D9%86%D8%B9-%D9%85%D8%AD%D8%AA%D9%88%D9%89-%D8%AA%D8%B9%D9%84%D9%8A%D9%85%D9%8A-%D9%84%D8%A5%D9%86%D8%AA%D8%A7%D8%AC-%D8%B3%D9%84%D8%B3%D9%84%D8%A9-%D9%81%D9%8A%D8%AF%D9%8A%D9%88%D9%87%D8%A7%D8%AA-%D8%B4%D8%B1%D8%AD-%D8%A8%D8%B1%D9%86%D8%A7%D9%85%D8%AC,100.0,250.0,USD,fixed,اللغة العربية | تصميم جرافيك | التعليق الصوتي | إنتاج الفيديو | مونتاج فيديو | تصميم فيديو,Unknown,2026-05-20 06:59:41,مطلوب صانع محتوى تعليمي لإنتاج سلسلة فيديوهات (شرح برامج كاشير),Unknown
Mostaqel.com,تصميم موقع الكتروني فاخر يضم شرح مفصل عن منتجاتنا,https://mostaql.com/project/1242125-%D8%AA%D8%B5%D9%85%D9%8A%D9%85-%D9%85%D9%88%D9%82%D8%B9-%D8%A7%D9%84%D9%83%D8%AA%D8%B1%D9%88%D9%86%D9%8A-%D9%81%D8%A7%D8%AE%D8%B1-%D9%8A%D8%B6%D9%85-%D8%B4%D8%B1%D8%AD-%D9%85%D9%81%D8%B5%D9%84-%D8%B9%D9%86-%D9%85%D9%86%D8%AA%D8%AC%D8%A7%D8%AA%D9%86%D8%A7,250.0,500.0,USD,fixed,تصميم موقع إلكتروني | تصميم مواقع | التصميم الإبداعي | تصميم واجهة المستخدم | تصميم تجربة المستخدم,Unknown,2026-05-20 06:58:01,تصميم موقع الكتروني فاخر يضم شرح مفصل عن منتجاتنا والبراند. وابحث عن مطور لعمل موقع فخم يحوي انيميشن ورسوم متحركة وصور.,Unknown
Mostaqel.com,هوية تجارية,https://mostaql.com/project/1242115-%D9%87%D9%88%D9%8A%D8%A9-%D8%AA%D8%AC%D8%A7%D8%B1%D9%8A%D8%A9,25.0,50.0,USD,fixed,الفكرة التصميمية | Adobe Illustrator | تصميم بوسترات | تعديل الصور | تصميم إعلان | تصميم شعار | التصميم الإبداعي | تصميم جرافيك | فوتوشوب,Unknown,2026-05-20 06:53:19,إعداد هوية تجارية لمعهد تدريب,Unknown
Mostaqel.com,تعديل وبرمجة موقع فريمر,https://mostaql.com/project/1242112-%D8%AA%D8%B9%D8%AF%D9%8A%D9%84-%D9%88%D8%A8%D8%B1%D9%85%D8%AC%D8%A9-%D9%85%D9%88%D9%82%D8%B9-%D9%81%D8%B1%D9%8A%D9%85%D8%B1,25.0,50.0,USD,fixed,برمجة | تطوير البرمجيات | برمجة مواقع | برمجة قواعد البيانات,Unknown,2026-05-20 06:49:02,فيه موقع فريمر يحتاج تعديلات منها فصل الواجهه العربيه عن الانقليزيه بحيث كل موقع يتعدل محتواه لحاله,Unknown
Mostaqel.com,مطلوب خبير مايكروسوفت وورد لتنسيق مجموعة ملفات وورد,https://mostaql.com/project/1242111-%D9%85%D8%B7%D9%84%D9%88%D8%A8-%D8%AE%D8%A8%D9%8A%D8%B1-%D9%85%D8%A7%D9%8A%D9%83%D8%B1%D9%88%D8%B3%D9%88%D9%81%D8%AA-%D9%88%D9%88%D8%B1%D8%AF-%D9%84%D8%AA%D9%86%D8%B3%D9%8A%D9%82-%D9%85%D8%AC%D9%85%D9%88%D8%B9%D8%A9-%D9%85%D9%84%D9%81%D8%A7%D8%AA-%D9%88%D9%88%D8%B1%D8%AF,25.0,50.0,USD,fixed,مايكروسوفت أوفيس | مايكروسوفت وورد | تنسيق النصوص,Unknown,2026-05-20 06:48:25,أبحث عن خبير/خبيرة في Microsoft Word للمساعدة في تنسيق ملفات وورد بشكل احترافي ومنظم،,Unknown
Mostaqel.com,خبير SEO لتحسين ظهور موقع IPTV في نتائج بحث Google,https://mostaql.com/project/1242102-%D8%AE%D8%A8%D9%8A%D8%B1-seo-%D9%84%D8%AA%D8%AD%D8%B3%D9%8A%D9%86-%D8%B8%D9%87%D9%88%D8%B1-%D9%85%D9%88%D9%82%D8%B9-iptv-%D9%81%D9%8A-%D9%86%D8%AA%D8%A7%D8%A6%D8%AC-%D8%A8%D8%AD%D8%AB-google,100.0,250.0,USD,fixed,تحسين محركات البحث | تدقيق SEO | تحسين السيو الداخلي | بحث الكلمات المفتاحية | كتابة مقالات متوافقة مع السيو | التسويق عبر محركات البحث | التسويق الإلكتروني,Unknown,2026-05-20 06:33:45,أبحث عن خبير SEO محترف ومتخصص في تحسين محركات البحث لموقع IPTV بهدف رفع ترتيب الموقع في نتائج Google وزيادة الزيارات العضوية بشكل احترافي وآمن.,Unknown
Mostaqel.com,تصميم هوية بصرية احترافية لشركة Mena Deal E-Commerce,https://mostaql.com/project/1242109-%D8%AA%D8%B5%D9%85%D9%8A%D9%85-%D9%87%D9%88%D9%8A%D8%A9-%D8%A8%D8%B5%D8%B1%D9%8A%D8%A9-%D8%A7%D8%AD%D8%AA%D8%B1%D8%A7%D9%81%D9%8A%D8%A9-%D9%84%D8%B4%D8%B1%D9%83%D8%A9-mena-deal-e-commerce,100.0,250.0,USD,fixed,التصميم الإبداعي | تصميم هوية تجارية | تصميم هوية بصرية | فوتوشوب | Adobe Illustrator | تصميم شعار | الفكرة التصميمية | تصميم كروت شخصية,Unknown,2026-05-20 06:29:43,أبحث عن مصمم محترف لتصميم هوية بصرية تأسيسية لشركة Mena Deal E-Commerce / مينا ديل للتجارة الإلكترونية.,Unknown
Mostaqel.com,مونتاج مقاطع UGC,https://mostaql.com/project/1242131-%D9%85%D9%88%D9%86%D8%AA%D8%A7%D8%AC-%D9%85%D9%82%D8%A7%D8%B7%D8%B9-ugc,100.0,250.0,USD,fixed,تصميم جرافيك | Adobe Illustrator | مونتاج فيديو | إنتاج الفيديو | تصميم فيديو,Unknown,2026-05-20 06:24:54,مرحبا عندنا براند باسم برنس كافية احتاج فية مقاطع للحملات التسويقة,Unknown
Mostaqel.com,مصمم UI/UX للعمل على مشروع تطبيق مطعم,https://mostaql.com/project/1242132-%D9%85%D8%B5%D9%85%D9%85-uiux-%D9%84%D9%84%D8%B9%D9%85%D9%84-%D8%B9%D9%84%D9%89-%D9%85%D8%B4%D8%B1%D9%88%D8%B9-%D8%AA%D8%B7%D8%A8%D9%8A%D9%82-%D9%85%D8%B7%D8%B9%D9%85,50.0,100.0,USD,fixed,تصميم تجربة المستخدم | adobe xd | تصميم UI UX | التصميم الإبداعي | تصميم واجهة المستخدم,Unknown,2026-05-20 06:24:18,مطلوب مصمم UI/UX للعمل على مشروع تطبيق مطعم,Unknown
Mostaqel.com,تصميم ديكور داخلي لمكاتب مشتركة Coworking space,https://mostaql.com/project/1240135-%D8%AA%D8%B5%D9%85%D9%8A%D9%85-%D8%AF%D9%8A%D9%83%D9%88%D8%B1-%D8%AF%D8%A7%D8%AE%D9%84%D9%8A-%D9%84%D9%85%D9%83%D8%A7%D8%AA%D8%A8-%D9%85%D8%B4%D8%AA%D8%B1%D9%83%D8%A9-coworking-space,500.0,1000.0,USD,fixed,ريفيت | أوتوكاد | تصميم مخططات معمارية | الفكرة التصميمية | تصميم معماري | هندسة معمارية | تصميم ديكور | تصميم داخلي | الهندسة,Unknown,2026-05-20 06:22:31,نبحث عن مصمم ديكور داخلي ذو خبرة عالية لإعادة تصميم وتوثيق مساحة مكاتب مشتركة Coworking space من ثلاثة طوابق بمساحة إجمالية حوالي 700 م². تشمل المساحة: الطابق السفلي (بدروم)، الطابق الأرضي، والطابق الأول.,Unknown
Mostaqel.com,تصميم شعار خاص يكون بهوية كاملة من a to z,https://mostaql.com/project/1242089-%D8%AA%D8%B5%D9%85%D9%8A%D9%85-%D8%B4%D8%B9%D8%A7%D8%B1-%D8%AE%D8%A7%D8%B5-%D9%8A%D9%83%D9%88%D9%86-%D8%A8%D9%87%D9%88%D9%8A%D8%A9-%D9%83%D8%A7%D9%85%D9%84%D8%A9-%D9%85%D9%86-a-to-z,50.0,100.0,USD,fixed,تصميم شعار | التصميم الإبداعي | فوتوشوب | Adobe Illustrator | الفكرة التصميمية | تصميم هوية بصرية | تصميم جرافيك | تصميم إعلان,Unknown,2026-05-19 21:32:08,شعار وهوية كاملة,Unknown
Mostaqel.com,تصميم واجهة فيلا دوبلكس متصل,https://mostaql.com/project/1242088-%D8%AA%D8%B5%D9%85%D9%8A%D9%85-%D9%88%D8%A7%D8%AC%D9%87%D8%A9-%D9%81%D9%8A%D9%84%D8%A7-%D8%AF%D9%88%D8%A8%D9%84%D9%83%D8%B3-%D9%85%D8%AA%D8%B5%D9%84,50.0,100.0,USD,fixed,تصميم الواجهات المعمارية | هندسة معمارية | الهندسة | هندسة مدنية | البناء المعماري | تصميم معماري | الفكرة التصميمية | تصميم مخططات معمارية,Unknown,2026-05-19 21:29:07,لدي مشروع فيلا خاصه حاليا في مرحلة التشطيبات الداخليه,Unknown
Mostaqel.com,مونتاج فيديوهات لليوتيوب,https://mostaql.com/project/1242085-%D9%85%D9%88%D9%86%D8%AA%D8%A7%D8%AC-%D9%81%D9%8A%D8%AF%D9%8A%D9%88%D9%87%D8%A7%D8%AA-%D9%84%D9%84%D9%8A%D9%88%D8%AA%D9%8A%D9%88%D8%A8,50.0,100.0,USD,fixed,صناعة فيديو إعلاني | مونتاج فيديو | إنتاج الفيديو | تصميم فيديو | إنشاء فيديو يوتيوب | التصميم الإبداعي | الفكرة التصميمية | التفكير التصميمي,Unknown,2026-05-19 21:20:07,مونتاج فيدوهات لليوتيوب,Unknown
Mostaqel.com,أخصائي مراجعة ضبط جودة وتحليل نتائج أجهزة الكيمياء المخبرية عن بعد,https://mostaql.com/project/1242084-%D8%A3%D8%AE%D8%B5%D8%A7%D8%A6%D9%8A-%D9%85%D8%B1%D8%A7%D8%AC%D8%B9%D8%A9-%D8%B6%D8%A8%D8%B7-%D8%AC%D9%88%D8%AF%D8%A9-%D9%88%D8%AA%D8%AD%D9%84%D9%8A%D9%84-%D9%86%D8%AA%D8%A7%D8%A6%D8%AC-%D8%A3%D8%AC%D9%87%D8%B2%D8%A9-%D8%A7%D9%84%D9%83%D9%8A%D9%85%D9%8A%D8%A7%D8%A1-%D8%A7%D9%84%D9%85%D8%AE%D8%A8%D8%B1%D9%8A%D8%A9-%D8%B9%D9%86-%D8%A8%D8%B9%D8%AF,500.0,1000.0,USD,fixed,تدريس خصوصي | البحث والتطوير | إدارة المشاريع | خطة عمل | تحليل الأعمال | تقييم الأعمال | إدارة أعمال | تطوير الأعمال,Unknown,2026-05-19 21:04:48,مطلوب أخصائي مراجعة ضبط جودة وتحليل نتائج أجهزة الكيمياء المخبرية (عن بعد) Clinical Chemistry QC Reviewer – Remote Freelance,Unknown
Mostaqel.com,متخصص في تصميم واجهات وتجربة مستخدم UX/UI,https://mostaql.com/project/1242080-%D9%85%D8%AA%D8%AE%D8%B5%D8%B5-%D9%81%D9%8A-%D8%AA%D8%B5%D9%85%D9%8A%D9%85-%D9%88%D8%A7%D8%AC%D9%87%D8%A7%D8%AA-%D9%88%D8%AA%D8%AC%D8%B1%D8%A8%D8%A9-%D9%85%D8%B3%D8%AA%D8%AE%D8%AF%D9%85-uxui,25.0,50.0,USD,fixed,تصميم واجهة وتجربة المستخدم | تدريب عن بعد | تدريس خصوصي | تصميم واجهة المستخدم | تصميم UI UX | تصميم موقع إلكتروني | تطوير الويب | التصميم الإبداعي | الفكرة التصميمية | التفكير التصميمي,Unknown,2026-05-19 20:46:45,أنا مبتدئة في مجال UX و UI وابغى ابدأ أتعلمه من الصفر,Unknown
Mostaqel.com,تصميم Workflow احترافي باستخدام n8n,https://mostaql.com/project/1242071-%D8%AA%D8%B5%D9%85%D9%8A%D9%85-workflow-%D8%A7%D8%AD%D8%AA%D8%B1%D8%A7%D9%81%D9%8A-%D8%A8%D8%A7%D8%B3%D8%AA%D8%AE%D8%AF%D8%A7%D9%85-n8n,100.0,250.0,USD,fixed,n8n | برمجة | الذكاء الاصطناعي | الأتمة بالذكاء الاصطناعي | تخصيص نماذج الذكاء الاصطناعي | الأتمتة | تطوير البرمجيات | هندسة البرمجيات,Unknown,2026-05-19 20:34:10,المطلوب في الـ Workflow:,Unknown
Mostaqel.com,مستقل متخصص في إعلانات قوقل,https://mostaql.com/project/1242072-%D9%85%D8%B3%D8%AA%D9%82%D9%84-%D9%85%D8%AA%D8%AE%D8%B5%D8%B5-%D9%81%D9%8A-%D8%A5%D8%B9%D9%84%D8%A7%D9%86%D8%A7%D8%AA-%D9%82%D9%88%D9%82%D9%84,100.0,250.0,USD,fixed,إعلانات جوجل | التسويق عبر الإنترنت | التسويق الإلكتروني | إدارة التسويق | التسويق عبر الهاتف | خطة تسويقية | التسويق عبر البريد الإلكتروني,Unknown,2026-05-19 20:21:08,السلام عليكم ورحمة الله وبركاتة,Unknown
Mostaqel.com,تفعيل وربط اي بوابة دفع لشركة أمريكية LLC على Shopify,https://mostaql.com/project/1234359-%D8%AA%D9%81%D8%B9%D9%8A%D9%84-%D9%88%D8%B1%D8%A8%D8%B7-%D8%A7%D9%8A-%D8%A8%D9%88%D8%A7%D8%A8%D8%A9-%D8%AF%D9%81%D8%B9-%D9%84%D8%B4%D8%B1%D9%83%D8%A9-%D8%A3%D9%85%D8%B1%D9%8A%D9%83%D9%8A%D8%A9-llc-%D8%B9%D9%84%D9%89-shopify,100.0,250.0,USD,fixed,شوبيفاي | تطوير البرمجيات | هندسة البرمجيات | برمجة | برمجة مواقع,Unknown,2026-05-19 20:15:53,أبحث عن مستقل محترف لديه خبرة عملية في بوابات الدفع الإلكترونية لمساعدتي في اختيار، تفعيل، وربط بوابة دفع مناسبة لشركتي.,Unknown
Mostaqel.com,تصميم هوية وبورتفوليو,https://mostaql.com/project/1242067-%D8%AA%D8%B5%D9%85%D9%8A%D9%85-%D9%87%D9%88%D9%8A%D8%A9-%D9%88%D8%A8%D9%88%D8%B1%D8%AA%D9%81%D9%88%D9%84%D9%8A%D9%88,50.0,100.0,USD,fixed,تصميم جرافيك | تصميم شعار | Adobe Illustrator | التصميم الإبداعي | كتابة المحتوى | تصميم بنرات | تصميم موقع إلكتروني | إدارة المشاريع,Unknown,2026-05-19 19:45:17,موقع الكتروني اقدم فيه لوحاتي واعمالي الفنية وتقديم ورشات فنيه وتصاميم خاصة لدعوات الزفاف,Unknown
Mostaqel.com,خدمة عملاء ومتابعة الحجوزات,https://mostaql.com/project/1242066-%D8%AE%D8%AF%D9%85%D8%A9-%D8%B9%D9%85%D9%84%D8%A7%D8%A1-%D9%88%D9%85%D8%AA%D8%A7%D8%A8%D8%B9%D8%A9-%D8%A7%D9%84%D8%AD%D8%AC%D9%88%D8%B2%D8%A7%D8%AA,100.0,250.0,USD,fixed,خدمة العملاء | الدعم الفني | إدارة علاقات العملاء | خدمة العملاء عبر الهاتف | إدارة المبيعات | دعم مكتب المساعدة | التسويق الإلكتروني | إدارة التسويق | التسويق عبر الهاتف,Unknown,2026-05-19 19:36:00,مستقلة لخدمة العملاء ومتابعة الحجوزات,Unknown
Mostaqel.com,إنشاء مدونة,https://mostaql.com/project/1242058-%D8%A5%D9%86%D8%B4%D8%A7%D8%A1-%D9%85%D8%AF%D9%88%D9%86%D8%A9,50.0,100.0,USD,fixed,الكتابة الإبداعية | بلوجر | الكتابة على الإنترنت | الفكرة التصميمية | تطوير المدونات | جوجل أدسنس | كتابة محتوى تسويقي | إنشاء مدونة | تطوير البرمجيات | هندسة البرمجيات | تصميم موقع إلكتروني | برمجة مواقع | إنشاء موقع إلكتروني | تطوير الويب,Unknown,2026-05-19 19:20:42,ابا حد ينشئ لي مدونة جذابة وقيمه عشان اسوق لها واربطها في قوقل ادسنس واخذ عليها ارباح,Unknown
Mostaqel.com,تطبيق مسابقات ثقافية بنظام النقاط والإحالة والربح من الإعلانات.,https://mostaql.com/project/1226787-%D8%AA%D8%B7%D8%A8%D9%8A%D9%82-%D9%85%D8%B3%D8%A7%D8%A8%D9%82%D8%A7%D8%AA-%D8%AB%D9%82%D8%A7%D9%81%D9%8A%D8%A9-%D8%A8%D9%86%D8%B8%D8%A7%D9%85-%D8%A7%D9%84%D9%86%D9%82%D8%A7%D8%B7-%D9%88%D8%A7%D9%84%D8%A5%D8%AD%D8%A7%D9%84%D8%A9-%D9%88%D8%A7%D9%84%D8%B1%D8%A8%D8%AD-%D9%85%D9%86-%D8%A7%D9%84%D8%A5%D8%B9%D9%84%D8%A7%D9%86%D8%A7%D8%AA,500.0,1000.0,USD,fixed,تطوير البرمجيات | برمجة | واجهة برمجة التطبيقات | برمجة التطبيقات | تطوير التطبيقات,Unknown,2026-05-19 19:08:06,أريد تنفيذ تطبيق أندرويد يعتمد على المسابقات (سؤال وجواب) يتضمن الميزات التالية:,Unknown
Mostaqel.com,تصميم صور لكروت داخل منصة,https://mostaql.com/project/1242059-%D8%AA%D8%B5%D9%85%D9%8A%D9%85-%D8%B5%D9%88%D8%B1-%D9%84%D9%83%D8%B1%D9%88%D8%AA-%D8%AF%D8%A7%D8%AE%D9%84-%D9%85%D9%86%D8%B5%D8%A9,25.0,50.0,USD,fixed,الفكرة التصميمية | Adobe Illustrator | فوتوشوب | التصميم الإبداعي | تصميم شعار | تصميم جرافيك | تصميم إعلان | تصميم بوسترات | تصميم دعوات,Unknown,2026-05-19 19:01:00,أحتاج تصميم صور احترافية لاستخدامها داخل كروت (Cards) في واجهة المنصة.,Unknown
Mostaqel.com,مسؤل عن قنوات تليجرام,https://mostaql.com/project/1242053-%D9%85%D8%B3%D8%A4%D9%84-%D8%B9%D9%86-%D9%82%D9%86%D9%88%D8%A7%D8%AA-%D8%AA%D9%84%D9%8A%D8%AC%D8%B1%D8%A7%D9%85,250.0,500.0,USD,fixed,Adobe Illustrator | الإدارة المالية | اللغة العربية | تصميم شعار | تصميم إعلان | اللغة الإنجليزية | فوتوشوب | تصميم جرافيك | التصميم الإبداعي | التسويق عبر الإنترنت | التسويق الإلكتروني | إدارة التسويق | التسويق عبر الهاتف,Unknown,2026-05-19 18:44:28,السلام عليكم عندي قنوات تليجرام كلها دورات انجلش احتاج مسؤل عنها يصمم وينزل كويزات وملفات لدورة ويرد على زباين ويكون كله مسوؤل عن قنوات العمل قابل لتمديد ولكن المدة حاليا فقط شهر نبي تجربة,Unknown
Mostaqel.com,مصمم محترف لبناء قالب ماستر وحزمة بوستات إطلاق لمتجر إلكتروني,https://mostaql.com/project/1242057-%D9%85%D8%B5%D9%85%D9%85-%D9%85%D8%AD%D8%AA%D8%B1%D9%81-%D9%84%D8%A8%D9%86%D8%A7%D8%A1-%D9%82%D8%A7%D9%84%D8%A8-%D9%85%D8%A7%D8%B3%D8%AA%D8%B1-%D9%88%D8%AD%D8%B2%D9%85%D8%A9-%D8%A8%D9%88%D8%B3%D8%AA%D8%A7%D8%AA-%D8%A5%D8%B7%D9%84%D8%A7%D9%82-%D9%84%D9%85%D8%AA%D8%AC%D8%B1-%D8%A5%D9%84%D9%83%D8%AA%D8%B1%D9%88%D9%86%D9%8A,25.0,50.0,USD,fixed,التصميم الإبداعي | الفكرة التصميمية | فوتوشوب | Adobe Illustrator | تصميم إعلان | التسويق عبر الإنترنت | التسويق الإلكتروني | التسويق عبر مواقع التواصل الاجتماعي | إعلانات جوجل | تصميم بوسترات | تصميم 3D,Unknown,2026-05-19 18:41:19,السلام عليكم ورحمة الله وبركاته،,Unknown
Mostaqel.com,تصميم لوجو وهوية,https://mostaql.com/project/1241692-%D8%AA%D8%B5%D9%85%D9%8A%D9%85-%D9%84%D9%88%D8%AC%D9%88-%D9%88%D9%87%D9%88%D9%8A%D8%A9,50.0,100.0,USD,fixed,كتابة الشعارات | تصميم شعار | التصميم الإبداعي | فوتوشوب | تصميم هوية تجارية | تصميم هوية بصرية | تصميم جرافيك | تصميم إعلان | الفكرة التصميمية,Unknown,2026-05-19 18:29:59,تصميم لوقو وهوية,Unknown
Mostaqel.com,تحويل صور احترافية لمنتجات ملابس,https://mostaql.com/project/1242049-%D8%AA%D8%AD%D9%88%D9%8A%D9%84-%D8%B5%D9%88%D8%B1-%D8%A7%D8%AD%D8%AA%D8%B1%D8%A7%D9%81%D9%8A%D8%A9-%D9%84%D9%85%D9%86%D8%AA%D8%AC%D8%A7%D8%AA-%D9%85%D9%84%D8%A7%D8%A8%D8%B3,50.0,100.0,USD,fixed,تصميم جرافيك | فوتوشوب | التصميم الإبداعي | تصميم شعار | تصميم إعلان | الفكرة التصميمية | تصميم أزياء,Unknown,2026-05-19 18:14:54,السلام عليكم،,Unknown
Mostaqel.com,مجلة إنجليزي 40 صفحة تقريبا,https://mostaql.com/project/1242040-%D9%85%D8%AC%D9%84%D8%A9-%D8%A5%D9%86%D8%AC%D9%84%D9%8A%D8%B2%D9%8A-40-%D8%B5%D9%81%D8%AD%D8%A9-%D8%AA%D9%82%D8%B1%D9%8A%D8%A8%D8%A7,25.0,50.0,USD,fixed,فوتوشوب | تصميم جرافيك | التصميم الإبداعي | تصميم شعار | تصميم إعلان | الفكرة التصميمية | تصميم مجلة | تصميم غلاف كتاب | تصميم كتب | Adobe InDesign,Unknown,2026-05-19 17:14:17,عندي مجلة انجليزي تقريبا 40 صفحه,Unknown
Mostaqel.com,محامين ومستشارين قانونيين للعمل بشركة محاماة,https://mostaql.com/project/1242025-%D9%85%D8%AD%D8%A7%D9%85%D9%8A%D9%86-%D9%88%D9%85%D8%B3%D8%AA%D8%B4%D8%A7%D8%B1%D9%8A%D9%86-%D9%82%D8%A7%D9%86%D9%88%D9%86%D9%8A%D9%8A%D9%86-%D9%84%D9%84%D8%B9%D9%85%D9%84-%D8%A8%D8%B4%D8%B1%D9%83%D8%A9-%D9%85%D8%AD%D8%A7%D9%85%D8%A7%D8%A9,100.0,250.0,USD,fixed,الكتابة على الإنترنت | الكتابة الإبداعية | الكتابة الأكاديمية | الكتابة القانونية | استشارات قانونية | البحوث القانونية | قانون العمل,Unknown,2026-05-19 16:59:44,السلام عليكم ورحمة الله,Unknown
Mostaqel.com,حملات إعلانية على قوقل,https://mostaql.com/project/1237328-%D8%AD%D9%85%D9%84%D8%A7%D8%AA-%D8%A5%D8%B9%D9%84%D8%A7%D9%86%D9%8A%D8%A9-%D8%B9%D9%84%D9%89-%D9%82%D9%88%D9%82%D9%84,25.0,50.0,USD,fixed,إعلانات جوجل | إعلانات ممولة | حملة إعلانية | إنشاء حملة إعلانية | التسويق الإلكتروني,Unknown,2026-05-19 16:27:04,عندي متجر في زد,Unknown
Mostaqel.com,مسوق ومصمم محترف وذو خبرة في أدوات Ai,https://mostaql.com/project/1242023-%D9%85%D8%B3%D9%88%D9%82-%D9%88%D9%85%D8%B5%D9%85%D9%85-%D9%85%D8%AD%D8%AA%D8%B1%D9%81-%D9%88%D8%B0%D9%88-%D8%AE%D8%A8%D8%B1%D8%A9-%D9%81%D9%8A-%D8%A3%D8%AF%D9%88%D8%A7%D8%AA-ai,100.0,250.0,USD,fixed,التسويق عبر الإنترنت | التسويق الإلكتروني | إدارة التسويق | التسويق عبر الهاتف | فوتوشوب | تصميم جرافيك | التصميم الإبداعي | الذكاء الاصطناعي,Unknown,2026-05-19 16:01:53,مطلوب مصمم ومسوق عنده خبره ويعرف يستخدم ادوات ai بشغله + يفضل يكون اشتغل بالسوق السعودي او مع براندات سعودية ويفهم فيه,Unknown
Mostaqel.com,تعديل على موقع ووردبريس,https://mostaql.com/project/1241943-%D8%AA%D8%B9%D8%AF%D9%8A%D9%84-%D8%B9%D9%84%D9%89-%D9%85%D9%88%D9%82%D8%B9-%D9%88%D9%88%D8%B1%D8%AF%D8%A8%D8%B1%D9%8A%D8%B3,50.0,100.0,USD,fixed,HTML | CSS | جافا سكريبت | PHP | بوتستراب | MySQL | تطوير الويب | برمجة مواقع | إدارة المواقع | تطوير البرمجيات | ووردبريس,Unknown,2026-05-19 15:44:03,السلام عليكم,Unknown
